customer_id,tenure_days,merchant_category,preferred_payment_method,historical_success_rate,historical_failure_rate,velocity_24h,time_since_last_success_days
cust_100000,57,SaaS,wallet,0.2375,0.7625,1,16.7
cust_100001,21,E-commerce,UPI,0.1512,0.8488,1,27.31
cust_100002,3,Gaming,wallet,0.311,0.689,1,17.01
cust_100003,25,SaaS,UPI,0.2163,0.7837,0,20.66
cust_100004,42,Gaming,card,0.1994,0.8006,0,18.46
cust_100005,55,Gaming,UPI,0.8258,0.1742,1,7.22
cust_100006,108,Edtech,UPI,0.7018,0.2982,0,1.87
cust_100007,9,E-commerce,netbanking,0.7953,0.2047,2,1.03
cust_100008,139,E-commerce,UPI,0.9138,0.0862,0,6.84
cust_100009,5,SaaS,netbanking,0.1484,0.8516,0,25.86
cust_100010,45,Edtech,card,0.926,0.074,0,2.04
cust_100011,420,Financial Services,card,0.9725,0.0275,2,25.49
cust_100012,12,Financial Services,UPI,0.2466,0.7534,0,18.94
cust_100013,60,Gaming,UPI,0.8013,0.1987,1,3.3
cust_100014,94,E-commerce,UPI,0.7128,0.2872,1,43.34
cust_100015,178,E-commerce,UPI,0.9759,0.0241,0,16.9
cust_100016,148,E-commerce,card,0.8064,0.1936,1,4.44
cust_100017,15,Financial Services,netbanking,0.8022,0.1978,0,4.02
cust_100018,8,Edtech,UPI,0.8876,0.1124,0,13.08
cust_100019,122,SaaS,netbanking,0.7479,0.2521,0,1.27
cust_100020,150,E-commerce,card,0.8062,0.1938,0,14.74
cust_100021,82,Gaming,card,0.7908,0.2092,0,0.26
cust_100022,14,SaaS,UPI,0.709,0.291,0,3.77
cust_100023,86,Edtech,netbanking,0.7185,0.2815,0,5.28
cust_100024,170,Gaming,UPI,0.7881,0.2119,0,3.42
cust_100025,22,Financial Services,netbanking,0.9561,0.0439,1,20.52
cust_100026,196,Financial Services,UPI,0.1698,0.8302,1,31.47
cust_100027,272,Gaming,UPI,0.9092,0.0908,0,2.59
cust_100028,67,Financial Services,netbanking,0.8118,0.1882,1,7.15
cust_100029,65,E-commerce,UPI,0.7387,0.2613,0,4.12
cust_100030,344,Financial Services,UPI,0.1236,0.8764,0,27.14
cust_100031,55,SaaS,wallet,0.7448,0.2552,1,6.88
cust_100032,43,Financial Services,UPI,0.8077,0.1923,0,9.4
cust_100033,84,Gaming,UPI,0.8482,0.1518,0,23.89
cust_100034,33,Gaming,UPI,0.7032,0.2968,0,42.44
cust_100035,34,SaaS,card,0.8504,0.1496,1,13.03
cust_100036,56,Edtech,card,0.7952,0.2048,0,7.67
cust_100037,12,Edtech,netbanking,0.827,0.173,0,2.06
cust_100038,5,Edtech,card,0.9133,0.0867,1,7.18
cust_100039,31,Gaming,card,0.9437,0.0563,0,11.74
cust_100040,59,Edtech,netbanking,0.8421,0.1579,0,4.17
cust_100041,15,E-commerce,netbanking,0.9135,0.0865,1,10.79
cust_100042,204,Gaming,card,0.9583,0.0417,0,2.77
cust_100043,12,SaaS,netbanking,0.8368,0.1632,1,4.14
cust_100044,52,SaaS,card,0.946,0.054,2,10.27
cust_100045,11,Edtech,UPI,0.7674,0.2326,1,0.09
cust_100046,13,Gaming,card,0.724,0.276,0,1.75
cust_100047,96,Financial Services,card,0.9738,0.0262,0,2.54
cust_100048,150,Gaming,UPI,0.7359,0.2641,0,13.72
cust_100049,126,Financial Services,netbanking,0.7462,0.2538,0,8.4
cust_100050,12,Gaming,UPI,0.8185,0.1815,0,2.8
cust_100051,434,E-commerce,UPI,0.9115,0.0885,1,15.84
cust_100052,84,E-commerce,card,0.8117,0.1883,0,2.17
cust_100053,154,Edtech,UPI,0.8449,0.1551,0,10.37
cust_100054,24,SaaS,netbanking,0.7179,0.2821,2,0.16
cust_100055,317,SaaS,UPI,0.7644,0.2356,3,4.86
cust_100056,229,E-commerce,UPI,0.4539,0.5461,0,23.14
cust_100057,331,SaaS,card,0.9535,0.0465,0,1.02
cust_100058,115,Edtech,wallet,0.219,0.781,0,22.3
cust_100059,252,Financial Services,card,0.737,0.263,1,4.45
cust_100060,42,Gaming,netbanking,0.768,0.232,2,7.16
cust_100061,84,Financial Services,card,0.7533,0.2467,0,12.11
cust_100062,191,SaaS,netbanking,0.7992,0.2008,0,4.71
cust_100063,12,Financial Services,card,0.9041,0.0959,0,6.27
cust_100064,94,SaaS,UPI,0.4641,0.5359,0,15.31
cust_100065,5,SaaS,netbanking,0.7533,0.2467,0,1.36
cust_100066,89,Financial Services,card,0.1917,0.8083,0,24.75
cust_100067,11,Financial Services,UPI,0.9585,0.0415,0,7.78
cust_100068,122,Financial Services,card,0.9397,0.0603,1,3.9
cust_100069,191,SaaS,UPI,0.5996,0.4004,0,0.82
cust_100070,4,SaaS,wallet,0.9594,0.0406,1,5.26
cust_100071,23,E-commerce,UPI,0.836,0.164,0,7.97
cust_100072,151,E-commerce,card,0.9527,0.0473,0,30.98
cust_100073,161,E-commerce,card,0.9759,0.0241,0,5.44
cust_100074,35,Edtech,UPI,0.9198,0.0802,1,1.23
cust_100075,6,Edtech,UPI,0.968,0.032,1,6.43
cust_100076,13,Gaming,UPI,0.8363,0.1637,0,1.9
cust_100077,69,E-commerce,UPI,0.9712,0.0288,0,10.08
cust_100078,6,Gaming,UPI,0.7171,0.2829,0,6.99
cust_100079,233,Edtech,card,0.3921,0.6079,0,15.73
cust_100080,124,Gaming,UPI,0.8487,0.1513,0,28.17
cust_100081,103,SaaS,UPI,0.7224,0.2776,0,6.13
cust_100082,95,E-commerce,netbanking,0.134,0.866,0,47.49
cust_100083,283,E-commerce,UPI,0.9636,0.0364,0,1.06
cust_100084,3,Gaming,UPI,0.8665,0.1335,1,3.84
cust_100085,224,Gaming,UPI,0.4287,0.5713,1,16.26
cust_100086,144,Gaming,card,0.9617,0.0383,1,16.27
cust_100087,40,E-commerce,UPI,0.788,0.212,1,46.57
cust_100088,64,Edtech,UPI,0.8881,0.1119,1,26.7
cust_100089,235,Edtech,UPI,0.9601,0.0399,1,1.09
cust_100090,280,SaaS,card,0.4106,0.5894,1,37.59
cust_100091,60,Gaming,UPI,0.7205,0.2795,1,3.85
cust_100092,360,E-commerce,wallet,0.7371,0.2629,0,9.99
cust_100093,72,Edtech,UPI,0.9462,0.0538,0,11.16
cust_100094,168,Edtech,card,0.8227,0.1773,1,6.82
cust_100095,8,Gaming,card,0.8713,0.1287,0,21.87
cust_100096,52,Gaming,UPI,0.5086,0.4914,0,14.33
cust_100097,116,Edtech,UPI,0.729,0.271,0,12.07
cust_100098,10,E-commerce,netbanking,0.9491,0.0509,1,0.89
cust_100099,518,Gaming,UPI,0.7789,0.2211,0,16.76
cust_100100,354,E-commerce,wallet,0.757,0.243,1,0.87
cust_100101,181,Edtech,card,0.7703,0.2297,0,23.68
cust_100102,15,SaaS,UPI,0.3118,0.6882,0,21.32
cust_100103,7,Edtech,UPI,0.2668,0.7332,0,25.48
cust_100104,165,E-commerce,card,0.7733,0.2267,1,3.36
cust_100105,244,Financial Services,UPI,0.8198,0.1802,1,35.03
cust_100106,6,SaaS,netbanking,0.5725,0.4275,0,49.57
cust_100107,10,E-commerce,card,0.9337,0.0663,1,9.93
cust_100108,143,Gaming,UPI,0.8203,0.1797,0,8.78
cust_100109,278,SaaS,UPI,0.9517,0.0483,0,30.04
cust_100110,266,SaaS,UPI,0.7588,0.2412,0,3.25
cust_100111,26,E-commerce,UPI,0.799,0.201,0,8.76
cust_100112,10,Gaming,wallet,0.8138,0.1862,2,3.7
cust_100113,202,Gaming,card,0.9592,0.0408,0,24.18
cust_100114,208,E-commerce,netbanking,0.9733,0.0267,1,5.42
cust_100115,324,E-commerce,netbanking,0.7069,0.2931,0,0.27
cust_100116,57,Edtech,netbanking,0.8153,0.1847,1,9.02
cust_100117,58,E-commerce,wallet,0.9205,0.0795,2,5.36
cust_100118,39,SaaS,UPI,0.7108,0.2892,4,14.65
cust_100119,348,Financial Services,netbanking,0.9286,0.0714,0,5.99
cust_100120,17,Financial Services,wallet,0.9298,0.0702,0,2.6
cust_100121,134,E-commerce,card,0.8848,0.1152,0,1.21
cust_100122,134,Financial Services,card,0.942,0.058,1,19.12
cust_100123,97,Edtech,card,0.8426,0.1574,1,1.44
cust_100124,4,Gaming,card,0.7077,0.2923,0,12.18
cust_100125,29,Edtech,UPI,0.9695,0.0305,0,4.32
cust_100126,107,Edtech,UPI,0.3983,0.6017,0,38.45
cust_100127,52,Edtech,card,0.7878,0.2122,1,9.73
cust_100128,238,Gaming,netbanking,0.7324,0.2676,0,26.12
cust_100129,82,Gaming,UPI,0.7124,0.2876,0,39.14
cust_100130,82,Financial Services,UPI,0.5628,0.4372,0,2.75
cust_100131,10,Gaming,UPI,0.9633,0.0367,0,1.65
cust_100132,18,E-commerce,card,0.7196,0.2804,0,4.24
cust_100133,273,Edtech,UPI,0.8857,0.1143,0,1.89
cust_100134,26,SaaS,UPI,0.7841,0.2159,0,3.27
cust_100135,24,Edtech,UPI,0.7913,0.2087,0,6.18
cust_100136,28,Edtech,UPI,0.7537,0.2463,0,11.72
cust_100137,5,Financial Services,card,0.9528,0.0472,0,0.85
cust_100138,249,Gaming,netbanking,0.8137,0.1863,0,3.24
cust_100139,197,SaaS,card,0.7589,0.2411,0,2.35
cust_100140,56,Gaming,UPI,0.7902,0.2098,0,4.6
cust_100141,75,Financial Services,card,0.7598,0.2402,0,2.91
cust_100142,150,Financial Services,netbanking,0.9688,0.0312,0,7.6
cust_100143,14,E-commerce,UPI,0.7795,0.2205,0,2.78
cust_100144,38,Gaming,UPI,0.9292,0.0708,0,3.89
cust_100145,29,E-commerce,UPI,0.7629,0.2371,0,22.12
cust_100146,109,E-commerce,card,0.1231,0.8769,1,15.91
cust_100147,93,Financial Services,card,0.9152,0.0848,1,1.36
cust_100148,41,Financial Services,UPI,0.8763,0.1237,0,8.46
cust_100149,53,E-commerce,wallet,0.8075,0.1925,0,2.71
cust_100150,13,Financial Services,UPI,0.8837,0.1163,0,1.75
cust_100151,25,SaaS,UPI,0.9409,0.0591,0,22.71
cust_100152,11,SaaS,card,0.7613,0.2387,0,40.39
cust_100153,15,Gaming,UPI,0.8561,0.1439,3,1.87
cust_100154,133,SaaS,netbanking,0.9244,0.0756,0,8.48
cust_100155,40,Gaming,card,0.8667,0.1333,0,3.91
cust_100156,67,Financial Services,card,0.9014,0.0986,0,1.22
cust_100157,114,Gaming,UPI,0.9539,0.0461,0,1.68
cust_100158,79,Financial Services,card,0.9082,0.0918,0,4.1
cust_100159,18,Financial Services,UPI,0.9105,0.0895,1,16.6
cust_100160,36,Edtech,card,0.846,0.154,1,6.38
cust_100161,64,E-commerce,UPI,0.7217,0.2783,3,13.13
cust_100162,335,Edtech,UPI,0.794,0.206,0,13.51
cust_100163,103,Gaming,netbanking,0.1754,0.8246,0,30.86
cust_100164,28,Financial Services,UPI,0.8978,0.1022,0,16.85
cust_100165,132,SaaS,card,0.7926,0.2074,0,20.97
cust_100166,60,Financial Services,netbanking,0.7579,0.2421,0,4.73
cust_100167,75,Financial Services,UPI,0.9155,0.0845,1,2.64
cust_100168,276,SaaS,UPI,0.9144,0.0856,0,23.69
cust_100169,118,Financial Services,UPI,0.964,0.036,1,4.08
cust_100170,18,Edtech,card,0.939,0.061,0,7.62
cust_100171,270,Financial Services,card,0.9057,0.0943,0,3.74
cust_100172,35,Gaming,card,0.8367,0.1633,0,8.44
cust_100173,173,Edtech,netbanking,0.7081,0.2919,0,17.22
cust_100174,15,Edtech,netbanking,0.9235,0.0765,0,5.06
cust_100175,192,E-commerce,UPI,0.9575,0.0425,0,12.81
cust_100176,153,Gaming,card,0.9539,0.0461,1,2.9
cust_100177,51,Gaming,UPI,0.7076,0.2924,1,5.12
cust_100178,75,Financial Services,netbanking,0.3308,0.6692,0,23.82
cust_100179,85,SaaS,card,0.7917,0.2083,0,20.57
cust_100180,323,Financial Services,card,0.9131,0.0869,1,12.28
cust_100181,20,Financial Services,card,0.9663,0.0337,0,5.52
cust_100182,161,Financial Services,netbanking,0.7229,0.2771,1,1.2
cust_100183,503,SaaS,netbanking,0.7146,0.2854,0,25.36
cust_100184,245,Edtech,card,0.7192,0.2808,0,5.09
cust_100185,7,SaaS,UPI,0.9659,0.0341,1,4.06
cust_100186,61,E-commerce,card,0.874,0.126,1,4.26
cust_100187,161,E-commerce,UPI,0.4347,0.5653,0,21.02
cust_100188,19,Gaming,UPI,0.8302,0.1698,0,5.43
cust_100189,296,Edtech,UPI,0.747,0.253,0,10.0
cust_100190,2,Gaming,card,0.9011,0.0989,0,32.46
cust_100191,20,E-commerce,UPI,0.7303,0.2697,0,57.68
cust_100192,84,SaaS,card,0.8612,0.1388,0,13.86
cust_100193,29,Financial Services,netbanking,0.9002,0.0998,0,2.12
cust_100194,5,SaaS,UPI,0.9326,0.0674,0,0.68
cust_100195,180,E-commerce,UPI,0.4862,0.5138,0,20.81
cust_100196,62,Gaming,card,0.9229,0.0771,0,2.01
cust_100197,238,Gaming,netbanking,0.7972,0.2028,0,3.16
cust_100198,124,Financial Services,UPI,0.7193,0.2807,0,1.7
cust_100199,152,Edtech,card,0.31,0.69,0,17.51
cust_100200,32,Financial Services,card,0.5804,0.4196,0,1.1
cust_100201,194,Financial Services,UPI,0.8219,0.1781,0,2.72
cust_100202,13,Gaming,UPI,0.7756,0.2244,1,17.73
cust_100203,61,Gaming,card,0.8302,0.1698,0,3.47
cust_100204,272,Gaming,UPI,0.9385,0.0615,0,2.33
cust_100205,4,SaaS,UPI,0.8262,0.1738,0,5.47
cust_100206,268,Financial Services,netbanking,0.8871,0.1129,0,3.0
cust_100207,58,Edtech,card,0.5255,0.4745,0,9.79
cust_100208,64,E-commerce,card,0.7994,0.2006,0,3.49
cust_100209,356,Edtech,card,0.9465,0.0535,0,20.29
cust_100210,81,Edtech,netbanking,0.8447,0.1553,1,0.23
cust_100211,38,E-commerce,card,0.46,0.54,0,17.98
cust_100212,19,Financial Services,netbanking,0.7673,0.2327,1,1.88
cust_100213,39,Financial Services,UPI,0.8374,0.1626,1,8.59
cust_100214,39,SaaS,card,0.2108,0.7892,0,32.7
cust_100215,28,E-commerce,UPI,0.8628,0.1372,0,23.03
cust_100216,249,Financial Services,card,0.7963,0.2037,0,10.94
cust_100217,24,Gaming,netbanking,0.8968,0.1032,0,4.83
cust_100218,88,Edtech,UPI,0.7646,0.2354,0,13.4
cust_100219,11,E-commerce,card,0.908,0.092,0,4.93
cust_100220,41,E-commerce,UPI,0.9068,0.0932,1,8.36
cust_100221,78,Edtech,card,0.9734,0.0266,2,0.32
cust_100222,37,Gaming,card,0.9745,0.0255,0,6.86
cust_100223,110,E-commerce,UPI,0.801,0.199,1,0.78
cust_100224,157,Edtech,UPI,0.3671,0.6329,1,17.83
cust_100225,206,Edtech,card,0.1273,0.8727,1,23.92
cust_100226,54,Edtech,UPI,0.7354,0.2646,1,30.0
cust_100227,71,Financial Services,UPI,0.1061,0.8939,0,35.63
cust_100228,159,Edtech,netbanking,0.8233,0.1767,0,11.79
cust_100229,228,E-commerce,UPI,0.7707,0.2293,0,2.5
cust_100230,528,Financial Services,netbanking,0.1327,0.8673,0,27.23
cust_100231,312,Financial Services,UPI,0.4147,0.5853,0,39.71
cust_100232,5,SaaS,card,0.9271,0.0729,0,25.82
cust_100233,426,Edtech,netbanking,0.2241,0.7759,0,34.81
cust_100234,224,Gaming,UPI,0.8698,0.1302,1,9.07
cust_100235,32,Gaming,UPI,0.8463,0.1537,0,11.92
cust_100236,50,Financial Services,card,0.7833,0.2167,0,3.79
cust_100237,94,Gaming,card,0.7855,0.2145,0,9.83
cust_100238,261,Gaming,card,0.5801,0.4199,0,0.25
cust_100239,245,SaaS,UPI,0.7582,0.2418,1,27.98
cust_100240,193,E-commerce,wallet,0.7227,0.2773,0,14.58
cust_100241,62,E-commerce,UPI,0.721,0.279,0,20.69
cust_100242,497,SaaS,card,0.893,0.107,0,5.47
cust_100243,161,Financial Services,UPI,0.7648,0.2352,0,4.38
cust_100244,41,Edtech,UPI,0.8271,0.1729,0,0.43
cust_100245,3,E-commerce,wallet,0.9206,0.0794,0,4.85
cust_100246,137,Gaming,UPI,0.9614,0.0386,2,5.41
cust_100247,254,Financial Services,netbanking,0.2124,0.7876,0,24.5
cust_100248,22,E-commerce,wallet,0.9315,0.0685,0,28.6
cust_100249,126,SaaS,card,0.4963,0.5037,0,17.62
cust_100250,24,Gaming,UPI,0.8594,0.1406,0,15.12
cust_100251,52,Edtech,UPI,0.8312,0.1688,4,5.05
cust_100252,171,Edtech,card,0.9639,0.0361,0,16.92
cust_100253,31,Gaming,UPI,0.8226,0.1774,0,8.99
cust_100254,105,Gaming,UPI,0.316,0.684,1,16.39
cust_100255,264,Edtech,wallet,0.7072,0.2928,2,8.0
cust_100256,11,E-commerce,UPI,0.9341,0.0659,0,3.01
cust_100257,155,Gaming,UPI,0.7058,0.2942,0,2.49
cust_100258,138,Edtech,UPI,0.9137,0.0863,1,6.55
cust_100259,108,E-commerce,netbanking,0.8824,0.1176,0,11.33
cust_100260,101,Edtech,UPI,0.8639,0.1361,2,19.01
cust_100261,243,Financial Services,card,0.8316,0.1684,1,11.4
cust_100262,116,Financial Services,card,0.8876,0.1124,0,21.28
cust_100263,247,E-commerce,UPI,0.8942,0.1058,1,4.08
cust_100264,164,Edtech,UPI,0.8121,0.1879,2,0.06
cust_100265,41,Gaming,card,0.144,0.856,1,18.01
cust_100266,121,Edtech,card,0.9717,0.0283,1,14.31
cust_100267,94,Financial Services,wallet,0.931,0.069,0,10.01
cust_100268,323,SaaS,UPI,0.8519,0.1481,1,0.7
cust_100269,43,Financial Services,card,0.3592,0.6408,0,23.73
cust_100270,51,Gaming,card,0.8751,0.1249,0,20.52
cust_100271,436,SaaS,wallet,0.8538,0.1462,1,14.2
cust_100272,3,Edtech,UPI,0.8955,0.1045,0,6.71
cust_100273,177,SaaS,card,0.415,0.585,0,18.2
cust_100274,703,E-commerce,UPI,0.787,0.213,0,1.79
cust_100275,191,SaaS,card,0.7261,0.2739,0,0.86
cust_100276,137,SaaS,card,0.7329,0.2671,0,30.13
cust_100277,20,E-commerce,UPI,0.9006,0.0994,1,10.18
cust_100278,61,Gaming,UPI,0.8163,0.1837,1,22.45
cust_100279,32,Financial Services,UPI,0.7682,0.2318,0,10.55
cust_100280,56,Gaming,netbanking,0.1953,0.8047,0,49.48
cust_100281,25,Gaming,netbanking,0.9462,0.0538,1,18.63
cust_100282,172,SaaS,card,0.9212,0.0788,0,0.33
cust_100283,305,Financial Services,card,0.9206,0.0794,1,1.25
cust_100284,17,Edtech,card,0.7792,0.2208,0,2.24
cust_100285,82,Edtech,UPI,0.8624,0.1376,0,3.13
cust_100286,192,Financial Services,UPI,0.825,0.175,0,0.12
cust_100287,10,Financial Services,UPI,0.8545,0.1455,0,9.16
cust_100288,42,Gaming,card,0.9612,0.0388,2,6.55
cust_100289,14,E-commerce,UPI,0.7669,0.2331,1,6.91
cust_100290,116,Financial Services,card,0.9172,0.0828,0,0.1
cust_100291,48,SaaS,card,0.8324,0.1676,0,4.32
cust_100292,5,Financial Services,UPI,0.8858,0.1142,0,1.42
cust_100293,101,E-commerce,card,0.7104,0.2896,1,1.83
cust_100294,14,Gaming,card,0.793,0.207,1,27.52
cust_100295,7,SaaS,card,0.8233,0.1767,1,12.52
cust_100296,195,Gaming,UPI,0.7043,0.2957,1,22.52
cust_100297,96,E-commerce,netbanking,0.8833,0.1167,0,10.32
cust_100298,90,E-commerce,card,0.4908,0.5092,0,15.62
cust_100299,35,Edtech,UPI,0.894,0.106,1,37.24
cust_100300,50,SaaS,UPI,0.9387,0.0613,1,6.9
cust_100301,98,Gaming,card,0.7887,0.2113,0,56.09
cust_100302,442,Financial Services,card,0.7101,0.2899,0,11.4
cust_100303,9,SaaS,UPI,0.8916,0.1084,0,6.21
cust_100304,244,Edtech,card,0.9091,0.0909,1,4.25
cust_100305,56,Financial Services,wallet,0.9129,0.0871,0,20.18
cust_100306,104,SaaS,UPI,0.8943,0.1057,1,20.67
cust_100307,278,SaaS,UPI,0.4981,0.5019,0,23.97
cust_100308,293,Edtech,UPI,0.8206,0.1794,0,9.98
cust_100309,159,E-commerce,UPI,0.8585,0.1415,1,1.98
cust_100310,33,E-commerce,wallet,0.7221,0.2779,0,19.27
cust_100311,82,Financial Services,UPI,0.7674,0.2326,1,7.23
cust_100312,54,Gaming,card,0.3306,0.6694,0,19.96
cust_100313,419,Edtech,UPI,0.8867,0.1133,0,3.93
cust_100314,179,Financial Services,UPI,0.8897,0.1103,1,2.69
cust_100315,10,E-commerce,UPI,0.5726,0.4274,0,4.11
cust_100316,212,Gaming,UPI,0.9694,0.0306,0,9.6
cust_100317,148,Edtech,UPI,0.7846,0.2154,0,0.37
cust_100318,160,Financial Services,card,0.7299,0.2701,0,18.59
cust_100319,197,Financial Services,card,0.8609,0.1391,1,1.19
cust_100320,38,Edtech,UPI,0.515,0.485,0,27.58
cust_100321,5,Financial Services,UPI,0.8585,0.1415,0,27.16
cust_100322,46,SaaS,card,0.9086,0.0914,0,1.61
cust_100323,518,Edtech,wallet,0.7644,0.2356,0,30.33
cust_100324,123,Edtech,netbanking,0.7532,0.2468,0,7.25
cust_100325,81,Edtech,card,0.9019,0.0981,0,0.3
cust_100326,45,E-commerce,card,0.953,0.047,0,11.19
cust_100327,421,SaaS,UPI,0.8234,0.1766,1,20.26
cust_100328,24,Gaming,card,0.7368,0.2632,2,6.88
cust_100329,116,Edtech,netbanking,0.8163,0.1837,0,0.31
cust_100330,321,E-commerce,card,0.3697,0.6303,1,25.76
cust_100331,61,Edtech,card,0.9558,0.0442,0,10.72
cust_100332,894,E-commerce,UPI,0.9309,0.0691,1,20.46
cust_100333,184,Financial Services,card,0.7826,0.2174,1,5.18
cust_100334,48,Edtech,card,0.8311,0.1689,1,15.99
cust_100335,69,SaaS,netbanking,0.5833,0.4167,0,7.86
cust_100336,1,Financial Services,UPI,0.9253,0.0747,0,5.04
cust_100337,143,Edtech,UPI,0.2973,0.7027,0,17.71
cust_100338,57,Edtech,UPI,0.8273,0.1727,0,9.25
cust_100339,133,Edtech,card,0.9303,0.0697,0,4.78
cust_100340,239,Edtech,card,0.2169,0.7831,0,15.26
cust_100341,51,SaaS,UPI,0.9641,0.0359,0,8.68
cust_100342,92,Edtech,card,0.762,0.238,1,12.66
cust_100343,374,SaaS,UPI,0.83,0.17,0,0.08
cust_100344,126,Edtech,netbanking,0.7327,0.2673,0,26.18
cust_100345,8,SaaS,netbanking,0.7852,0.2148,0,1.07
cust_100346,80,Financial Services,UPI,0.2174,0.7826,0,18.67
cust_100347,195,Gaming,card,0.3268,0.6732,0,24.42
cust_100348,152,Gaming,UPI,0.9078,0.0922,0,1.3
cust_100349,24,E-commerce,card,0.8834,0.1166,0,7.45
cust_100350,149,Financial Services,UPI,0.9629,0.0371,0,2.96
cust_100351,396,Edtech,UPI,0.2853,0.7147,1,15.44
cust_100352,121,Financial Services,wallet,0.7661,0.2339,0,17.1
cust_100353,259,Edtech,UPI,0.4428,0.5572,0,24.44
cust_100354,64,Gaming,netbanking,0.8806,0.1194,1,2.7
cust_100355,182,SaaS,UPI,0.7531,0.2469,1,11.01
cust_100356,13,SaaS,card,0.9308,0.0692,0,8.83
cust_100357,23,SaaS,card,0.8797,0.1203,1,1.01
cust_100358,3,Gaming,card,0.7142,0.2858,0,7.91
cust_100359,32,Edtech,UPI,0.7353,0.2647,0,6.87
cust_100360,529,Gaming,UPI,0.9323,0.0677,1,5.59
cust_100361,152,Gaming,card,0.7605,0.2395,1,1.1
cust_100362,155,E-commerce,card,0.7413,0.2587,0,0.83
cust_100363,11,Gaming,netbanking,0.5292,0.4708,0,3.91
cust_100364,31,E-commerce,UPI,0.8513,0.1487,0,7.32
cust_100365,9,E-commerce,netbanking,0.5332,0.4668,0,7.77
cust_100366,255,E-commerce,card,0.495,0.505,0,18.92
cust_100367,49,E-commerce,card,0.7044,0.2956,1,8.16
cust_100368,158,Edtech,UPI,0.4709,0.5291,0,23.26
cust_100369,380,Gaming,UPI,0.1318,0.8682,1,22.67
cust_100370,13,Financial Services,UPI,0.8437,0.1563,1,10.93
cust_100371,191,SaaS,netbanking,0.762,0.238,0,5.1
cust_100372,20,Gaming,wallet,0.4916,0.5084,1,33.45
cust_100373,89,Gaming,card,0.8801,0.1199,0,14.08
cust_100374,17,SaaS,netbanking,0.3395,0.6605,1,15.37
cust_100375,44,Financial Services,UPI,0.7302,0.2698,0,0.92
cust_100376,332,Financial Services,card,0.1404,0.8596,0,20.06
cust_100377,72,Gaming,card,0.1631,0.8369,0,40.18
cust_100378,83,Gaming,wallet,0.8535,0.1465,1,26.68
cust_100379,15,Edtech,netbanking,0.8673,0.1327,0,21.04
cust_100380,244,Edtech,netbanking,0.8695,0.1305,1,0.84
cust_100381,62,SaaS,UPI,0.732,0.268,1,37.14
cust_100382,123,Gaming,netbanking,0.7602,0.2398,0,19.81
cust_100383,308,Financial Services,UPI,0.8159,0.1841,0,14.47
cust_100384,24,Financial Services,card,0.9043,0.0957,0,1.58
cust_100385,55,Edtech,UPI,0.8862,0.1138,0,1.45
cust_100386,396,Edtech,card,0.8923,0.1077,1,3.74
cust_100387,85,Financial Services,UPI,0.5159,0.4841,0,10.24
cust_100388,30,SaaS,card,0.9085,0.0915,0,1.65
cust_100389,8,Edtech,card,0.8558,0.1442,0,0.6
cust_100390,633,Gaming,UPI,0.8573,0.1427,2,1.53
cust_100391,16,SaaS,UPI,0.9446,0.0554,0,11.78
cust_100392,8,Financial Services,card,0.9019,0.0981,2,3.66
cust_100393,118,Edtech,card,0.7985,0.2015,0,1.4
cust_100394,262,Gaming,UPI,0.7433,0.2567,0,4.58
cust_100395,65,Financial Services,netbanking,0.7303,0.2697,1,0.11
cust_100396,65,Gaming,UPI,0.9135,0.0865,0,3.01
cust_100397,172,Gaming,UPI,0.8202,0.1798,0,2.42
cust_100398,2,Gaming,UPI,0.9292,0.0708,3,1.16
cust_100399,96,Gaming,UPI,0.8559,0.1441,1,6.7
cust_100400,20,Gaming,UPI,0.9322,0.0678,1,4.71
cust_100401,61,Edtech,UPI,0.2366,0.7634,2,30.46
cust_100402,46,Edtech,card,0.7983,0.2017,0,2.94
cust_100403,221,E-commerce,UPI,0.8586,0.1414,1,10.14
cust_100404,130,Financial Services,netbanking,0.4705,0.5295,0,24.52
cust_100405,9,SaaS,card,0.3652,0.6348,0,28.37
cust_100406,87,Financial Services,card,0.7955,0.2045,0,0.89
cust_100407,152,Edtech,UPI,0.7908,0.2092,0,0.12
cust_100408,377,Gaming,card,0.9473,0.0527,0,3.52
cust_100409,52,E-commerce,card,0.873,0.127,0,2.05
cust_100410,23,SaaS,UPI,0.8853,0.1147,0,14.46
cust_100411,37,Financial Services,UPI,0.816,0.184,0,34.38
cust_100412,43,E-commerce,card,0.7319,0.2681,0,4.81
cust_100413,28,Financial Services,UPI,0.4391,0.5609,0,29.9
cust_100414,124,Gaming,card,0.8868,0.1132,0,34.57
cust_100415,193,SaaS,UPI,0.9756,0.0244,1,8.73
cust_100416,166,SaaS,netbanking,0.2507,0.7493,0,16.37
cust_100417,50,E-commerce,netbanking,0.914,0.086,0,4.65
cust_100418,68,Edtech,UPI,0.7022,0.2978,0,28.66
cust_100419,34,Financial Services,UPI,0.8065,0.1935,0,21.8
cust_100420,125,E-commerce,UPI,0.9333,0.0667,2,25.12
cust_100421,35,Edtech,card,0.5309,0.4691,0,18.45
cust_100422,157,SaaS,card,0.8287,0.1713,0,1.95
cust_100423,95,SaaS,wallet,0.8612,0.1388,1,1.8
cust_100424,17,Gaming,card,0.8792,0.1208,1,7.05
cust_100425,221,Edtech,card,0.1104,0.8896,0,23.92
cust_100426,86,Edtech,UPI,0.9653,0.0347,0,11.68
cust_100427,248,Financial Services,card,0.9575,0.0425,1,6.19
cust_100428,2,SaaS,UPI,0.7296,0.2704,2,5.13
cust_100429,194,Financial Services,UPI,0.8467,0.1533,0,13.21
cust_100430,115,Financial Services,UPI,0.9088,0.0912,0,15.32
cust_100431,97,E-commerce,UPI,0.7471,0.2529,1,13.69
cust_100432,28,Gaming,wallet,0.8486,0.1514,0,3.96
cust_100433,20,E-commerce,UPI,0.7978,0.2022,2,5.95
cust_100434,154,E-commerce,netbanking,0.741,0.259,0,4.97
cust_100435,64,E-commerce,card,0.7428,0.2572,0,9.67
cust_100436,53,SaaS,card,0.9164,0.0836,0,8.87
cust_100437,79,Financial Services,card,0.8578,0.1422,0,8.67
cust_100438,99,Gaming,card,0.9588,0.0412,0,11.28
cust_100439,197,Gaming,UPI,0.9762,0.0238,1,0.8
cust_100440,8,Edtech,UPI,0.8756,0.1244,1,15.54
cust_100441,88,E-commerce,UPI,0.8313,0.1687,0,3.98
cust_100442,69,Edtech,UPI,0.8656,0.1344,0,9.12
cust_100443,160,Edtech,wallet,0.7869,0.2131,1,5.47
cust_100444,122,Financial Services,card,0.2844,0.7156,0,20.27
cust_100445,220,Edtech,UPI,0.5321,0.4679,0,8.86
cust_100446,25,SaaS,UPI,0.842,0.158,0,0.27
cust_100447,3,Financial Services,netbanking,0.9672,0.0328,0,7.3
cust_100448,43,SaaS,netbanking,0.9267,0.0733,0,5.62
cust_100449,248,E-commerce,netbanking,0.8332,0.1668,0,16.23
cust_100450,74,E-commerce,UPI,0.8261,0.1739,0,0.84
cust_100451,157,Edtech,UPI,0.7236,0.2764,0,13.08
cust_100452,175,E-commerce,UPI,0.4538,0.5462,0,16.45
cust_100453,168,Financial Services,card,0.8707,0.1293,1,0.59
cust_100454,40,Edtech,UPI,0.7792,0.2208,0,23.67
cust_100455,35,Financial Services,UPI,0.8901,0.1099,1,14.99
cust_100456,9,SaaS,UPI,0.8812,0.1188,0,0.65
cust_100457,285,SaaS,UPI,0.8562,0.1438,0,5.29
cust_100458,52,Financial Services,netbanking,0.9026,0.0974,0,10.9
cust_100459,397,Gaming,card,0.7933,0.2067,1,5.43
cust_100460,37,Gaming,card,0.9567,0.0433,1,10.62
cust_100461,27,Edtech,card,0.8956,0.1044,0,35.76
cust_100462,113,Financial Services,UPI,0.4544,0.5456,0,16.64
cust_100463,31,SaaS,UPI,0.8055,0.1945,1,7.41
cust_100464,15,Edtech,netbanking,0.8876,0.1124,1,12.3
cust_100465,95,Gaming,UPI,0.4352,0.5648,0,21.63
cust_100466,22,Gaming,netbanking,0.8015,0.1985,1,6.2
cust_100467,64,E-commerce,card,0.7957,0.2043,0,0.64
cust_100468,87,Financial Services,netbanking,0.98,0.02,0,0.53
cust_100469,186,E-commerce,UPI,0.5222,0.4778,0,1.8
cust_100470,49,SaaS,card,0.8511,0.1489,0,2.29
cust_100471,253,Gaming,netbanking,0.2684,0.7316,1,21.0
cust_100472,504,Gaming,card,0.2884,0.7116,0,15.67
cust_100473,75,E-commerce,netbanking,0.894,0.106,0,6.89
cust_100474,14,Gaming,card,0.7464,0.2536,1,14.94
cust_100475,401,Financial Services,UPI,0.2821,0.7179,0,18.38
cust_100476,189,E-commerce,card,0.871,0.129,0,15.99
cust_100477,61,Financial Services,netbanking,0.767,0.233,0,1.72
cust_100478,143,Financial Services,card,0.7543,0.2457,0,19.46
cust_100479,284,Gaming,UPI,0.8293,0.1707,1,2.26
cust_100480,25,Edtech,netbanking,0.8408,0.1592,0,1.65
cust_100481,70,Financial Services,card,0.9287,0.0713,0,21.41
cust_100482,196,Gaming,card,0.225,0.775,1,56.42
cust_100483,133,Financial Services,card,0.8553,0.1447,0,21.36
cust_100484,67,SaaS,UPI,0.8445,0.1555,0,8.2
cust_100485,90,SaaS,card,0.9137,0.0863,1,13.15
cust_100486,25,Edtech,netbanking,0.8437,0.1563,1,12.39
cust_100487,46,Financial Services,UPI,0.5553,0.4447,1,4.43
cust_100488,82,Financial Services,netbanking,0.9605,0.0395,0,1.91
cust_100489,150,Financial Services,netbanking,0.351,0.649,0,17.74
cust_100490,19,E-commerce,UPI,0.7228,0.2772,0,13.82
cust_100491,127,E-commerce,card,0.5654,0.4346,0,18.42
cust_100492,77,Edtech,wallet,0.7385,0.2615,0,1.35
cust_100493,136,Edtech,UPI,0.8323,0.1677,1,1.92
cust_100494,233,E-commerce,UPI,0.8314,0.1686,1,10.3
cust_100495,143,Gaming,card,0.1396,0.8604,0,17.39
cust_100496,5,Edtech,UPI,0.7419,0.2581,0,27.86
cust_100497,246,Gaming,card,0.7311,0.2689,1,3.01
cust_100498,286,Edtech,card,0.7341,0.2659,0,1.18
cust_100499,72,E-commerce,UPI,0.9223,0.0777,1,4.79
cust_100500,452,Financial Services,UPI,0.5183,0.4817,0,0.43
cust_100501,162,Financial Services,netbanking,0.7046,0.2954,0,19.54
cust_100502,42,Gaming,netbanking,0.9012,0.0988,1,0.18
cust_100503,396,Edtech,card,0.8721,0.1279,0,17.68
cust_100504,40,E-commerce,netbanking,0.7524,0.2476,0,12.16
cust_100505,94,SaaS,UPI,0.801,0.199,0,0.12
cust_100506,76,Gaming,UPI,0.9202,0.0798,0,3.53
cust_100507,43,Gaming,card,0.8093,0.1907,0,23.32
cust_100508,230,Financial Services,card,0.2934,0.7066,0,37.28
cust_100509,25,Edtech,UPI,0.7045,0.2955,0,15.83
cust_100510,5,SaaS,card,0.9052,0.0948,2,0.66
cust_100511,214,SaaS,card,0.9059,0.0941,0,0.99
cust_100512,289,Edtech,card,0.2761,0.7239,2,22.29
cust_100513,68,Edtech,UPI,0.749,0.251,0,14.87
cust_100514,111,Financial Services,netbanking,0.834,0.166,0,9.34
cust_100515,120,E-commerce,card,0.7177,0.2823,1,7.18
cust_100516,14,Financial Services,UPI,0.2008,0.7992,0,25.56
cust_100517,361,E-commerce,card,0.7884,0.2116,1,10.05
cust_100518,9,Edtech,UPI,0.977,0.023,0,6.4
cust_100519,6,Gaming,UPI,0.7103,0.2897,0,35.59
cust_100520,49,E-commerce,UPI,0.9414,0.0586,0,9.44
cust_100521,40,SaaS,UPI,0.7929,0.2071,0,0.06
cust_100522,1,SaaS,UPI,0.8223,0.1777,0,1.14
cust_100523,50,Financial Services,netbanking,0.9505,0.0495,0,7.19
cust_100524,42,Financial Services,netbanking,0.7523,0.2477,0,0.91
cust_100525,116,Financial Services,UPI,0.9232,0.0768,0,7.08
cust_100526,249,Edtech,UPI,0.9036,0.0964,2,3.21
cust_100527,61,SaaS,UPI,0.9786,0.0214,0,23.82
cust_100528,151,E-commerce,card,0.7899,0.2101,0,17.36
cust_100529,373,SaaS,netbanking,0.7828,0.2172,0,10.12
cust_100530,7,Financial Services,UPI,0.8193,0.1807,0,9.26
cust_100531,140,Financial Services,UPI,0.7119,0.2881,0,6.09
cust_100532,56,Edtech,UPI,0.8218,0.1782,0,13.91
cust_100533,9,SaaS,UPI,0.4188,0.5812,0,43.43
cust_100534,133,Edtech,card,0.91,0.09,0,9.01
cust_100535,2,E-commerce,card,0.74,0.26,1,20.69
cust_100536,155,Gaming,UPI,0.8227,0.1773,1,7.63
cust_100537,19,E-commerce,UPI,0.4893,0.5107,0,18.5
cust_100538,80,Edtech,card,0.9659,0.0341,0,1.31
cust_100539,99,SaaS,UPI,0.8901,0.1099,1,18.68
cust_100540,142,Edtech,UPI,0.9137,0.0863,1,3.66
cust_100541,187,Gaming,UPI,0.2835,0.7165,1,34.49
cust_100542,299,Edtech,UPI,0.7699,0.2301,0,8.73
cust_100543,56,SaaS,card,0.193,0.807,1,19.69
cust_100544,22,Gaming,UPI,0.8573,0.1427,0,22.08
cust_100545,51,Edtech,UPI,0.8971,0.1029,0,10.38
cust_100546,122,E-commerce,UPI,0.78,0.22,0,5.27
cust_100547,45,Financial Services,card,0.738,0.262,0,4.53
cust_100548,30,SaaS,wallet,0.9516,0.0484,0,11.66
cust_100549,19,Financial Services,UPI,0.9269,0.0731,0,7.04
cust_100550,399,Edtech,UPI,0.8987,0.1013,0,0.31
cust_100551,59,Gaming,UPI,0.9496,0.0504,0,14.11
cust_100552,74,E-commerce,UPI,0.9597,0.0403,1,31.22
cust_100553,46,E-commerce,netbanking,0.8425,0.1575,0,17.53
cust_100554,497,SaaS,UPI,0.9218,0.0782,1,4.87
cust_100555,50,E-commerce,card,0.7074,0.2926,0,8.07
cust_100556,94,Gaming,card,0.8309,0.1691,1,3.6
cust_100557,37,Gaming,UPI,0.5421,0.4579,0,4.19
cust_100558,38,SaaS,wallet,0.9799,0.0201,0,4.27
cust_100559,105,Financial Services,UPI,0.9154,0.0846,0,9.84
cust_100560,81,Gaming,UPI,0.5862,0.4138,2,8.43
cust_100561,117,SaaS,UPI,0.8904,0.1096,0,0.4
cust_100562,78,Edtech,card,0.5145,0.4855,0,33.25
cust_100563,289,Gaming,card,0.7509,0.2491,0,20.4
cust_100564,17,E-commerce,card,0.955,0.045,0,15.81
cust_100565,39,SaaS,netbanking,0.8451,0.1549,1,6.21
cust_100566,476,Edtech,UPI,0.7903,0.2097,1,4.71
cust_100567,41,E-commerce,UPI,0.9635,0.0365,1,7.16
cust_100568,82,Edtech,card,0.7702,0.2298,2,17.57
cust_100569,174,Gaming,card,0.875,0.125,1,1.16
cust_100570,231,Gaming,UPI,0.8407,0.1593,2,21.5
cust_100571,72,E-commerce,card,0.8626,0.1374,0,26.09
cust_100572,3,E-commerce,UPI,0.9018,0.0982,1,11.79
cust_100573,18,Gaming,UPI,0.9587,0.0413,0,16.32
cust_100574,40,SaaS,UPI,0.7079,0.2921,1,61.29
cust_100575,136,SaaS,netbanking,0.9159,0.0841,0,0.14
cust_100576,161,Edtech,netbanking,0.9147,0.0853,1,14.0
cust_100577,176,Financial Services,card,0.7085,0.2915,1,9.51
cust_100578,12,Gaming,UPI,0.9679,0.0321,0,5.23
cust_100579,63,Financial Services,UPI,0.9261,0.0739,0,1.18
cust_100580,199,Financial Services,netbanking,0.7204,0.2796,0,31.04
cust_100581,89,SaaS,UPI,0.8164,0.1836,0,6.94
cust_100582,190,Financial Services,card,0.8699,0.1301,0,0.76
cust_100583,62,Edtech,UPI,0.7894,0.2106,0,3.3
cust_100584,196,Edtech,netbanking,0.7366,0.2634,0,23.66
cust_100585,47,Edtech,UPI,0.7297,0.2703,0,10.23
cust_100586,464,E-commerce,card,0.7749,0.2251,0,10.44
cust_100587,16,E-commerce,netbanking,0.1253,0.8747,0,20.97
cust_100588,106,Financial Services,card,0.8171,0.1829,0,11.48
cust_100589,34,E-commerce,card,0.9615,0.0385,1,8.04
cust_100590,89,Edtech,UPI,0.7446,0.2554,1,6.87
cust_100591,41,Gaming,UPI,0.9461,0.0539,0,0.56
cust_100592,166,Financial Services,UPI,0.5726,0.4274,0,7.16
cust_100593,6,Gaming,UPI,0.7674,0.2326,1,18.28
cust_100594,1,Gaming,UPI,0.7142,0.2858,1,1.07
cust_100595,54,Financial Services,UPI,0.936,0.064,1,15.56
cust_100596,267,Financial Services,UPI,0.7023,0.2977,1,33.26
cust_100597,12,SaaS,card,0.9471,0.0529,0,4.9
cust_100598,121,Edtech,card,0.8025,0.1975,0,1.83
cust_100599,150,Financial Services,card,0.3809,0.6191,3,18.54
cust_100600,14,Edtech,card,0.7206,0.2794,0,0.49
cust_100601,54,Gaming,wallet,0.854,0.146,0,5.67
cust_100602,74,Gaming,UPI,0.7333,0.2667,0,4.62
cust_100603,7,SaaS,card,0.9226,0.0774,0,17.27
cust_100604,228,Edtech,UPI,0.8024,0.1976,0,6.39
cust_100605,255,E-commerce,UPI,0.8426,0.1574,1,3.5
cust_100606,18,Gaming,card,0.1195,0.8805,1,25.35
cust_100607,61,Edtech,card,0.8454,0.1546,0,22.09
cust_100608,41,E-commerce,UPI,0.8443,0.1557,0,1.18
cust_100609,88,Edtech,UPI,0.7892,0.2108,1,4.77
cust_100610,50,Financial Services,UPI,0.907,0.093,0,5.34
cust_100611,82,Edtech,UPI,0.842,0.158,0,9.04
cust_100612,2,Gaming,UPI,0.8984,0.1016,1,11.32
cust_100613,45,Edtech,card,0.7047,0.2953,1,37.3
cust_100614,17,Edtech,UPI,0.9744,0.0256,1,1.28
cust_100615,38,Gaming,UPI,0.9517,0.0483,0,14.83
cust_100616,88,SaaS,UPI,0.7743,0.2257,0,0.01
cust_100617,43,Gaming,card,0.902,0.098,2,22.88
cust_100618,184,Gaming,card,0.8468,0.1532,0,5.08
cust_100619,44,Gaming,UPI,0.8065,0.1935,0,2.83
cust_100620,80,E-commerce,card,0.5741,0.4259,0,0.6
cust_100621,380,SaaS,netbanking,0.8235,0.1765,2,32.91
cust_100622,10,Financial Services,UPI,0.8933,0.1067,0,2.18
cust_100623,19,Financial Services,card,0.8712,0.1288,1,1.59
cust_100624,200,Financial Services,card,0.906,0.094,0,11.21
cust_100625,37,SaaS,UPI,0.8452,0.1548,1,6.35
cust_100626,266,Gaming,card,0.8854,0.1146,0,1.59
cust_100627,1,Gaming,card,0.9679,0.0321,0,1.44
cust_100628,381,Financial Services,card,0.7959,0.2041,0,6.94
cust_100629,137,Edtech,UPI,0.9429,0.0571,0,16.45
cust_100630,74,Edtech,card,0.7538,0.2462,0,0.45
cust_100631,22,E-commerce,UPI,0.7836,0.2164,0,0.51
cust_100632,223,Edtech,wallet,0.8974,0.1026,2,32.35
cust_100633,27,Financial Services,wallet,0.7977,0.2023,3,3.0
cust_100634,69,Edtech,card,0.8606,0.1394,0,9.74
cust_100635,477,Gaming,UPI,0.9744,0.0256,3,7.37
cust_100636,455,Edtech,card,0.9253,0.0747,0,6.48
cust_100637,153,Edtech,UPI,0.5777,0.4223,0,10.98
cust_100638,22,SaaS,card,0.8239,0.1761,1,0.12
cust_100639,2,Edtech,UPI,0.7599,0.2401,1,10.06
cust_100640,31,Gaming,UPI,0.8574,0.1426,1,1.0
cust_100641,68,Edtech,UPI,0.4078,0.5922,0,25.86
cust_100642,16,Gaming,UPI,0.7142,0.2858,0,25.2
cust_100643,600,Gaming,UPI,0.7652,0.2348,1,4.98
cust_100644,169,SaaS,netbanking,0.9009,0.0991,1,4.42
cust_100645,186,SaaS,UPI,0.7385,0.2615,0,4.44
cust_100646,129,Gaming,UPI,0.7442,0.2558,0,25.04
cust_100647,13,Financial Services,card,0.7558,0.2442,0,0.4
cust_100648,5,Edtech,UPI,0.8809,0.1191,1,30.05
cust_100649,105,SaaS,UPI,0.765,0.235,0,7.27
cust_100650,171,SaaS,UPI,0.749,0.251,0,22.45
cust_100651,352,E-commerce,netbanking,0.7102,0.2898,0,15.16
cust_100652,78,Financial Services,UPI,0.7522,0.2478,0,8.94
cust_100653,25,Edtech,UPI,0.7026,0.2974,1,0.74
cust_100654,9,Gaming,netbanking,0.96,0.04,0,5.27
cust_100655,200,Edtech,netbanking,0.9769,0.0231,0,11.83
cust_100656,177,Gaming,card,0.949,0.051,0,20.87
cust_100657,93,E-commerce,UPI,0.831,0.169,0,0.38
cust_100658,17,E-commerce,card,0.7926,0.2074,0,5.39
cust_100659,89,Financial Services,UPI,0.9012,0.0988,1,3.63
cust_100660,44,SaaS,UPI,0.9214,0.0786,0,13.07
cust_100661,409,Gaming,UPI,0.7541,0.2459,0,13.54
cust_100662,227,Gaming,UPI,0.9512,0.0488,0,3.93
cust_100663,150,Financial Services,netbanking,0.7243,0.2757,0,4.64
cust_100664,279,SaaS,netbanking,0.7394,0.2606,2,8.93
cust_100665,130,Edtech,UPI,0.7019,0.2981,0,12.36
cust_100666,22,Financial Services,card,0.9111,0.0889,0,30.41
cust_100667,6,Edtech,UPI,0.9024,0.0976,0,3.52
cust_100668,151,SaaS,card,0.8007,0.1993,0,7.21
cust_100669,86,E-commerce,UPI,0.1591,0.8409,2,27.53
cust_100670,75,Edtech,netbanking,0.8921,0.1079,1,19.78
cust_100671,39,Edtech,netbanking,0.8788,0.1212,0,4.24
cust_100672,50,Edtech,wallet,0.7618,0.2382,1,12.98
cust_100673,100,E-commerce,netbanking,0.8274,0.1726,0,4.79
cust_100674,22,Gaming,card,0.8965,0.1035,1,0.26
cust_100675,220,Financial Services,UPI,0.9246,0.0754,2,2.68
cust_100676,147,E-commerce,netbanking,0.8905,0.1095,0,34.12
cust_100677,7,Gaming,card,0.7229,0.2771,1,1.98
cust_100678,194,Financial Services,card,0.8013,0.1987,0,1.41
cust_100679,241,Gaming,UPI,0.5144,0.4856,0,3.43
cust_100680,247,Gaming,card,0.8503,0.1497,1,9.8
cust_100681,102,E-commerce,netbanking,0.8457,0.1543,1,11.21
cust_100682,7,SaaS,card,0.9007,0.0993,0,3.66
cust_100683,53,Financial Services,card,0.3552,0.6448,0,28.19
cust_100684,63,SaaS,UPI,0.8437,0.1563,1,5.67
cust_100685,139,Financial Services,UPI,0.8565,0.1435,0,4.68
cust_100686,347,Edtech,card,0.8109,0.1891,1,2.22
cust_100687,66,SaaS,card,0.8619,0.1381,0,3.26
cust_100688,39,SaaS,UPI,0.8961,0.1039,1,7.31
cust_100689,24,Gaming,wallet,0.9617,0.0383,0,5.17
cust_100690,161,SaaS,card,0.8322,0.1678,0,4.25
cust_100691,61,Edtech,UPI,0.9153,0.0847,0,6.6
cust_100692,38,Financial Services,UPI,0.9496,0.0504,0,34.59
cust_100693,112,Financial Services,UPI,0.9539,0.0461,0,30.25
cust_100694,43,Financial Services,UPI,0.5821,0.4179,0,9.77
cust_100695,126,Gaming,UPI,0.5301,0.4699,0,33.53
cust_100696,35,SaaS,card,0.8504,0.1496,1,3.75
cust_100697,38,Gaming,card,0.5894,0.4106,2,1.68
cust_100698,348,SaaS,card,0.974,0.026,1,8.86
cust_100699,145,Financial Services,card,0.8524,0.1476,0,0.16
cust_100700,105,Gaming,UPI,0.7643,0.2357,0,31.6
cust_100701,62,Financial Services,netbanking,0.7772,0.2228,0,11.16
cust_100702,453,SaaS,UPI,0.4301,0.5699,0,20.68
cust_100703,12,Gaming,card,0.9475,0.0525,1,2.99
cust_100704,69,SaaS,card,0.7188,0.2812,0,8.9
cust_100705,115,Gaming,card,0.3989,0.6011,0,27.52
cust_100706,12,SaaS,UPI,0.7124,0.2876,1,0.14
cust_100707,35,Financial Services,UPI,0.7608,0.2392,0,2.84
cust_100708,8,SaaS,UPI,0.5967,0.4033,1,11.17
cust_100709,11,E-commerce,wallet,0.9048,0.0952,2,26.99
cust_100710,95,Edtech,UPI,0.9163,0.0837,0,13.58
cust_100711,161,Edtech,card,0.9454,0.0546,0,4.64
cust_100712,305,Gaming,card,0.7841,0.2159,0,3.13
cust_100713,56,SaaS,netbanking,0.8657,0.1343,0,15.48
cust_100714,73,E-commerce,card,0.8196,0.1804,0,12.22
cust_100715,67,Financial Services,UPI,0.2722,0.7278,0,42.53
cust_100716,8,Financial Services,netbanking,0.7892,0.2108,0,5.87
cust_100717,3,Financial Services,UPI,0.784,0.216,0,0.58
cust_100718,82,E-commerce,netbanking,0.8326,0.1674,0,14.46
cust_100719,64,E-commerce,card,0.8981,0.1019,0,1.74
cust_100720,21,Financial Services,UPI,0.8575,0.1425,0,10.91
cust_100721,257,Financial Services,netbanking,0.7375,0.2625,1,3.41
cust_100722,45,E-commerce,UPI,0.7925,0.2075,0,7.67
cust_100723,53,SaaS,UPI,0.9372,0.0628,1,3.68
cust_100724,295,SaaS,wallet,0.9322,0.0678,0,4.38
cust_100725,85,SaaS,netbanking,0.8886,0.1114,1,4.99
cust_100726,97,Gaming,card,0.1364,0.8636,0,34.58
cust_100727,136,Gaming,netbanking,0.8565,0.1435,1,5.78
cust_100728,114,Financial Services,UPI,0.954,0.046,1,11.84
cust_100729,32,Edtech,UPI,0.7043,0.2957,0,0.02
cust_100730,153,E-commerce,card,0.7328,0.2672,0,1.76
cust_100731,11,Financial Services,UPI,0.8948,0.1052,0,22.15
cust_100732,34,E-commerce,UPI,0.767,0.233,0,2.51
cust_100733,88,Edtech,card,0.8066,0.1934,0,0.59
cust_100734,60,Gaming,UPI,0.7864,0.2136,0,32.15
cust_100735,115,Edtech,card,0.8392,0.1608,0,5.6
cust_100736,94,SaaS,card,0.9023,0.0977,1,6.93
cust_100737,64,Edtech,netbanking,0.8038,0.1962,0,7.6
cust_100738,15,Financial Services,card,0.532,0.468,0,4.11
cust_100739,19,E-commerce,card,0.3767,0.6233,0,19.97
cust_100740,272,Gaming,UPI,0.8169,0.1831,0,5.43
cust_100741,3,E-commerce,card,0.7644,0.2356,0,6.43
cust_100742,99,Gaming,card,0.8398,0.1602,1,0.1
cust_100743,155,Edtech,card,0.93,0.07,2,6.64
cust_100744,49,Financial Services,card,0.9052,0.0948,0,2.03
cust_100745,232,Edtech,netbanking,0.9017,0.0983,0,0.79
cust_100746,59,Financial Services,netbanking,0.949,0.051,1,0.69
cust_100747,252,SaaS,UPI,0.9349,0.0651,0,34.44
cust_100748,9,SaaS,card,0.8871,0.1129,0,4.71
cust_100749,196,SaaS,UPI,0.9359,0.0641,1,3.87
cust_100750,30,E-commerce,UPI,0.1755,0.8245,0,15.71
cust_100751,56,E-commerce,UPI,0.8045,0.1955,1,12.34
cust_100752,2,Gaming,UPI,0.9615,0.0385,0,6.62
cust_100753,1,Financial Services,netbanking,0.7044,0.2956,1,0.69
cust_100754,175,Gaming,card,0.7033,0.2967,1,16.25
cust_100755,88,Gaming,UPI,0.85,0.15,1,13.56
cust_100756,23,Edtech,UPI,0.5066,0.4934,1,23.88
cust_100757,171,Financial Services,card,0.9547,0.0453,0,21.99
cust_100758,104,SaaS,card,0.8468,0.1532,0,6.42
cust_100759,152,E-commerce,UPI,0.8474,0.1526,0,3.77
cust_100760,34,Edtech,UPI,0.8111,0.1889,0,23.84
cust_100761,85,Edtech,UPI,0.8285,0.1715,0,11.91
cust_100762,58,E-commerce,netbanking,0.7632,0.2368,0,15.91
cust_100763,39,SaaS,card,0.9403,0.0597,0,27.98
cust_100764,122,SaaS,UPI,0.2896,0.7104,0,17.12
cust_100765,143,Gaming,UPI,0.8783,0.1217,0,3.07
cust_100766,131,E-commerce,netbanking,0.5227,0.4773,1,2.08
cust_100767,12,Edtech,card,0.9402,0.0598,0,5.66
cust_100768,4,SaaS,UPI,0.9574,0.0426,0,21.14
cust_100769,34,E-commerce,card,0.9431,0.0569,0,10.99
cust_100770,47,Gaming,netbanking,0.713,0.287,1,23.12
cust_100771,668,SaaS,netbanking,0.7785,0.2215,1,8.6
cust_100772,9,Gaming,UPI,0.7092,0.2908,1,13.79
cust_100773,198,Edtech,netbanking,0.2036,0.7964,1,15.41
cust_100774,64,E-commerce,UPI,0.8996,0.1004,0,4.47
cust_100775,184,Financial Services,card,0.7838,0.2162,0,10.62
cust_100776,32,Gaming,UPI,0.9337,0.0663,1,14.37
cust_100777,5,Financial Services,netbanking,0.8514,0.1486,0,8.29
cust_100778,118,Financial Services,netbanking,0.7392,0.2608,0,8.7
cust_100779,562,SaaS,card,0.9728,0.0272,0,12.29
cust_100780,60,SaaS,UPI,0.2161,0.7839,0,41.34
cust_100781,318,SaaS,UPI,0.9153,0.0847,0,2.38
cust_100782,652,Gaming,wallet,0.9166,0.0834,0,16.32
cust_100783,151,SaaS,card,0.9194,0.0806,0,6.07
cust_100784,135,Financial Services,card,0.7996,0.2004,0,28.42
cust_100785,22,Financial Services,card,0.8903,0.1097,1,10.46
cust_100786,39,Financial Services,UPI,0.4093,0.5907,0,24.15
cust_100787,24,E-commerce,card,0.723,0.277,0,11.02
cust_100788,218,E-commerce,UPI,0.9195,0.0805,0,15.1
cust_100789,113,E-commerce,card,0.7887,0.2113,2,7.68
cust_100790,81,SaaS,UPI,0.5715,0.4285,0,8.5
cust_100791,39,Financial Services,netbanking,0.7755,0.2245,0,8.99
cust_100792,53,E-commerce,UPI,0.3155,0.6845,0,20.5
cust_100793,11,Gaming,card,0.8143,0.1857,2,2.37
cust_100794,239,SaaS,netbanking,0.3771,0.6229,0,28.37
cust_100795,41,Gaming,netbanking,0.7908,0.2092,1,22.77
cust_100796,117,Financial Services,wallet,0.3069,0.6931,0,33.8
cust_100797,8,SaaS,UPI,0.8567,0.1433,0,37.03
cust_100798,204,E-commerce,netbanking,0.7475,0.2525,1,4.87
cust_100799,9,Financial Services,UPI,0.7753,0.2247,0,6.33
cust_100800,38,Edtech,UPI,0.7177,0.2823,0,1.59
cust_100801,434,Financial Services,card,0.7839,0.2161,1,3.26
cust_100802,193,SaaS,UPI,0.9644,0.0356,0,2.65
cust_100803,17,Financial Services,UPI,0.7548,0.2452,0,11.21
cust_100804,8,SaaS,UPI,0.1034,0.8966,1,19.2
cust_100805,240,Financial Services,UPI,0.8737,0.1263,0,6.63
cust_100806,44,Edtech,card,0.8206,0.1794,1,8.69
cust_100807,85,Gaming,UPI,0.2603,0.7397,0,18.2
cust_100808,81,E-commerce,UPI,0.7497,0.2503,0,3.66
cust_100809,208,Financial Services,UPI,0.7816,0.2184,0,6.13
cust_100810,155,Financial Services,card,0.919,0.081,0,15.01
cust_100811,238,Edtech,UPI,0.9286,0.0714,0,18.33
cust_100812,547,Financial Services,netbanking,0.961,0.039,0,2.17
cust_100813,81,E-commerce,card,0.8528,0.1472,0,6.6
cust_100814,219,Gaming,UPI,0.4636,0.5364,1,18.98
cust_100815,73,E-commerce,card,0.7816,0.2184,0,2.19
cust_100816,364,SaaS,UPI,0.9228,0.0772,0,8.66
cust_100817,81,Financial Services,card,0.739,0.261,0,8.04
cust_100818,56,Edtech,card,0.8844,0.1156,0,8.46
cust_100819,25,Financial Services,UPI,0.7207,0.2793,0,2.02
cust_100820,210,Gaming,UPI,0.8122,0.1878,2,1.54
cust_100821,57,Gaming,card,0.9435,0.0565,0,0.91
cust_100822,98,Financial Services,netbanking,0.9214,0.0786,1,11.17
cust_100823,30,Edtech,UPI,0.9274,0.0726,1,3.06
cust_100824,1,Gaming,netbanking,0.7238,0.2762,1,13.87
cust_100825,20,E-commerce,UPI,0.7994,0.2006,0,0.98
cust_100826,80,Gaming,netbanking,0.5918,0.4082,0,3.45
cust_100827,28,Financial Services,UPI,0.7928,0.2072,1,6.28
cust_100828,172,Financial Services,UPI,0.1493,0.8507,0,20.62
cust_100829,110,E-commerce,wallet,0.8453,0.1547,1,17.58
cust_100830,23,Gaming,UPI,0.7619,0.2381,0,4.16
cust_100831,86,Edtech,card,0.9163,0.0837,1,6.96
cust_100832,7,Gaming,UPI,0.7422,0.2578,0,5.77
cust_100833,220,SaaS,UPI,0.7827,0.2173,0,5.96
cust_100834,33,SaaS,UPI,0.5703,0.4297,1,9.37
cust_100835,40,E-commerce,UPI,0.7961,0.2039,0,16.17
cust_100836,60,E-commerce,card,0.7975,0.2025,0,14.82
cust_100837,33,SaaS,card,0.8951,0.1049,0,26.47
cust_100838,59,Edtech,UPI,0.1223,0.8777,0,32.54
cust_100839,90,SaaS,card,0.2715,0.7285,0,19.23
cust_100840,4,SaaS,wallet,0.746,0.254,0,27.06
cust_100841,38,E-commerce,card,0.8545,0.1455,1,18.85
cust_100842,353,Edtech,netbanking,0.9684,0.0316,1,3.31
cust_100843,397,E-commerce,UPI,0.8763,0.1237,1,9.75
cust_100844,554,E-commerce,UPI,0.821,0.179,0,0.82
cust_100845,71,SaaS,UPI,0.9473,0.0527,0,17.99
cust_100846,329,Financial Services,UPI,0.8089,0.1911,0,26.4
cust_100847,8,E-commerce,UPI,0.9107,0.0893,0,9.04
cust_100848,20,SaaS,wallet,0.9239,0.0761,0,6.96
cust_100849,34,Gaming,UPI,0.7913,0.2087,0,13.91
cust_100850,169,Financial Services,card,0.4354,0.5646,2,15.57
cust_100851,1,Financial Services,UPI,0.879,0.121,0,5.3
cust_100852,62,Gaming,netbanking,0.8099,0.1901,2,11.75
cust_100853,39,SaaS,UPI,0.9367,0.0633,0,4.19
cust_100854,68,Gaming,netbanking,0.8886,0.1114,0,13.28
cust_100855,91,Edtech,UPI,0.8652,0.1348,0,3.57
cust_100856,109,E-commerce,UPI,0.7668,0.2332,0,1.24
cust_100857,95,SaaS,netbanking,0.8942,0.1058,0,13.21
cust_100858,129,Gaming,netbanking,0.867,0.133,1,10.7
cust_100859,275,Gaming,UPI,0.752,0.248,0,0.11
cust_100860,211,Gaming,netbanking,0.8807,0.1193,0,8.6
cust_100861,75,E-commerce,UPI,0.8371,0.1629,1,0.7
cust_100862,109,E-commerce,card,0.9358,0.0642,0,10.75
cust_100863,92,Gaming,UPI,0.2795,0.7205,0,23.39
cust_100864,43,SaaS,netbanking,0.7546,0.2454,2,34.97
cust_100865,68,Financial Services,UPI,0.8415,0.1585,0,0.54
cust_100866,142,Financial Services,UPI,0.8377,0.1623,0,9.52
cust_100867,35,Financial Services,card,0.7231,0.2769,0,17.35
cust_100868,207,SaaS,UPI,0.7617,0.2383,0,4.5
cust_100869,197,SaaS,UPI,0.8505,0.1495,0,0.88
cust_100870,76,E-commerce,UPI,0.8584,0.1416,1,4.8
cust_100871,199,Financial Services,netbanking,0.7317,0.2683,0,6.15
cust_100872,44,SaaS,netbanking,0.8521,0.1479,0,27.14
cust_100873,139,Edtech,card,0.9119,0.0881,0,6.45
cust_100874,63,Financial Services,UPI,0.9771,0.0229,0,35.46
cust_100875,100,SaaS,card,0.883,0.117,0,5.41
cust_100876,15,E-commerce,card,0.9798,0.0202,1,0.8
cust_100877,53,Financial Services,card,0.9414,0.0586,0,17.94
cust_100878,203,SaaS,card,0.9783,0.0217,0,2.95
cust_100879,14,E-commerce,UPI,0.9065,0.0935,0,11.26
cust_100880,129,Edtech,UPI,0.8709,0.1291,0,2.01
cust_100881,21,Financial Services,netbanking,0.739,0.261,0,5.43
cust_100882,23,E-commerce,netbanking,0.9255,0.0745,0,2.63
cust_100883,84,Gaming,card,0.7787,0.2213,1,21.73
cust_100884,327,Gaming,netbanking,0.9741,0.0259,0,9.94
cust_100885,62,Edtech,card,0.7749,0.2251,0,11.31
cust_100886,68,Gaming,card,0.8902,0.1098,1,17.89
cust_100887,94,SaaS,netbanking,0.475,0.525,0,19.76
cust_100888,296,Financial Services,UPI,0.9779,0.0221,1,7.22
cust_100889,45,E-commerce,card,0.7372,0.2628,0,0.4
cust_100890,39,E-commerce,UPI,0.932,0.068,2,13.03
cust_100891,51,Financial Services,card,0.8617,0.1383,2,15.29
cust_100892,38,Edtech,wallet,0.805,0.195,0,9.25
cust_100893,130,SaaS,card,0.9464,0.0536,0,27.89
cust_100894,24,SaaS,card,0.9099,0.0901,0,3.67
cust_100895,95,Edtech,UPI,0.8367,0.1633,0,1.87
cust_100896,65,Gaming,card,0.4871,0.5129,1,19.99
cust_100897,13,SaaS,UPI,0.8284,0.1716,0,9.22
cust_100898,22,Edtech,UPI,0.9228,0.0772,0,18.01
cust_100899,442,Financial Services,UPI,0.8203,0.1797,0,20.28
cust_100900,314,E-commerce,UPI,0.7904,0.2096,0,0.4
cust_100901,103,Edtech,UPI,0.8618,0.1382,0,8.75
cust_100902,2,Gaming,card,0.9207,0.0793,0,0.41
cust_100903,107,SaaS,UPI,0.4131,0.5869,1,18.22
cust_100904,149,Financial Services,UPI,0.5647,0.4353,1,7.98
cust_100905,7,E-commerce,UPI,0.7002,0.2998,2,2.56
cust_100906,204,Financial Services,netbanking,0.8928,0.1072,0,5.98
cust_100907,50,E-commerce,netbanking,0.7845,0.2155,0,2.37
cust_100908,168,Edtech,UPI,0.2802,0.7198,0,20.84
cust_100909,49,SaaS,UPI,0.9531,0.0469,0,1.76
cust_100910,102,E-commerce,netbanking,0.4128,0.5872,1,16.62
cust_100911,38,E-commerce,UPI,0.7255,0.2745,0,11.38
cust_100912,8,SaaS,UPI,0.3384,0.6616,0,26.95
cust_100913,26,E-commerce,card,0.8454,0.1546,0,21.72
cust_100914,272,Financial Services,UPI,0.4478,0.5522,0,20.3
cust_100915,34,SaaS,card,0.8182,0.1818,1,17.39
cust_100916,61,E-commerce,UPI,0.7641,0.2359,1,11.13
cust_100917,38,SaaS,UPI,0.7287,0.2713,1,44.59
cust_100918,455,Edtech,card,0.7838,0.2162,0,8.62
cust_100919,242,Financial Services,UPI,0.9109,0.0891,0,9.66
cust_100920,64,E-commerce,UPI,0.8896,0.1104,0,8.31
cust_100921,229,SaaS,UPI,0.7024,0.2976,1,17.33
cust_100922,98,E-commerce,card,0.9023,0.0977,0,17.06
cust_100923,5,E-commerce,netbanking,0.8725,0.1275,1,2.36
cust_100924,174,Financial Services,UPI,0.7243,0.2757,1,1.35
cust_100925,465,SaaS,card,0.1616,0.8384,1,26.29
cust_100926,109,Financial Services,card,0.8202,0.1798,1,5.6
cust_100927,39,E-commerce,card,0.8805,0.1195,0,11.79
cust_100928,32,E-commerce,card,0.868,0.132,1,0.62
cust_100929,17,Gaming,card,0.9636,0.0364,1,13.25
cust_100930,51,SaaS,UPI,0.8844,0.1156,1,6.26
cust_100931,2,Edtech,UPI,0.8699,0.1301,0,0.28
cust_100932,120,E-commerce,UPI,0.7828,0.2172,0,1.92
cust_100933,43,SaaS,card,0.9223,0.0777,1,22.11
cust_100934,104,E-commerce,card,0.7316,0.2684,0,0.72
cust_100935,12,Financial Services,card,0.7199,0.2801,0,24.92
cust_100936,63,SaaS,UPI,0.9615,0.0385,1,7.45
cust_100937,144,E-commerce,netbanking,0.9349,0.0651,1,11.38
cust_100938,351,Financial Services,UPI,0.8912,0.1088,0,3.17
cust_100939,30,Financial Services,card,0.9157,0.0843,0,9.0
cust_100940,2,SaaS,card,0.7039,0.2961,0,10.94
cust_100941,98,E-commerce,UPI,0.1302,0.8698,0,15.99
cust_100942,214,Financial Services,netbanking,0.876,0.124,0,1.09
cust_100943,62,Gaming,card,0.8186,0.1814,1,0.0
cust_100944,150,Financial Services,UPI,0.3683,0.6317,0,15.13
cust_100945,94,Gaming,netbanking,0.7234,0.2766,1,7.22
cust_100946,11,SaaS,card,0.7569,0.2431,0,9.34
cust_100947,60,E-commerce,UPI,0.8094,0.1906,0,3.78
cust_100948,13,SaaS,UPI,0.8225,0.1775,1,7.59
cust_100949,249,E-commerce,wallet,0.1431,0.8569,0,31.74
cust_100950,48,Financial Services,UPI,0.4061,0.5939,0,26.16
cust_100951,138,SaaS,UPI,0.9077,0.0923,0,10.01
cust_100952,17,E-commerce,card,0.454,0.546,1,29.0
cust_100953,248,SaaS,UPI,0.9668,0.0332,1,2.07
cust_100954,4,Gaming,UPI,0.9303,0.0697,0,9.6
cust_100955,228,Edtech,UPI,0.7355,0.2645,0,33.1
cust_100956,14,Edtech,UPI,0.7331,0.2669,0,7.8
cust_100957,11,SaaS,UPI,0.8202,0.1798,0,8.81
cust_100958,95,Gaming,UPI,0.4562,0.5438,0,32.15
cust_100959,6,Gaming,UPI,0.8389,0.1611,1,3.68
cust_100960,115,Gaming,netbanking,0.8399,0.1601,1,13.1
cust_100961,55,Gaming,card,0.744,0.256,0,2.11
cust_100962,146,SaaS,card,0.8888,0.1112,0,24.23
cust_100963,3,SaaS,UPI,0.8425,0.1575,0,14.55
cust_100964,146,SaaS,UPI,0.7034,0.2966,1,14.12
cust_100965,73,SaaS,UPI,0.8072,0.1928,1,1.28
cust_100966,106,E-commerce,wallet,0.9689,0.0311,0,0.64
cust_100967,50,SaaS,card,0.9559,0.0441,0,10.73
cust_100968,732,Financial Services,UPI,0.7695,0.2305,0,5.12
cust_100969,15,Edtech,netbanking,0.7218,0.2782,0,4.9
cust_100970,130,Edtech,UPI,0.4367,0.5633,0,15.63
cust_100971,202,SaaS,netbanking,0.9252,0.0748,0,30.91
cust_100972,20,SaaS,UPI,0.7193,0.2807,0,8.72
cust_100973,62,Financial Services,UPI,0.9166,0.0834,0,4.97
cust_100974,22,Edtech,card,0.8549,0.1451,0,0.6
cust_100975,97,SaaS,card,0.7816,0.2184,1,4.24
cust_100976,195,Edtech,card,0.7679,0.2321,0,8.34
cust_100977,287,Edtech,UPI,0.8381,0.1619,0,1.55
cust_100978,20,E-commerce,UPI,0.853,0.147,0,0.84
cust_100979,337,E-commerce,card,0.9611,0.0389,0,17.63
cust_100980,11,SaaS,UPI,0.797,0.203,0,17.64
cust_100981,184,SaaS,UPI,0.7004,0.2996,1,20.81
cust_100982,425,Financial Services,UPI,0.9036,0.0964,1,5.2
cust_100983,88,SaaS,card,0.9753,0.0247,1,6.56
cust_100984,200,Financial Services,wallet,0.7168,0.2832,0,40.47
cust_100985,11,E-commerce,netbanking,0.726,0.274,0,1.42
cust_100986,70,E-commerce,card,0.8455,0.1545,0,0.56
cust_100987,110,Edtech,netbanking,0.9094,0.0906,0,2.44
cust_100988,71,Gaming,UPI,0.1668,0.8332,2,19.36
cust_100989,194,Financial Services,card,0.3839,0.6161,1,30.34
cust_100990,110,Financial Services,UPI,0.7366,0.2634,1,9.29
cust_100991,30,Edtech,card,0.7882,0.2118,0,2.04
cust_100992,8,Financial Services,card,0.9059,0.0941,1,2.57
cust_100993,132,Edtech,UPI,0.7654,0.2346,0,1.78
cust_100994,25,E-commerce,UPI,0.4851,0.5149,0,15.53
cust_100995,61,SaaS,card,0.746,0.254,0,4.83
cust_100996,220,Financial Services,UPI,0.7338,0.2662,0,0.64
cust_100997,9,Edtech,card,0.7581,0.2419,0,21.04
cust_100998,98,Edtech,wallet,0.9387,0.0613,0,1.03
cust_100999,6,SaaS,UPI,0.8921,0.1079,0,10.37
cust_101000,6,Gaming,netbanking,0.518,0.482,1,0.8
cust_101001,23,Edtech,UPI,0.4556,0.5444,0,22.31
cust_101002,34,Edtech,UPI,0.7137,0.2863,2,1.54
cust_101003,58,Edtech,card,0.9774,0.0226,0,0.04
cust_101004,134,SaaS,card,0.9393,0.0607,0,6.73
cust_101005,65,Gaming,UPI,0.77,0.23,0,1.95
cust_101006,13,Financial Services,wallet,0.4969,0.5031,0,28.04
cust_101007,46,SaaS,UPI,0.5152,0.4848,0,1.02
cust_101008,24,E-commerce,card,0.5118,0.4882,1,6.45
cust_101009,307,Edtech,UPI,0.9625,0.0375,0,4.31
cust_101010,184,SaaS,wallet,0.7725,0.2275,0,20.74
cust_101011,214,SaaS,UPI,0.1322,0.8678,0,20.27
cust_101012,460,Financial Services,UPI,0.7258,0.2742,1,13.13
cust_101013,66,Edtech,card,0.5711,0.4289,1,20.13
cust_101014,8,SaaS,card,0.8607,0.1393,0,5.38
cust_101015,96,Financial Services,UPI,0.8072,0.1928,0,56.63
cust_101016,18,Financial Services,card,0.7601,0.2399,0,1.43
cust_101017,21,E-commerce,netbanking,0.8249,0.1751,3,4.39
cust_101018,133,E-commerce,UPI,0.4096,0.5904,0,19.43
cust_101019,109,E-commerce,card,0.8397,0.1603,0,6.38
cust_101020,97,Gaming,card,0.7246,0.2754,0,13.56
cust_101021,4,Financial Services,UPI,0.1997,0.8003,1,18.03
cust_101022,143,Gaming,card,0.9783,0.0217,1,9.42
cust_101023,81,Gaming,UPI,0.977,0.023,0,5.43
cust_101024,110,Edtech,card,0.9188,0.0812,0,0.06
cust_101025,83,Edtech,UPI,0.8407,0.1593,1,8.79
cust_101026,341,Financial Services,UPI,0.7073,0.2927,0,0.96
cust_101027,118,Gaming,card,0.9508,0.0492,0,7.37
cust_101028,273,Edtech,UPI,0.5958,0.4042,0,19.78
cust_101029,104,Gaming,netbanking,0.8635,0.1365,0,16.62
cust_101030,68,E-commerce,card,0.728,0.272,1,1.99
cust_101031,38,E-commerce,UPI,0.9286,0.0714,0,3.66
cust_101032,98,SaaS,card,0.9654,0.0346,0,9.56
cust_101033,11,Gaming,UPI,0.9233,0.0767,0,7.3
cust_101034,29,Edtech,UPI,0.9776,0.0224,0,16.71
cust_101035,2,E-commerce,card,0.8659,0.1341,0,16.03
cust_101036,324,Edtech,UPI,0.7079,0.2921,0,21.73
cust_101037,74,Edtech,card,0.8578,0.1422,0,11.37
cust_101038,323,Gaming,wallet,0.9343,0.0657,1,21.18
cust_101039,7,Financial Services,UPI,0.7492,0.2508,1,2.49
cust_101040,18,SaaS,netbanking,0.2163,0.7837,0,26.24
cust_101041,33,E-commerce,card,0.339,0.661,1,20.29
cust_101042,29,Edtech,wallet,0.7564,0.2436,0,27.26
cust_101043,44,E-commerce,card,0.7497,0.2503,1,33.71
cust_101044,61,Edtech,UPI,0.1739,0.8261,1,23.56
cust_101045,28,E-commerce,card,0.937,0.063,0,5.58
cust_101046,125,Edtech,card,0.8046,0.1954,0,5.2
cust_101047,38,Financial Services,UPI,0.7942,0.2058,2,13.91
cust_101048,273,Edtech,netbanking,0.1788,0.8212,0,46.3
cust_101049,57,Financial Services,UPI,0.969,0.031,0,6.66
cust_101050,14,Edtech,UPI,0.9712,0.0288,0,16.55
cust_101051,251,Gaming,UPI,0.7625,0.2375,2,1.59
cust_101052,141,Gaming,netbanking,0.8059,0.1941,1,6.94
cust_101053,125,Edtech,card,0.4644,0.5356,0,18.74
cust_101054,195,Gaming,netbanking,0.9784,0.0216,0,30.45
cust_101055,48,Gaming,card,0.4012,0.5988,1,44.14
cust_101056,46,Gaming,netbanking,0.8584,0.1416,0,12.21
cust_101057,163,Financial Services,card,0.4727,0.5273,0,35.64
cust_101058,23,E-commerce,UPI,0.7895,0.2105,1,18.91
cust_101059,59,SaaS,UPI,0.8876,0.1124,1,2.1
cust_101060,153,Edtech,card,0.7743,0.2257,0,6.18
cust_101061,212,E-commerce,netbanking,0.7981,0.2019,1,18.25
cust_101062,134,SaaS,card,0.7135,0.2865,0,21.14
cust_101063,156,Financial Services,UPI,0.9713,0.0287,0,21.75
cust_101064,6,Financial Services,wallet,0.806,0.194,1,3.15
cust_101065,35,Gaming,netbanking,0.9321,0.0679,0,14.94
cust_101066,60,Gaming,UPI,0.8924,0.1076,0,7.86
cust_101067,447,E-commerce,UPI,0.9238,0.0762,0,4.22
cust_101068,89,SaaS,UPI,0.7892,0.2108,1,7.09
cust_101069,18,SaaS,wallet,0.1851,0.8149,0,15.76
cust_101070,131,Financial Services,card,0.721,0.279,0,5.49
cust_101071,185,SaaS,UPI,0.9759,0.0241,1,5.43
cust_101072,74,Financial Services,UPI,0.8208,0.1792,1,3.87
cust_101073,109,E-commerce,wallet,0.8216,0.1784,0,25.34
cust_101074,51,SaaS,UPI,0.2028,0.7972,0,20.42
cust_101075,30,E-commerce,UPI,0.8552,0.1448,2,1.84
cust_101076,16,Gaming,UPI,0.7788,0.2212,2,1.27
cust_101077,87,E-commerce,UPI,0.2965,0.7035,0,24.71
cust_101078,153,Gaming,UPI,0.743,0.257,0,51.73
cust_101079,32,Edtech,UPI,0.1438,0.8562,0,15.4
cust_101080,60,Gaming,netbanking,0.7272,0.2728,0,5.87
cust_101081,136,E-commerce,card,0.7817,0.2183,2,15.05
cust_101082,75,SaaS,wallet,0.7323,0.2677,0,43.35
cust_101083,169,Financial Services,UPI,0.9506,0.0494,0,48.45
cust_101084,234,Edtech,UPI,0.3721,0.6279,1,15.07
cust_101085,62,E-commerce,UPI,0.8068,0.1932,1,17.57
cust_101086,1,E-commerce,UPI,0.7737,0.2263,0,2.66
cust_101087,9,Financial Services,UPI,0.9344,0.0656,0,3.44
cust_101088,65,Gaming,UPI,0.4761,0.5239,2,19.01
cust_101089,14,SaaS,wallet,0.2719,0.7281,0,18.53
cust_101090,43,Gaming,UPI,0.9118,0.0882,0,15.29
cust_101091,16,E-commerce,card,0.9354,0.0646,0,0.73
cust_101092,289,Gaming,UPI,0.8499,0.1501,1,0.81
cust_101093,374,Financial Services,UPI,0.766,0.234,1,19.24
cust_101094,2,Edtech,card,0.5514,0.4486,2,17.13
cust_101095,263,SaaS,UPI,0.9521,0.0479,0,3.41
cust_101096,57,Gaming,UPI,0.8737,0.1263,0,1.74
cust_101097,142,SaaS,UPI,0.8257,0.1743,0,7.0
cust_101098,192,E-commerce,card,0.9264,0.0736,0,1.69
cust_101099,96,E-commerce,UPI,0.1392,0.8608,0,20.34
cust_101100,5,Financial Services,UPI,0.9303,0.0697,2,0.44
cust_101101,24,E-commerce,UPI,0.7722,0.2278,1,14.42
cust_101102,14,SaaS,wallet,0.3782,0.6218,0,29.93
cust_101103,51,Gaming,card,0.7773,0.2227,0,1.58
cust_101104,334,Financial Services,netbanking,0.7035,0.2965,1,16.52
cust_101105,9,Gaming,UPI,0.9189,0.0811,0,10.1
cust_101106,53,SaaS,UPI,0.7415,0.2585,0,16.84
cust_101107,58,Gaming,UPI,0.9702,0.0298,0,2.71
cust_101108,43,SaaS,card,0.8576,0.1424,0,11.91
cust_101109,55,SaaS,netbanking,0.9429,0.0571,0,6.33
cust_101110,194,Edtech,UPI,0.774,0.226,0,21.51
cust_101111,51,Financial Services,card,0.8325,0.1675,0,11.71
cust_101112,46,E-commerce,UPI,0.7403,0.2597,0,2.75
cust_101113,59,Gaming,UPI,0.8125,0.1875,0,3.54
cust_101114,12,Financial Services,netbanking,0.7928,0.2072,0,6.61
cust_101115,16,E-commerce,UPI,0.3376,0.6624,1,48.76
cust_101116,28,Edtech,card,0.7057,0.2943,0,21.58
cust_101117,97,Edtech,card,0.936,0.064,0,1.82
cust_101118,298,SaaS,UPI,0.7638,0.2362,0,14.26
cust_101119,50,Edtech,wallet,0.8241,0.1759,1,21.28
cust_101120,7,Edtech,UPI,0.8167,0.1833,0,2.57
cust_101121,164,SaaS,netbanking,0.7592,0.2408,0,4.19
cust_101122,392,Financial Services,UPI,0.9127,0.0873,0,4.33
cust_101123,289,Edtech,card,0.8443,0.1557,1,4.18
cust_101124,69,E-commerce,netbanking,0.4548,0.5452,0,30.8
cust_101125,340,Financial Services,card,0.5256,0.4744,1,18.65
cust_101126,61,Gaming,UPI,0.1964,0.8036,0,26.2
cust_101127,72,E-commerce,card,0.7699,0.2301,0,10.07
cust_101128,25,Financial Services,card,0.2802,0.7198,0,17.28
cust_101129,42,E-commerce,card,0.9306,0.0694,0,2.43
cust_101130,411,Gaming,card,0.9585,0.0415,1,6.45
cust_101131,274,SaaS,card,0.8369,0.1631,1,5.92
cust_101132,16,Financial Services,UPI,0.9437,0.0563,0,0.4
cust_101133,455,Gaming,UPI,0.7964,0.2036,0,18.27
cust_101134,96,Edtech,UPI,0.8929,0.1071,1,13.14
cust_101135,177,Edtech,wallet,0.1248,0.8752,0,19.18
cust_101136,126,Gaming,UPI,0.76,0.24,1,3.97
cust_101137,203,E-commerce,card,0.8898,0.1102,0,6.41
cust_101138,232,Edtech,UPI,0.8437,0.1563,1,15.0
cust_101139,226,SaaS,UPI,0.737,0.263,0,1.81
cust_101140,148,E-commerce,card,0.7024,0.2976,0,2.19
cust_101141,29,Edtech,UPI,0.964,0.036,0,8.2
cust_101142,235,Edtech,card,0.8054,0.1946,0,30.6
cust_101143,153,Edtech,netbanking,0.7611,0.2389,0,3.0
cust_101144,7,Edtech,card,0.9308,0.0692,0,3.61
cust_101145,92,Financial Services,card,0.7021,0.2979,0,1.82
cust_101146,58,Edtech,card,0.8663,0.1337,2,14.36
cust_101147,108,Edtech,UPI,0.7303,0.2697,0,9.77
cust_101148,111,SaaS,UPI,0.7774,0.2226,0,4.07
cust_101149,88,Edtech,UPI,0.7731,0.2269,1,0.89
cust_101150,69,Edtech,card,0.8448,0.1552,0,3.24
cust_101151,99,E-commerce,UPI,0.9255,0.0745,2,3.97
cust_101152,161,Gaming,UPI,0.7895,0.2105,0,4.1
cust_101153,304,E-commerce,UPI,0.8835,0.1165,0,13.5
cust_101154,80,Edtech,UPI,0.8172,0.1828,1,9.52
cust_101155,33,Financial Services,UPI,0.8632,0.1368,0,0.78
cust_101156,14,Gaming,netbanking,0.7961,0.2039,0,2.17
cust_101157,85,E-commerce,card,0.8787,0.1213,0,8.6
cust_101158,16,Financial Services,UPI,0.8881,0.1119,0,17.97
cust_101159,16,Gaming,UPI,0.7476,0.2524,0,18.58
cust_101160,37,Gaming,UPI,0.7273,0.2727,0,5.96
cust_101161,104,E-commerce,card,0.9031,0.0969,0,3.79
cust_101162,14,Gaming,UPI,0.7513,0.2487,0,14.55
cust_101163,407,Edtech,wallet,0.7622,0.2378,1,12.07
cust_101164,41,E-commerce,card,0.786,0.214,0,6.58
cust_101165,171,Edtech,UPI,0.864,0.136,0,25.86
cust_101166,7,Financial Services,UPI,0.8318,0.1682,1,7.91
cust_101167,35,Gaming,UPI,0.8738,0.1262,1,7.23
cust_101168,13,Financial Services,UPI,0.8401,0.1599,1,9.24
cust_101169,10,Financial Services,card,0.8157,0.1843,1,1.35
cust_101170,105,E-commerce,card,0.2001,0.7999,0,36.19
cust_101171,126,Financial Services,netbanking,0.95,0.05,0,1.41
cust_101172,45,Financial Services,UPI,0.5312,0.4688,2,3.58
cust_101173,25,E-commerce,card,0.8365,0.1635,0,2.56
cust_101174,116,E-commerce,UPI,0.7162,0.2838,0,6.32
cust_101175,20,Financial Services,wallet,0.9131,0.0869,0,1.4
cust_101176,28,E-commerce,card,0.7444,0.2556,0,8.33
cust_101177,3,SaaS,UPI,0.3169,0.6831,0,31.96
cust_101178,260,Financial Services,UPI,0.9703,0.0297,0,24.44
cust_101179,59,Financial Services,netbanking,0.3669,0.6331,0,42.39
cust_101180,168,Edtech,netbanking,0.9498,0.0502,1,27.84
cust_101181,39,Gaming,UPI,0.8895,0.1105,1,26.51
cust_101182,28,E-commerce,card,0.9456,0.0544,1,4.9
cust_101183,40,Edtech,UPI,0.2918,0.7082,1,27.65
cust_101184,451,Gaming,UPI,0.7183,0.2817,1,20.37
cust_101185,24,SaaS,netbanking,0.7814,0.2186,0,3.95
cust_101186,170,Gaming,UPI,0.7946,0.2054,0,5.88
cust_101187,163,E-commerce,UPI,0.9524,0.0476,0,3.57
cust_101188,78,Edtech,UPI,0.7462,0.2538,0,5.11
cust_101189,8,Financial Services,card,0.2122,0.7878,1,24.11
cust_101190,132,E-commerce,UPI,0.7061,0.2939,1,7.02
cust_101191,1,Gaming,card,0.8026,0.1974,0,0.39
cust_101192,56,SaaS,wallet,0.8793,0.1207,0,6.97
cust_101193,289,Gaming,card,0.8663,0.1337,0,15.99
cust_101194,240,SaaS,UPI,0.883,0.117,0,4.88
cust_101195,409,SaaS,card,0.1579,0.8421,0,34.87
cust_101196,79,Financial Services,UPI,0.8532,0.1468,0,5.4
cust_101197,253,Financial Services,UPI,0.7575,0.2425,1,0.56
cust_101198,429,SaaS,card,0.8853,0.1147,0,6.34
cust_101199,235,Gaming,UPI,0.8696,0.1304,0,1.38
cust_101200,43,E-commerce,card,0.9516,0.0484,0,2.58
cust_101201,22,Gaming,UPI,0.733,0.267,1,44.33
cust_101202,80,SaaS,UPI,0.8394,0.1606,1,12.37
cust_101203,495,Gaming,UPI,0.7736,0.2264,0,12.75
cust_101204,40,Gaming,UPI,0.8002,0.1998,0,0.22
cust_101205,179,Financial Services,UPI,0.711,0.289,0,9.31
cust_101206,68,Financial Services,UPI,0.8927,0.1073,1,14.35
cust_101207,269,Financial Services,UPI,0.7008,0.2992,0,6.48
cust_101208,60,SaaS,netbanking,0.9339,0.0661,1,9.55
cust_101209,314,Financial Services,wallet,0.145,0.855,0,21.03
cust_101210,40,Gaming,wallet,0.4618,0.5382,0,23.67
cust_101211,40,Edtech,UPI,0.8279,0.1721,0,67.2
cust_101212,7,Edtech,card,0.714,0.286,0,1.68
cust_101213,70,E-commerce,card,0.9386,0.0614,0,3.8
cust_101214,11,Edtech,UPI,0.7876,0.2124,2,8.46
cust_101215,289,SaaS,UPI,0.4791,0.5209,2,16.76
cust_101216,389,SaaS,card,0.1692,0.8308,0,17.98
cust_101217,72,E-commerce,card,0.9505,0.0495,2,7.73
cust_101218,92,Gaming,UPI,0.9053,0.0947,0,37.92
cust_101219,231,Edtech,UPI,0.7512,0.2488,0,2.58
cust_101220,95,Financial Services,card,0.8278,0.1722,0,46.34
cust_101221,114,Financial Services,UPI,0.8339,0.1661,1,4.85
cust_101222,52,Financial Services,UPI,0.9231,0.0769,1,15.8
cust_101223,104,SaaS,UPI,0.4632,0.5368,1,17.54
cust_101224,85,E-commerce,UPI,0.5556,0.4444,0,10.45
cust_101225,86,Financial Services,UPI,0.89,0.11,1,19.91
cust_101226,19,E-commerce,card,0.9182,0.0818,1,12.66
cust_101227,56,Gaming,UPI,0.4422,0.5578,0,20.02
cust_101228,243,E-commerce,UPI,0.8367,0.1633,2,4.28
cust_101229,272,Financial Services,wallet,0.7177,0.2823,0,3.87
cust_101230,90,Edtech,card,0.5342,0.4658,0,13.34
cust_101231,7,Gaming,UPI,0.8615,0.1385,0,4.36
cust_101232,46,Gaming,UPI,0.9676,0.0324,0,2.14
cust_101233,45,Edtech,wallet,0.8927,0.1073,0,5.88
cust_101234,104,Gaming,wallet,0.4309,0.5691,0,26.43
cust_101235,152,E-commerce,card,0.8858,0.1142,0,11.3
cust_101236,8,Financial Services,card,0.5132,0.4868,1,18.43
cust_101237,4,Gaming,netbanking,0.4217,0.5783,0,17.45
cust_101238,18,E-commerce,wallet,0.8314,0.1686,0,2.22
cust_101239,52,Financial Services,card,0.721,0.279,0,1.34
cust_101240,42,Financial Services,UPI,0.7927,0.2073,0,5.3
cust_101241,147,Edtech,UPI,0.2114,0.7886,0,19.96
cust_101242,450,Financial Services,wallet,0.7658,0.2342,1,0.7
cust_101243,46,Financial Services,UPI,0.8604,0.1396,0,15.04
cust_101244,235,SaaS,netbanking,0.8252,0.1748,0,11.62
cust_101245,46,SaaS,UPI,0.9087,0.0913,1,5.26
cust_101246,48,SaaS,card,0.3062,0.6938,1,31.69
cust_101247,42,Gaming,UPI,0.9313,0.0687,1,43.72
cust_101248,31,Gaming,card,0.8785,0.1215,0,24.66
cust_101249,21,Gaming,card,0.8833,0.1167,0,3.21
cust_101250,78,Financial Services,UPI,0.8017,0.1983,0,21.98
cust_101251,102,SaaS,card,0.9364,0.0636,0,0.53
cust_101252,32,Edtech,UPI,0.8735,0.1265,0,2.01
cust_101253,85,Financial Services,UPI,0.8017,0.1983,0,6.24
cust_101254,18,Financial Services,netbanking,0.4797,0.5203,1,16.12
cust_101255,180,E-commerce,netbanking,0.2776,0.7224,1,25.33
cust_101256,216,Edtech,card,0.8047,0.1953,0,6.13
cust_101257,91,SaaS,UPI,0.1821,0.8179,0,15.85
cust_101258,69,E-commerce,UPI,0.9079,0.0921,0,1.43
cust_101259,142,Financial Services,card,0.4054,0.5946,0,16.1
cust_101260,19,E-commerce,netbanking,0.5261,0.4739,0,6.3
cust_101261,14,E-commerce,card,0.9188,0.0812,2,0.78
cust_101262,15,Edtech,UPI,0.3072,0.6928,0,16.46
cust_101263,37,Gaming,UPI,0.5459,0.4541,1,18.02
cust_101264,149,Financial Services,UPI,0.9677,0.0323,1,10.19
cust_101265,51,E-commerce,wallet,0.7012,0.2988,0,3.27
cust_101266,321,SaaS,UPI,0.8212,0.1788,1,18.1
cust_101267,441,Gaming,wallet,0.8423,0.1577,0,17.25
cust_101268,125,E-commerce,card,0.7486,0.2514,0,10.5
cust_101269,486,E-commerce,netbanking,0.4288,0.5712,0,15.41
cust_101270,54,Gaming,netbanking,0.8412,0.1588,1,0.57
cust_101271,67,Financial Services,UPI,0.8705,0.1295,1,3.73
cust_101272,90,E-commerce,UPI,0.9698,0.0302,1,6.5
cust_101273,53,Edtech,card,0.7373,0.2627,0,12.56
cust_101274,38,Financial Services,UPI,0.9482,0.0518,0,10.66
cust_101275,5,Gaming,card,0.8964,0.1036,2,6.15
cust_101276,10,Edtech,card,0.9619,0.0381,1,5.47
cust_101277,220,E-commerce,netbanking,0.8748,0.1252,0,8.0
cust_101278,26,Edtech,UPI,0.9579,0.0421,2,0.5
cust_101279,223,E-commerce,UPI,0.882,0.118,0,7.91
cust_101280,12,E-commerce,card,0.8944,0.1056,0,2.07
cust_101281,26,Edtech,UPI,0.913,0.087,0,8.86
cust_101282,221,Gaming,UPI,0.8598,0.1402,0,8.5
cust_101283,206,Financial Services,UPI,0.9503,0.0497,0,9.07
cust_101284,39,Gaming,UPI,0.9372,0.0628,1,8.69
cust_101285,163,SaaS,card,0.7071,0.2929,0,4.35
cust_101286,17,E-commerce,UPI,0.1283,0.8717,1,47.9
cust_101287,119,Edtech,UPI,0.7451,0.2549,0,16.76
cust_101288,104,Edtech,card,0.741,0.259,1,17.99
cust_101289,7,SaaS,card,0.7826,0.2174,1,10.23
cust_101290,46,Gaming,wallet,0.507,0.493,0,8.67
cust_101291,22,SaaS,card,0.8891,0.1109,0,2.68
cust_101292,82,Gaming,netbanking,0.9079,0.0921,0,1.56
cust_101293,171,Gaming,card,0.8431,0.1569,1,10.38
cust_101294,32,Edtech,UPI,0.7132,0.2868,1,14.06
cust_101295,45,Financial Services,UPI,0.9679,0.0321,0,41.41
cust_101296,42,Edtech,UPI,0.7151,0.2849,0,8.31
cust_101297,35,Edtech,netbanking,0.9433,0.0567,0,22.62
cust_101298,14,Financial Services,card,0.9552,0.0448,1,34.52
cust_101299,73,Edtech,netbanking,0.8531,0.1469,1,2.09
cust_101300,44,Gaming,UPI,0.903,0.097,0,1.11
cust_101301,66,E-commerce,card,0.7497,0.2503,0,1.4
cust_101302,124,SaaS,UPI,0.7487,0.2513,0,1.83
cust_101303,309,Gaming,netbanking,0.1203,0.8797,0,25.67
cust_101304,93,Edtech,card,0.7364,0.2636,1,3.09
cust_101305,5,Gaming,UPI,0.7016,0.2984,1,17.86
cust_101306,574,Financial Services,UPI,0.7433,0.2567,1,39.1
cust_101307,509,E-commerce,card,0.8671,0.1329,0,16.02
cust_101308,14,Gaming,card,0.7843,0.2157,1,9.96
cust_101309,68,Gaming,UPI,0.7204,0.2796,0,14.36
cust_101310,331,Edtech,netbanking,0.968,0.032,0,20.77
cust_101311,161,Gaming,UPI,0.3526,0.6474,0,18.12
cust_101312,292,Financial Services,card,0.813,0.187,1,12.71
cust_101313,4,Edtech,UPI,0.7597,0.2403,0,1.58
cust_101314,208,Edtech,UPI,0.7822,0.2178,0,5.2
cust_101315,109,Gaming,UPI,0.9791,0.0209,0,24.03
cust_101316,38,SaaS,netbanking,0.273,0.727,1,18.08
cust_101317,131,E-commerce,wallet,0.8718,0.1282,1,15.85
cust_101318,18,Gaming,wallet,0.7112,0.2888,1,3.56
cust_101319,13,Edtech,UPI,0.9229,0.0771,1,0.93
cust_101320,51,SaaS,wallet,0.8513,0.1487,0,5.38
cust_101321,22,Edtech,wallet,0.3584,0.6416,1,15.73
cust_101322,7,Edtech,UPI,0.8424,0.1576,0,26.42
cust_101323,83,Financial Services,netbanking,0.5491,0.4509,0,12.33
cust_101324,158,E-commerce,UPI,0.7231,0.2769,0,10.14
cust_101325,9,SaaS,UPI,0.9678,0.0322,0,55.79
cust_101326,78,Gaming,netbanking,0.8755,0.1245,0,15.92
cust_101327,109,E-commerce,netbanking,0.9166,0.0834,0,9.27
cust_101328,120,Financial Services,UPI,0.7576,0.2424,0,0.98
cust_101329,3,Financial Services,netbanking,0.9631,0.0369,0,2.38
cust_101330,160,E-commerce,UPI,0.4584,0.5416,0,16.77
cust_101331,386,SaaS,netbanking,0.1271,0.8729,1,29.37
cust_101332,19,Edtech,UPI,0.861,0.139,0,8.83
cust_101333,73,E-commerce,card,0.8141,0.1859,0,5.49
cust_101334,152,Financial Services,UPI,0.8212,0.1788,1,16.77
cust_101335,107,SaaS,UPI,0.7331,0.2669,0,9.89
cust_101336,213,SaaS,UPI,0.8731,0.1269,0,20.17
cust_101337,133,Gaming,UPI,0.5241,0.4759,0,2.28
cust_101338,119,Edtech,UPI,0.7297,0.2703,1,6.65
cust_101339,101,Edtech,netbanking,0.7788,0.2212,1,12.68
cust_101340,106,Financial Services,UPI,0.9302,0.0698,0,6.24
cust_101341,34,SaaS,netbanking,0.8494,0.1506,0,30.42
cust_101342,92,E-commerce,card,0.9231,0.0769,0,1.39
cust_101343,57,Gaming,UPI,0.8775,0.1225,0,5.92
cust_101344,181,Edtech,UPI,0.956,0.044,0,5.21
cust_101345,314,Edtech,card,0.7031,0.2969,0,7.28
cust_101346,11,Gaming,wallet,0.1209,0.8791,0,18.36
cust_101347,106,Gaming,UPI,0.8504,0.1496,1,10.44
cust_101348,34,SaaS,card,0.9095,0.0905,1,9.53
cust_101349,268,Edtech,UPI,0.9536,0.0464,0,2.85
cust_101350,531,Gaming,UPI,0.192,0.808,1,17.38
cust_101351,33,Gaming,UPI,0.7544,0.2456,0,2.67
cust_101352,3,E-commerce,netbanking,0.8588,0.1412,1,4.13
cust_101353,1,SaaS,card,0.9611,0.0389,1,1.74
cust_101354,188,Gaming,card,0.8539,0.1461,0,9.74
cust_101355,45,Edtech,UPI,0.7702,0.2298,1,5.11
cust_101356,353,E-commerce,UPI,0.8364,0.1636,1,22.78
cust_101357,287,Edtech,UPI,0.888,0.112,2,2.24
cust_101358,197,E-commerce,netbanking,0.4098,0.5902,0,45.42
cust_101359,7,E-commerce,UPI,0.8262,0.1738,0,8.58
cust_101360,125,Gaming,UPI,0.8942,0.1058,1,1.54
cust_101361,2,E-commerce,card,0.8021,0.1979,1,17.3
cust_101362,2,Edtech,card,0.7472,0.2528,0,6.91
cust_101363,9,Edtech,card,0.762,0.238,0,14.49
cust_101364,80,Financial Services,UPI,0.8007,0.1993,0,1.89
cust_101365,248,Edtech,card,0.8296,0.1704,0,32.79
cust_101366,88,Edtech,UPI,0.8364,0.1636,0,2.92
cust_101367,196,SaaS,netbanking,0.8699,0.1301,1,6.07
cust_101368,169,Edtech,UPI,0.7392,0.2608,0,7.9
cust_101369,12,Gaming,UPI,0.9054,0.0946,2,0.95
cust_101370,37,SaaS,netbanking,0.9498,0.0502,0,12.73
cust_101371,13,Gaming,card,0.9275,0.0725,0,15.55
cust_101372,32,Gaming,card,0.8652,0.1348,0,12.51
cust_101373,249,SaaS,UPI,0.8522,0.1478,1,1.36
cust_101374,67,Gaming,UPI,0.9171,0.0829,1,1.12
cust_101375,85,Edtech,netbanking,0.9496,0.0504,1,30.01
cust_101376,93,Gaming,UPI,0.7815,0.2185,1,6.38
cust_101377,81,Financial Services,netbanking,0.7254,0.2746,1,4.05
cust_101378,82,Edtech,card,0.8855,0.1145,0,15.8
cust_101379,80,Gaming,UPI,0.912,0.088,0,2.73
cust_101380,358,E-commerce,UPI,0.7502,0.2498,0,6.17
cust_101381,45,Gaming,UPI,0.971,0.029,0,7.86
cust_101382,97,Financial Services,UPI,0.7113,0.2887,0,33.67
cust_101383,57,Financial Services,UPI,0.774,0.226,0,6.12
cust_101384,172,E-commerce,UPI,0.2034,0.7966,1,20.43
cust_101385,180,Edtech,UPI,0.957,0.043,0,2.29
cust_101386,163,SaaS,UPI,0.4243,0.5757,1,35.75
cust_101387,53,SaaS,card,0.846,0.154,0,23.64
cust_101388,17,Edtech,UPI,0.7737,0.2263,0,0.85
cust_101389,27,Gaming,netbanking,0.8055,0.1945,1,25.68
cust_101390,95,Financial Services,UPI,0.8829,0.1171,1,45.21
cust_101391,37,SaaS,card,0.8054,0.1946,0,1.21
cust_101392,1,E-commerce,wallet,0.7988,0.2012,1,7.13
cust_101393,43,Edtech,UPI,0.835,0.165,0,4.72
cust_101394,170,Gaming,card,0.541,0.459,0,0.18
cust_101395,13,Financial Services,UPI,0.7216,0.2784,1,16.19
cust_101396,76,Edtech,UPI,0.7523,0.2477,0,20.87
cust_101397,184,Edtech,UPI,0.9287,0.0713,0,6.68
cust_101398,118,E-commerce,netbanking,0.7925,0.2075,0,7.77
cust_101399,7,SaaS,UPI,0.8341,0.1659,0,0.33
cust_101400,164,E-commerce,card,0.8812,0.1188,0,18.08
cust_101401,21,Financial Services,UPI,0.1216,0.8784,0,19.66
cust_101402,36,Gaming,UPI,0.7377,0.2623,0,43.1
cust_101403,7,Gaming,UPI,0.3861,0.6139,0,24.83
cust_101404,7,SaaS,netbanking,0.9583,0.0417,0,7.49
cust_101405,99,Gaming,UPI,0.8678,0.1322,0,3.84
cust_101406,109,Gaming,UPI,0.946,0.054,0,35.1
cust_101407,3,Edtech,netbanking,0.7606,0.2394,1,1.46
cust_101408,19,Gaming,card,0.9428,0.0572,0,15.27
cust_101409,333,E-commerce,card,0.815,0.185,0,2.79
cust_101410,222,E-commerce,UPI,0.9297,0.0703,0,12.15
cust_101411,62,E-commerce,netbanking,0.843,0.157,0,0.95
cust_101412,355,E-commerce,UPI,0.7959,0.2041,0,5.15
cust_101413,7,Financial Services,UPI,0.7193,0.2807,0,5.12
cust_101414,52,Financial Services,card,0.7304,0.2696,1,4.57
cust_101415,57,E-commerce,UPI,0.9546,0.0454,1,2.11
cust_101416,55,Financial Services,UPI,0.8695,0.1305,0,1.29
cust_101417,512,E-commerce,card,0.8721,0.1279,0,8.64
cust_101418,291,SaaS,card,0.8488,0.1512,0,4.76
cust_101419,223,SaaS,card,0.4297,0.5703,0,35.16
cust_101420,270,Gaming,netbanking,0.7003,0.2997,0,7.86
cust_101421,162,Financial Services,card,0.8037,0.1963,0,1.82
cust_101422,192,SaaS,card,0.8201,0.1799,0,6.23
cust_101423,23,Financial Services,UPI,0.8067,0.1933,0,5.11
cust_101424,96,Gaming,card,0.9542,0.0458,0,18.1
cust_101425,30,Gaming,UPI,0.1669,0.8331,1,51.79
cust_101426,222,Financial Services,card,0.9548,0.0452,1,3.61
cust_101427,123,SaaS,UPI,0.9455,0.0545,1,7.97
cust_101428,108,Financial Services,card,0.7015,0.2985,0,4.53
cust_101429,223,SaaS,UPI,0.733,0.267,1,14.36
cust_101430,151,SaaS,UPI,0.7575,0.2425,0,20.23
cust_101431,68,Edtech,wallet,0.7298,0.2702,0,1.54
cust_101432,60,Financial Services,wallet,0.771,0.229,0,20.26
cust_101433,256,Gaming,UPI,0.8024,0.1976,0,12.89
cust_101434,45,Edtech,card,0.8113,0.1887,0,6.64
cust_101435,181,E-commerce,UPI,0.9195,0.0805,0,4.72
cust_101436,55,Financial Services,card,0.8565,0.1435,1,7.43
cust_101437,134,Financial Services,UPI,0.7859,0.2141,0,27.09
cust_101438,155,Edtech,card,0.8115,0.1885,0,0.3
cust_101439,116,E-commerce,card,0.8846,0.1154,0,4.45
cust_101440,11,E-commerce,UPI,0.8958,0.1042,1,6.29
cust_101441,7,E-commerce,UPI,0.3542,0.6458,1,22.11
cust_101442,34,Edtech,card,0.8719,0.1281,0,2.11
cust_101443,75,SaaS,UPI,0.9701,0.0299,0,10.36
cust_101444,127,SaaS,netbanking,0.9305,0.0695,0,0.76
cust_101445,39,Financial Services,wallet,0.8219,0.1781,0,12.37
cust_101446,1,SaaS,card,0.8038,0.1962,0,8.42
cust_101447,305,Gaming,wallet,0.2922,0.7078,0,21.13
cust_101448,349,Financial Services,card,0.8459,0.1541,0,6.27
cust_101449,33,Gaming,UPI,0.4868,0.5132,0,23.73
cust_101450,53,E-commerce,UPI,0.8229,0.1771,0,17.73
cust_101451,131,E-commerce,UPI,0.9606,0.0394,2,0.4
cust_101452,163,Gaming,netbanking,0.7094,0.2906,2,7.55
cust_101453,4,Gaming,UPI,0.8956,0.1044,0,9.9
cust_101454,98,Gaming,card,0.7101,0.2899,0,8.32
cust_101455,12,E-commerce,UPI,0.9732,0.0268,1,46.72
cust_101456,40,SaaS,UPI,0.9183,0.0817,0,5.81
cust_101457,234,Edtech,card,0.8135,0.1865,1,20.66
cust_101458,8,E-commerce,netbanking,0.9063,0.0937,0,3.78
cust_101459,87,SaaS,netbanking,0.8539,0.1461,0,4.34
cust_101460,234,Gaming,UPI,0.7975,0.2025,0,5.53
cust_101461,59,Edtech,netbanking,0.9697,0.0303,1,44.54
cust_101462,76,Financial Services,UPI,0.861,0.139,0,5.73
cust_101463,21,Edtech,netbanking,0.8417,0.1583,1,8.94
cust_101464,154,Gaming,netbanking,0.2471,0.7529,1,29.9
cust_101465,100,SaaS,card,0.9679,0.0321,0,1.35
cust_101466,91,Gaming,UPI,0.861,0.139,0,12.83
cust_101467,4,Financial Services,card,0.8577,0.1423,0,34.68
cust_101468,80,E-commerce,UPI,0.9691,0.0309,0,18.39
cust_101469,692,Financial Services,UPI,0.951,0.049,0,23.71
cust_101470,26,SaaS,card,0.7722,0.2278,0,0.42
cust_101471,52,Financial Services,UPI,0.9784,0.0216,1,3.12
cust_101472,201,E-commerce,UPI,0.8155,0.1845,0,0.73
cust_101473,327,Edtech,card,0.7027,0.2973,0,17.37
cust_101474,126,Edtech,wallet,0.726,0.274,1,7.28
cust_101475,15,Edtech,card,0.5657,0.4343,0,8.98
cust_101476,80,Financial Services,card,0.7612,0.2388,0,2.17
cust_101477,82,Gaming,wallet,0.9652,0.0348,0,5.52
cust_101478,151,E-commerce,card,0.7559,0.2441,0,5.29
cust_101479,30,E-commerce,wallet,0.7579,0.2421,0,4.65
cust_101480,4,E-commerce,UPI,0.9342,0.0658,1,0.83
cust_101481,78,Edtech,UPI,0.7299,0.2701,0,16.48
cust_101482,178,SaaS,netbanking,0.8858,0.1142,1,0.54
cust_101483,184,Gaming,netbanking,0.5285,0.4715,1,2.65
cust_101484,224,SaaS,card,0.8039,0.1961,1,2.56
cust_101485,29,Edtech,card,0.9759,0.0241,0,0.69
cust_101486,786,Gaming,UPI,0.8374,0.1626,1,18.43
cust_101487,98,Gaming,netbanking,0.7622,0.2378,1,0.78
cust_101488,35,Gaming,card,0.3629,0.6371,1,24.34
cust_101489,26,Financial Services,netbanking,0.8514,0.1486,1,6.83
cust_101490,11,Gaming,card,0.9409,0.0591,0,1.56
cust_101491,71,E-commerce,UPI,0.7337,0.2663,0,8.81
cust_101492,2,Gaming,card,0.893,0.107,1,0.54
cust_101493,169,SaaS,wallet,0.8062,0.1938,0,3.91
cust_101494,25,SaaS,card,0.8716,0.1284,0,4.4
cust_101495,144,Edtech,card,0.7736,0.2264,0,5.45
cust_101496,100,Edtech,UPI,0.8717,0.1283,0,21.31
cust_101497,10,Edtech,card,0.8187,0.1813,1,4.63
cust_101498,101,Financial Services,netbanking,0.8042,0.1958,2,11.06
cust_101499,64,Financial Services,UPI,0.7504,0.2496,0,2.12
cust_101500,188,E-commerce,UPI,0.8921,0.1079,0,4.85
cust_101501,232,SaaS,card,0.9251,0.0749,0,1.25
cust_101502,35,Gaming,netbanking,0.8066,0.1934,0,7.62
cust_101503,109,E-commerce,UPI,0.9068,0.0932,1,1.24
cust_101504,17,Financial Services,card,0.7495,0.2505,1,20.37
cust_101505,174,Financial Services,UPI,0.5466,0.4534,0,1.07
cust_101506,157,Gaming,UPI,0.7884,0.2116,0,6.97
cust_101507,156,Financial Services,UPI,0.8574,0.1426,0,6.64
cust_101508,94,Gaming,netbanking,0.1495,0.8505,0,31.49
cust_101509,142,E-commerce,card,0.5069,0.4931,1,1.49
cust_101510,132,Financial Services,card,0.727,0.273,0,4.12
cust_101511,285,Edtech,card,0.8009,0.1991,0,5.97
cust_101512,170,Gaming,card,0.7722,0.2278,0,22.51
cust_101513,38,SaaS,UPI,0.7983,0.2017,2,19.59
cust_101514,12,Gaming,netbanking,0.8613,0.1387,0,1.96
cust_101515,33,Gaming,UPI,0.9185,0.0815,0,3.86
cust_101516,18,Edtech,UPI,0.8429,0.1571,0,5.83
cust_101517,52,Financial Services,card,0.8067,0.1933,2,13.64
cust_101518,20,Edtech,UPI,0.9678,0.0322,0,16.49
cust_101519,34,E-commerce,UPI,0.96,0.04,0,19.57
cust_101520,121,Financial Services,UPI,0.8601,0.1399,0,7.5
cust_101521,128,SaaS,UPI,0.2718,0.7282,1,26.85
cust_101522,2,Edtech,UPI,0.7816,0.2184,0,7.84
cust_101523,10,Edtech,card,0.8107,0.1893,0,11.3
cust_101524,196,Financial Services,card,0.9629,0.0371,1,4.39
cust_101525,199,Gaming,UPI,0.8261,0.1739,0,13.68
cust_101526,58,E-commerce,UPI,0.7065,0.2935,0,17.04
cust_101527,319,E-commerce,card,0.9633,0.0367,0,23.36
cust_101528,13,SaaS,UPI,0.8112,0.1888,1,19.45
cust_101529,65,SaaS,UPI,0.5393,0.4607,0,2.62
cust_101530,42,Gaming,card,0.4855,0.5145,0,32.58
cust_101531,67,Gaming,card,0.7233,0.2767,0,4.12
cust_101532,12,Edtech,wallet,0.7236,0.2764,1,2.53
cust_101533,326,Financial Services,UPI,0.7693,0.2307,0,8.28
cust_101534,346,Edtech,UPI,0.7354,0.2646,0,27.88
cust_101535,23,Gaming,UPI,0.708,0.292,0,19.79
cust_101536,78,Edtech,wallet,0.7911,0.2089,1,49.38
cust_101537,63,Financial Services,UPI,0.9439,0.0561,0,3.63
cust_101538,11,Edtech,UPI,0.7378,0.2622,0,18.13
cust_101539,102,Gaming,wallet,0.8673,0.1327,0,3.29
cust_101540,21,Gaming,UPI,0.8791,0.1209,0,15.74
cust_101541,284,Gaming,wallet,0.7972,0.2028,0,21.31
cust_101542,48,Gaming,UPI,0.7251,0.2749,1,1.8
cust_101543,68,Edtech,UPI,0.7727,0.2273,1,45.36
cust_101544,7,Edtech,UPI,0.3617,0.6383,0,21.99
cust_101545,46,E-commerce,card,0.8314,0.1686,2,19.01
cust_101546,96,SaaS,netbanking,0.8377,0.1623,0,5.08
cust_101547,46,Financial Services,UPI,0.9144,0.0856,0,32.6
cust_101548,46,Edtech,UPI,0.9231,0.0769,0,0.59
cust_101549,15,Gaming,UPI,0.8153,0.1847,0,5.68
cust_101550,193,Gaming,card,0.77,0.23,0,4.06
cust_101551,46,Financial Services,card,0.7618,0.2382,0,0.13
cust_101552,191,SaaS,UPI,0.7671,0.2329,0,2.69
cust_101553,324,Gaming,netbanking,0.8917,0.1083,1,7.35
cust_101554,444,Edtech,wallet,0.8489,0.1511,0,16.67
cust_101555,27,Edtech,UPI,0.939,0.061,1,26.82
cust_101556,12,E-commerce,card,0.1552,0.8448,2,19.57
cust_101557,116,Financial Services,UPI,0.7762,0.2238,2,1.29
cust_101558,11,Gaming,netbanking,0.7898,0.2102,0,5.38
cust_101559,72,E-commerce,card,0.3675,0.6325,0,17.57
cust_101560,322,E-commerce,netbanking,0.779,0.221,1,3.96
cust_101561,119,E-commerce,UPI,0.9036,0.0964,1,0.75
cust_101562,288,E-commerce,wallet,0.1074,0.8926,0,22.6
cust_101563,44,E-commerce,UPI,0.7872,0.2128,0,8.63
cust_101564,381,Financial Services,card,0.8298,0.1702,0,9.68
cust_101565,50,SaaS,netbanking,0.9362,0.0638,0,2.14
cust_101566,26,E-commerce,card,0.4878,0.5122,0,29.58
cust_101567,28,SaaS,UPI,0.7508,0.2492,0,28.68
cust_101568,323,Edtech,UPI,0.9319,0.0681,0,1.62
cust_101569,86,SaaS,UPI,0.9001,0.0999,2,6.77
cust_101570,272,Financial Services,netbanking,0.824,0.176,0,3.86
cust_101571,66,SaaS,UPI,0.9059,0.0941,0,0.39
cust_101572,124,SaaS,UPI,0.975,0.025,0,2.63
cust_101573,195,Financial Services,netbanking,0.9691,0.0309,0,5.38
cust_101574,458,Edtech,UPI,0.9039,0.0961,0,3.45
cust_101575,23,Gaming,UPI,0.7709,0.2291,1,5.31
cust_101576,327,Edtech,UPI,0.9485,0.0515,0,8.34
cust_101577,115,E-commerce,UPI,0.7661,0.2339,0,10.47
cust_101578,144,Financial Services,card,0.7469,0.2531,0,0.98
cust_101579,67,Edtech,UPI,0.8108,0.1892,1,3.82
cust_101580,175,E-commerce,UPI,0.121,0.879,0,31.71
cust_101581,243,Financial Services,card,0.7434,0.2566,0,8.35
cust_101582,173,SaaS,UPI,0.84,0.16,0,21.41
cust_101583,3,Gaming,card,0.9715,0.0285,0,5.92
cust_101584,1,SaaS,netbanking,0.4223,0.5777,0,22.78
cust_101585,136,Gaming,card,0.7352,0.2648,1,5.1
cust_101586,369,E-commerce,card,0.8563,0.1437,0,1.35
cust_101587,222,Edtech,UPI,0.8228,0.1772,0,6.36
cust_101588,27,E-commerce,card,0.2889,0.7111,0,20.33
cust_101589,95,E-commerce,UPI,0.7111,0.2889,1,14.75
cust_101590,5,Financial Services,UPI,0.852,0.148,0,27.31
cust_101591,217,Financial Services,netbanking,0.7523,0.2477,0,5.61
cust_101592,77,Edtech,UPI,0.8312,0.1688,0,29.36
cust_101593,34,Gaming,UPI,0.8553,0.1447,0,26.38
cust_101594,105,SaaS,card,0.8258,0.1742,1,9.72
cust_101595,5,Edtech,UPI,0.8271,0.1729,1,4.32
cust_101596,57,Gaming,card,0.7519,0.2481,0,2.76
cust_101597,29,SaaS,UPI,0.8019,0.1981,1,2.13
cust_101598,85,Gaming,netbanking,0.9019,0.0981,0,0.82
cust_101599,53,Gaming,card,0.7532,0.2468,0,16.97
cust_101600,386,Financial Services,card,0.7432,0.2568,0,6.8
cust_101601,5,Edtech,wallet,0.8795,0.1205,0,1.65
cust_101602,132,SaaS,UPI,0.4294,0.5706,0,23.84
cust_101603,71,SaaS,netbanking,0.7363,0.2637,0,5.95
cust_101604,93,SaaS,card,0.8359,0.1641,1,10.39
cust_101605,20,SaaS,netbanking,0.4209,0.5791,0,28.08
cust_101606,3,Financial Services,UPI,0.8472,0.1528,0,21.06
cust_101607,90,Gaming,netbanking,0.8026,0.1974,0,6.74
cust_101608,16,Gaming,netbanking,0.7037,0.2963,0,22.99
cust_101609,291,E-commerce,netbanking,0.96,0.04,0,11.3
cust_101610,181,SaaS,UPI,0.8789,0.1211,0,0.35
cust_101611,83,Edtech,UPI,0.9627,0.0373,0,4.54
cust_101612,68,Financial Services,card,0.9224,0.0776,0,7.01
cust_101613,25,SaaS,card,0.7744,0.2256,0,8.14
cust_101614,161,SaaS,UPI,0.9336,0.0664,1,6.62
cust_101615,126,SaaS,UPI,0.969,0.031,0,9.64
cust_101616,45,SaaS,UPI,0.2155,0.7845,0,40.67
cust_101617,141,Financial Services,UPI,0.8473,0.1527,0,8.98
cust_101618,217,E-commerce,UPI,0.9653,0.0347,0,22.05
cust_101619,2,Gaming,UPI,0.8163,0.1837,1,3.03
cust_101620,9,SaaS,UPI,0.8614,0.1386,0,21.33
cust_101621,65,Financial Services,card,0.8196,0.1804,1,2.12
cust_101622,88,SaaS,netbanking,0.7505,0.2495,1,11.8
cust_101623,102,Financial Services,netbanking,0.8841,0.1159,0,7.64
cust_101624,254,Gaming,UPI,0.824,0.176,0,0.73
cust_101625,40,Edtech,UPI,0.854,0.146,1,6.18
cust_101626,134,Edtech,UPI,0.8155,0.1845,0,13.41
cust_101627,242,Financial Services,card,0.7906,0.2094,0,1.35
cust_101628,350,E-commerce,UPI,0.7599,0.2401,1,27.12
cust_101629,153,Gaming,card,0.7711,0.2289,0,5.85
cust_101630,116,Financial Services,card,0.8112,0.1888,0,32.8
cust_101631,266,SaaS,UPI,0.8668,0.1332,1,6.2
cust_101632,46,Gaming,card,0.5452,0.4548,1,9.92
cust_101633,145,SaaS,card,0.7621,0.2379,0,19.64
cust_101634,74,Edtech,UPI,0.511,0.489,0,6.6
cust_101635,262,Edtech,UPI,0.8432,0.1568,1,6.46
cust_101636,575,Gaming,card,0.7433,0.2567,0,6.96
cust_101637,32,SaaS,UPI,0.7437,0.2563,1,2.59
cust_101638,307,Edtech,card,0.863,0.137,0,6.97
cust_101639,112,E-commerce,card,0.7841,0.2159,0,7.03
cust_101640,24,Gaming,netbanking,0.957,0.043,0,1.41
cust_101641,175,SaaS,netbanking,0.922,0.078,1,1.46
cust_101642,88,E-commerce,UPI,0.9517,0.0483,1,2.91
cust_101643,63,Gaming,UPI,0.7267,0.2733,1,1.87
cust_101644,38,Edtech,card,0.5042,0.4958,0,9.46
cust_101645,101,Financial Services,card,0.128,0.872,3,16.41
cust_101646,44,Edtech,netbanking,0.9288,0.0712,2,29.46
cust_101647,67,Financial Services,UPI,0.7338,0.2662,0,0.47
cust_101648,95,E-commerce,UPI,0.9379,0.0621,0,9.5
cust_101649,244,SaaS,card,0.877,0.123,0,17.12
cust_101650,284,SaaS,UPI,0.7115,0.2885,0,3.35
cust_101651,6,Gaming,card,0.7915,0.2085,1,16.74
cust_101652,231,E-commerce,netbanking,0.8886,0.1114,0,23.43
cust_101653,47,Financial Services,card,0.9108,0.0892,0,0.45
cust_101654,153,Gaming,UPI,0.7622,0.2378,0,2.11
cust_101655,134,Edtech,UPI,0.7414,0.2586,1,2.13
cust_101656,59,Edtech,UPI,0.3857,0.6143,0,18.87
cust_101657,399,SaaS,card,0.7735,0.2265,0,5.62
cust_101658,250,Financial Services,UPI,0.9167,0.0833,0,14.2
cust_101659,112,E-commerce,card,0.8347,0.1653,0,1.51
cust_101660,117,E-commerce,UPI,0.8826,0.1174,0,7.87
cust_101661,41,E-commerce,netbanking,0.9792,0.0208,1,0.81
cust_101662,14,Gaming,UPI,0.7201,0.2799,0,38.29
cust_101663,21,Financial Services,UPI,0.9588,0.0412,0,10.2
cust_101664,17,SaaS,UPI,0.3068,0.6932,0,36.87
cust_101665,5,Edtech,netbanking,0.7898,0.2102,1,15.57
cust_101666,4,Gaming,wallet,0.9155,0.0845,0,3.61
cust_101667,55,E-commerce,UPI,0.8725,0.1275,1,10.64
cust_101668,71,Financial Services,netbanking,0.8233,0.1767,0,7.59
cust_101669,80,E-commerce,card,0.8047,0.1953,0,2.15
cust_101670,29,SaaS,card,0.1273,0.8727,0,23.52
cust_101671,30,Gaming,netbanking,0.9433,0.0567,1,4.34
cust_101672,32,Edtech,UPI,0.4469,0.5531,0,25.62
cust_101673,92,SaaS,netbanking,0.8319,0.1681,0,11.84
cust_101674,81,Edtech,card,0.8506,0.1494,0,6.07
cust_101675,77,E-commerce,card,0.9101,0.0899,1,0.43
cust_101676,83,Gaming,card,0.9044,0.0956,0,14.29
cust_101677,504,E-commerce,netbanking,0.8871,0.1129,0,20.82
cust_101678,147,Financial Services,UPI,0.8858,0.1142,0,18.94
cust_101679,79,SaaS,UPI,0.7168,0.2832,0,8.65
cust_101680,26,E-commerce,netbanking,0.873,0.127,1,1.05
cust_101681,112,SaaS,UPI,0.9646,0.0354,0,7.49
cust_101682,62,SaaS,card,0.776,0.224,0,5.64
cust_101683,24,Edtech,wallet,0.7053,0.2947,0,11.63
cust_101684,48,Financial Services,UPI,0.8066,0.1934,1,5.51
cust_101685,126,SaaS,UPI,0.8357,0.1643,1,3.26
cust_101686,8,Gaming,UPI,0.7522,0.2478,1,2.88
cust_101687,9,Gaming,card,0.857,0.143,0,5.18
cust_101688,55,SaaS,UPI,0.5611,0.4389,0,35.29
cust_101689,24,Edtech,card,0.8102,0.1898,0,5.92
cust_101690,36,E-commerce,netbanking,0.4422,0.5578,0,22.84
cust_101691,44,Edtech,UPI,0.7661,0.2339,0,12.52
cust_101692,27,Gaming,card,0.7174,0.2826,0,5.37
cust_101693,76,Edtech,UPI,0.9493,0.0507,0,3.71
cust_101694,131,SaaS,card,0.9658,0.0342,0,6.16
cust_101695,26,E-commerce,UPI,0.9512,0.0488,0,22.71
cust_101696,29,E-commerce,UPI,0.2911,0.7089,0,16.36
cust_101697,123,Gaming,UPI,0.8922,0.1078,0,10.35
cust_101698,50,Financial Services,card,0.7428,0.2572,0,2.96
cust_101699,127,Edtech,UPI,0.7922,0.2078,0,5.75
cust_101700,38,Gaming,card,0.4262,0.5738,2,20.19
cust_101701,31,Gaming,UPI,0.924,0.076,0,4.58
cust_101702,295,E-commerce,UPI,0.8974,0.1026,0,4.84
cust_101703,218,Gaming,card,0.8204,0.1796,0,4.07
cust_101704,205,E-commerce,UPI,0.8582,0.1418,1,5.08
cust_101705,83,E-commerce,card,0.8561,0.1439,0,20.52
cust_101706,72,SaaS,UPI,0.9351,0.0649,0,5.79
cust_101707,83,E-commerce,UPI,0.9143,0.0857,1,32.55
cust_101708,110,Financial Services,netbanking,0.7849,0.2151,0,5.06
cust_101709,50,Edtech,card,0.7526,0.2474,1,0.75
cust_101710,228,E-commerce,UPI,0.9135,0.0865,0,7.83
cust_101711,215,Gaming,UPI,0.8696,0.1304,0,8.14
cust_101712,352,Gaming,UPI,0.765,0.235,0,9.33
cust_101713,320,SaaS,netbanking,0.8927,0.1073,1,1.2
cust_101714,113,Financial Services,netbanking,0.5231,0.4769,0,2.73
cust_101715,186,Financial Services,UPI,0.8047,0.1953,0,7.05
cust_101716,99,Financial Services,card,0.7385,0.2615,0,9.49
cust_101717,106,E-commerce,card,0.8144,0.1856,0,3.0
cust_101718,11,SaaS,UPI,0.9661,0.0339,0,6.94
cust_101719,221,E-commerce,card,0.9767,0.0233,1,5.19
cust_101720,61,E-commerce,UPI,0.5636,0.4364,0,8.94
cust_101721,544,Financial Services,UPI,0.8372,0.1628,0,15.12
cust_101722,35,Edtech,netbanking,0.9485,0.0515,1,5.26
cust_101723,131,Financial Services,UPI,0.7117,0.2883,0,5.97
cust_101724,26,Financial Services,card,0.8104,0.1896,0,16.64
cust_101725,160,Gaming,card,0.8471,0.1529,0,12.75
cust_101726,84,SaaS,netbanking,0.8265,0.1735,1,17.18
cust_101727,5,SaaS,UPI,0.7688,0.2312,0,1.6
cust_101728,165,Gaming,UPI,0.9058,0.0942,0,8.69
cust_101729,151,Gaming,netbanking,0.9142,0.0858,1,5.01
cust_101730,1,SaaS,UPI,0.8231,0.1769,0,11.24
cust_101731,65,Edtech,card,0.7801,0.2199,0,0.77
cust_101732,26,E-commerce,netbanking,0.8717,0.1283,1,1.25
cust_101733,556,SaaS,UPI,0.953,0.047,0,59.61
cust_101734,40,Financial Services,card,0.8265,0.1735,0,8.68
cust_101735,282,Gaming,UPI,0.4894,0.5106,0,17.08
cust_101736,118,Gaming,UPI,0.3068,0.6932,0,18.76
cust_101737,24,Financial Services,netbanking,0.3268,0.6732,0,17.81
cust_101738,72,E-commerce,UPI,0.7253,0.2747,2,19.74
cust_101739,101,Edtech,UPI,0.954,0.046,1,10.52
cust_101740,265,E-commerce,UPI,0.7346,0.2654,2,9.24
cust_101741,48,SaaS,wallet,0.8775,0.1225,0,0.45
cust_101742,48,SaaS,card,0.8075,0.1925,0,0.24
cust_101743,72,Gaming,UPI,0.7448,0.2552,0,3.05
cust_101744,22,Gaming,card,0.9151,0.0849,0,2.23
cust_101745,47,Edtech,card,0.8847,0.1153,0,1.6
cust_101746,10,E-commerce,netbanking,0.7405,0.2595,1,12.6
cust_101747,133,SaaS,UPI,0.7867,0.2133,0,0.39
cust_101748,117,Financial Services,card,0.7506,0.2494,0,4.42
cust_101749,39,E-commerce,card,0.701,0.299,1,4.19
cust_101750,177,Edtech,card,0.3488,0.6512,1,22.29
cust_101751,104,Financial Services,card,0.7016,0.2984,1,0.55
cust_101752,333,Financial Services,card,0.8649,0.1351,0,6.59
cust_101753,12,Financial Services,card,0.8237,0.1763,1,3.66
cust_101754,219,Gaming,UPI,0.7685,0.2315,1,8.99
cust_101755,330,Gaming,card,0.876,0.124,0,11.7
cust_101756,51,E-commerce,UPI,0.1741,0.8259,2,19.39
cust_101757,7,Edtech,UPI,0.5269,0.4731,0,14.36
cust_101758,93,Gaming,netbanking,0.7836,0.2164,0,4.57
cust_101759,33,SaaS,UPI,0.3085,0.6915,0,45.82
cust_101760,31,E-commerce,netbanking,0.7796,0.2204,0,42.35
cust_101761,97,Gaming,netbanking,0.8574,0.1426,0,13.79
cust_101762,281,Financial Services,UPI,0.8009,0.1991,0,5.53
cust_101763,326,SaaS,card,0.2496,0.7504,0,16.52
cust_101764,1,Edtech,netbanking,0.9297,0.0703,0,10.05
cust_101765,296,Financial Services,UPI,0.7182,0.2818,0,0.82
cust_101766,112,Financial Services,UPI,0.4473,0.5527,1,21.22
cust_101767,110,Edtech,UPI,0.8159,0.1841,1,10.86
cust_101768,21,E-commerce,card,0.8714,0.1286,0,5.54
cust_101769,35,SaaS,card,0.9742,0.0258,0,21.35
cust_101770,267,Gaming,UPI,0.8354,0.1646,0,0.92
cust_101771,60,Gaming,card,0.9762,0.0238,0,9.8
cust_101772,40,Edtech,UPI,0.9374,0.0626,0,12.69
cust_101773,85,Edtech,card,0.9786,0.0214,0,3.92
cust_101774,49,Edtech,UPI,0.872,0.128,0,16.26
cust_101775,274,Financial Services,card,0.8769,0.1231,0,0.31
cust_101776,254,Financial Services,UPI,0.9474,0.0526,1,4.18
cust_101777,310,E-commerce,UPI,0.9742,0.0258,0,7.96
cust_101778,30,SaaS,UPI,0.3324,0.6676,0,27.99
cust_101779,1,SaaS,netbanking,0.7581,0.2419,0,2.66
cust_101780,37,Gaming,UPI,0.8159,0.1841,0,42.94
cust_101781,46,Edtech,UPI,0.9257,0.0743,0,12.71
cust_101782,232,E-commerce,UPI,0.2006,0.7994,0,17.52
cust_101783,7,Edtech,UPI,0.719,0.281,0,2.61
cust_101784,88,Edtech,UPI,0.7907,0.2093,2,4.38
cust_101785,58,SaaS,UPI,0.2666,0.7334,1,34.43
cust_101786,347,Financial Services,UPI,0.8725,0.1275,0,1.0
cust_101787,27,SaaS,UPI,0.7543,0.2457,0,20.92
cust_101788,21,Edtech,UPI,0.8342,0.1658,0,11.77
cust_101789,58,Financial Services,netbanking,0.8808,0.1192,0,5.79
cust_101790,9,Financial Services,UPI,0.829,0.171,1,17.85
cust_101791,82,Gaming,UPI,0.8295,0.1705,0,3.61
cust_101792,144,Financial Services,card,0.7157,0.2843,0,6.84
cust_101793,66,Gaming,UPI,0.903,0.097,0,1.47
cust_101794,27,Edtech,UPI,0.7052,0.2948,0,0.09
cust_101795,119,Gaming,UPI,0.9239,0.0761,1,4.24
cust_101796,54,Edtech,UPI,0.1747,0.8253,1,43.16
cust_101797,268,SaaS,card,0.8051,0.1949,0,10.61
cust_101798,59,Gaming,card,0.8599,0.1401,0,0.56
cust_101799,74,Financial Services,card,0.7327,0.2673,1,17.3
cust_101800,29,Edtech,UPI,0.7881,0.2119,0,5.11
cust_101801,20,SaaS,card,0.7243,0.2757,1,6.75
cust_101802,227,E-commerce,card,0.9322,0.0678,0,2.98
cust_101803,260,Edtech,card,0.7846,0.2154,0,3.14
cust_101804,196,SaaS,UPI,0.7105,0.2895,1,15.9
cust_101805,61,E-commerce,UPI,0.8243,0.1757,1,7.71
cust_101806,7,SaaS,UPI,0.9534,0.0466,0,11.41
cust_101807,16,E-commerce,UPI,0.9586,0.0414,0,10.44
cust_101808,150,Gaming,UPI,0.7917,0.2083,0,28.2
cust_101809,37,SaaS,netbanking,0.9626,0.0374,1,1.85
cust_101810,207,E-commerce,card,0.7102,0.2898,0,4.11
cust_101811,37,Financial Services,UPI,0.8463,0.1537,0,8.8
cust_101812,54,SaaS,UPI,0.7123,0.2877,0,10.24
cust_101813,278,Gaming,UPI,0.7933,0.2067,0,1.52
cust_101814,118,SaaS,card,0.4831,0.5169,1,45.0
cust_101815,8,Edtech,card,0.4792,0.5208,0,37.42
cust_101816,91,E-commerce,card,0.7539,0.2461,1,0.39
cust_101817,254,Edtech,UPI,0.9164,0.0836,0,6.32
cust_101818,110,SaaS,UPI,0.7441,0.2559,0,0.33
cust_101819,66,SaaS,netbanking,0.4115,0.5885,1,16.76
cust_101820,284,Gaming,card,0.3713,0.6287,0,40.48
cust_101821,170,Gaming,card,0.7396,0.2604,1,2.37
cust_101822,140,Edtech,UPI,0.748,0.252,0,15.23
cust_101823,184,Edtech,UPI,0.7948,0.2052,1,10.64
cust_101824,32,Financial Services,UPI,0.1145,0.8855,0,16.24
cust_101825,39,SaaS,UPI,0.1269,0.8731,0,38.91
cust_101826,14,Financial Services,card,0.8973,0.1027,1,25.58
cust_101827,101,Gaming,UPI,0.8932,0.1068,1,11.83
cust_101828,5,Financial Services,netbanking,0.7875,0.2125,0,10.13
cust_101829,31,E-commerce,card,0.8878,0.1122,1,9.62
cust_101830,74,Gaming,netbanking,0.5614,0.4386,0,18.44
cust_101831,194,Financial Services,UPI,0.726,0.274,0,5.21
cust_101832,210,Financial Services,UPI,0.2552,0.7448,0,31.4
cust_101833,53,Financial Services,card,0.9653,0.0347,0,1.16
cust_101834,190,E-commerce,UPI,0.8727,0.1273,0,19.32
cust_101835,52,Edtech,wallet,0.8959,0.1041,1,0.42
cust_101836,147,Edtech,UPI,0.9471,0.0529,0,12.29
cust_101837,4,Financial Services,netbanking,0.7183,0.2817,0,1.36
cust_101838,24,SaaS,wallet,0.8291,0.1709,1,5.07
cust_101839,50,E-commerce,UPI,0.7976,0.2024,0,8.03
cust_101840,120,Gaming,UPI,0.1515,0.8485,1,48.71
cust_101841,2,SaaS,UPI,0.8818,0.1182,0,5.96
cust_101842,102,Edtech,UPI,0.8122,0.1878,0,13.19
cust_101843,139,Financial Services,netbanking,0.7682,0.2318,0,9.4
cust_101844,106,E-commerce,UPI,0.8075,0.1925,0,3.77
cust_101845,19,Edtech,UPI,0.8943,0.1057,0,11.49
cust_101846,130,Financial Services,wallet,0.8219,0.1781,1,21.56
cust_101847,239,Edtech,UPI,0.7661,0.2339,0,37.33
cust_101848,92,SaaS,netbanking,0.8993,0.1007,0,2.12
cust_101849,70,Financial Services,card,0.398,0.602,2,15.49
cust_101850,194,Edtech,card,0.9302,0.0698,0,6.83
cust_101851,163,E-commerce,card,0.8136,0.1864,0,3.64
cust_101852,437,Gaming,card,0.507,0.493,0,3.29
cust_101853,158,Financial Services,UPI,0.8806,0.1194,0,7.55
cust_101854,42,SaaS,card,0.5085,0.4915,0,10.64
cust_101855,40,Gaming,UPI,0.8781,0.1219,0,27.12
cust_101856,243,SaaS,UPI,0.885,0.115,1,35.37
cust_101857,57,Financial Services,card,0.8092,0.1908,0,5.05
cust_101858,399,Gaming,card,0.7576,0.2424,0,1.28
cust_101859,146,Edtech,card,0.9224,0.0776,0,30.15
cust_101860,3,Edtech,UPI,0.9623,0.0377,1,2.91
cust_101861,92,Edtech,netbanking,0.8632,0.1368,0,28.65
cust_101862,191,Gaming,UPI,0.8132,0.1868,1,5.15
cust_101863,184,E-commerce,wallet,0.7175,0.2825,0,5.46
cust_101864,79,Gaming,UPI,0.7002,0.2998,0,0.54
cust_101865,139,Gaming,UPI,0.8006,0.1994,0,16.93
cust_101866,195,Edtech,UPI,0.7659,0.2341,0,10.16
cust_101867,41,Gaming,UPI,0.7891,0.2109,1,1.0
cust_101868,1,Financial Services,UPI,0.8219,0.1781,0,54.73
cust_101869,41,E-commerce,UPI,0.833,0.167,0,27.51
cust_101870,89,E-commerce,UPI,0.9361,0.0639,1,4.08
cust_101871,28,Edtech,UPI,0.7432,0.2568,0,11.31
cust_101872,42,E-commerce,card,0.1359,0.8641,0,17.12
cust_101873,63,SaaS,netbanking,0.5424,0.4576,0,10.91
cust_101874,36,Financial Services,UPI,0.738,0.262,0,3.64
cust_101875,21,E-commerce,UPI,0.8164,0.1836,1,8.16
cust_101876,58,Financial Services,card,0.8947,0.1053,0,3.76
cust_101877,42,Financial Services,card,0.8272,0.1728,1,1.03
cust_101878,274,Financial Services,UPI,0.826,0.174,0,4.46
cust_101879,17,Edtech,card,0.8189,0.1811,0,2.27
cust_101880,73,SaaS,card,0.9371,0.0629,0,1.02
cust_101881,96,E-commerce,card,0.7754,0.2246,1,1.66
cust_101882,149,Gaming,card,0.7094,0.2906,0,5.31
cust_101883,49,SaaS,card,0.8974,0.1026,0,8.94
cust_101884,294,SaaS,card,0.9693,0.0307,2,9.75
cust_101885,64,SaaS,netbanking,0.4656,0.5344,0,54.65
cust_101886,115,Edtech,card,0.7219,0.2781,0,2.03
cust_101887,171,Gaming,UPI,0.3362,0.6638,1,25.7
cust_101888,55,SaaS,card,0.851,0.149,1,1.14
cust_101889,9,Gaming,card,0.7148,0.2852,0,13.56
cust_101890,86,Edtech,UPI,0.703,0.297,0,0.27
cust_101891,50,Financial Services,wallet,0.8314,0.1686,1,8.86
cust_101892,226,Edtech,UPI,0.969,0.031,0,0.77
cust_101893,86,Edtech,wallet,0.7099,0.2901,1,2.1
cust_101894,178,Gaming,netbanking,0.9036,0.0964,0,10.34
cust_101895,4,Gaming,netbanking,0.8762,0.1238,1,12.33
cust_101896,30,Gaming,UPI,0.7145,0.2855,0,1.97
cust_101897,50,Edtech,UPI,0.8748,0.1252,0,6.48
cust_101898,38,Edtech,UPI,0.7355,0.2645,0,5.04
cust_101899,43,SaaS,netbanking,0.7778,0.2222,1,6.83
cust_101900,17,E-commerce,card,0.7771,0.2229,0,5.82
cust_101901,9,Edtech,netbanking,0.1558,0.8442,0,38.34
cust_101902,240,E-commerce,UPI,0.9069,0.0931,1,16.25
cust_101903,68,Financial Services,card,0.7491,0.2509,0,28.3
cust_101904,80,E-commerce,UPI,0.9238,0.0762,1,8.09
cust_101905,24,SaaS,UPI,0.7236,0.2764,2,0.33
cust_101906,76,E-commerce,card,0.9301,0.0699,1,19.14
cust_101907,96,Financial Services,UPI,0.8156,0.1844,0,3.31
cust_101908,91,Financial Services,UPI,0.8233,0.1767,0,16.75
cust_101909,18,E-commerce,UPI,0.9056,0.0944,0,7.28
cust_101910,174,Edtech,UPI,0.2322,0.7678,1,16.2
cust_101911,21,SaaS,UPI,0.332,0.668,0,28.61
cust_101912,105,Financial Services,UPI,0.9089,0.0911,0,2.57
cust_101913,103,Gaming,UPI,0.8914,0.1086,0,1.87
cust_101914,131,Financial Services,netbanking,0.7406,0.2594,0,6.76
cust_101915,446,Financial Services,UPI,0.5636,0.4364,0,0.95
cust_101916,112,Financial Services,UPI,0.7884,0.2116,2,12.18
cust_101917,107,Gaming,UPI,0.7115,0.2885,2,26.81
cust_101918,106,Gaming,card,0.9677,0.0323,0,2.35
cust_101919,1,Financial Services,UPI,0.8826,0.1174,0,4.78
cust_101920,72,Edtech,wallet,0.7748,0.2252,0,6.02
cust_101921,18,SaaS,UPI,0.8636,0.1364,1,14.3
cust_101922,20,Financial Services,card,0.9097,0.0903,0,2.59
cust_101923,2,Gaming,UPI,0.8456,0.1544,0,1.24
cust_101924,512,E-commerce,UPI,0.703,0.297,0,2.22
cust_101925,107,SaaS,UPI,0.7033,0.2967,2,5.98
cust_101926,3,SaaS,card,0.8919,0.1081,0,3.15
cust_101927,28,Edtech,card,0.7793,0.2207,0,1.98
cust_101928,141,E-commerce,card,0.4097,0.5903,1,30.4
cust_101929,135,SaaS,UPI,0.8838,0.1162,1,29.0
cust_101930,19,E-commerce,card,0.8787,0.1213,0,31.42
cust_101931,49,SaaS,wallet,0.4023,0.5977,1,31.27
cust_101932,652,Financial Services,UPI,0.952,0.048,0,7.34
cust_101933,42,Gaming,UPI,0.7517,0.2483,0,3.31
cust_101934,71,SaaS,UPI,0.7709,0.2291,1,0.89
cust_101935,127,Financial Services,card,0.7212,0.2788,1,2.85
cust_101936,316,Financial Services,netbanking,0.7774,0.2226,1,0.96
cust_101937,87,Financial Services,UPI,0.8869,0.1131,0,16.62
cust_101938,18,Edtech,UPI,0.9186,0.0814,1,38.16
cust_101939,620,Edtech,card,0.8072,0.1928,0,3.8
cust_101940,67,Edtech,UPI,0.7723,0.2277,0,35.84
cust_101941,20,Edtech,card,0.7194,0.2806,0,9.07
cust_101942,298,E-commerce,UPI,0.75,0.25,0,10.55
cust_101943,150,Financial Services,card,0.3703,0.6297,0,17.91
cust_101944,375,Financial Services,netbanking,0.8801,0.1199,0,18.72
cust_101945,73,Financial Services,UPI,0.7289,0.2711,0,5.56
cust_101946,93,SaaS,UPI,0.4638,0.5362,0,30.2
cust_101947,137,Financial Services,card,0.3489,0.6511,1,23.14
cust_101948,186,SaaS,card,0.8861,0.1139,0,1.46
cust_101949,263,Edtech,UPI,0.7924,0.2076,1,11.21
cust_101950,196,Financial Services,card,0.8443,0.1557,0,7.21
cust_101951,195,Financial Services,UPI,0.8131,0.1869,0,1.01
cust_101952,296,SaaS,UPI,0.7009,0.2991,0,5.33
cust_101953,63,Financial Services,card,0.3677,0.6323,0,24.01
cust_101954,178,Edtech,netbanking,0.7848,0.2152,0,22.77
cust_101955,129,SaaS,netbanking,0.9685,0.0315,0,7.81
cust_101956,302,SaaS,netbanking,0.9389,0.0611,0,3.21
cust_101957,60,Edtech,UPI,0.3298,0.6702,0,18.13
cust_101958,237,Edtech,UPI,0.7495,0.2505,1,4.22
cust_101959,8,SaaS,UPI,0.885,0.115,2,6.23
cust_101960,77,Edtech,netbanking,0.951,0.049,1,11.11
cust_101961,226,Edtech,UPI,0.9479,0.0521,0,23.78
cust_101962,162,Financial Services,card,0.7392,0.2608,0,4.27
cust_101963,89,E-commerce,card,0.5982,0.4018,0,12.52
cust_101964,237,E-commerce,UPI,0.7176,0.2824,0,5.24
cust_101965,140,Gaming,UPI,0.8399,0.1601,0,21.0
cust_101966,65,Financial Services,netbanking,0.7046,0.2954,1,2.65
cust_101967,361,Edtech,wallet,0.4939,0.5061,0,15.15
cust_101968,22,SaaS,wallet,0.7593,0.2407,0,6.98
cust_101969,227,Gaming,UPI,0.8899,0.1101,0,3.24
cust_101970,238,Gaming,UPI,0.3897,0.6103,1,17.5
cust_101971,5,SaaS,UPI,0.1708,0.8292,0,31.55
cust_101972,194,SaaS,UPI,0.957,0.043,0,9.27
cust_101973,211,SaaS,UPI,0.8817,0.1183,0,3.08
cust_101974,93,SaaS,UPI,0.714,0.286,0,0.96
cust_101975,153,Edtech,UPI,0.7272,0.2728,0,5.32
cust_101976,32,Gaming,card,0.8655,0.1345,0,5.96
cust_101977,93,SaaS,UPI,0.3975,0.6025,0,36.24
cust_101978,69,Gaming,UPI,0.9252,0.0748,0,6.89
cust_101979,97,Financial Services,card,0.9341,0.0659,1,2.91
cust_101980,200,Financial Services,netbanking,0.9732,0.0268,0,6.88
cust_101981,29,Gaming,UPI,0.79,0.21,0,1.55
cust_101982,149,E-commerce,card,0.8661,0.1339,0,0.09
cust_101983,199,Edtech,UPI,0.2369,0.7631,0,19.11
cust_101984,106,Financial Services,UPI,0.8036,0.1964,0,2.52
cust_101985,25,E-commerce,UPI,0.9592,0.0408,0,3.06
cust_101986,2,SaaS,card,0.4955,0.5045,0,47.93
cust_101987,107,Gaming,UPI,0.7442,0.2558,0,26.3
cust_101988,212,Financial Services,UPI,0.1036,0.8964,0,18.05
cust_101989,85,SaaS,card,0.8662,0.1338,0,0.7
cust_101990,155,Edtech,netbanking,0.9261,0.0739,0,10.91
cust_101991,67,Financial Services,netbanking,0.7577,0.2423,1,11.76
cust_101992,258,Edtech,UPI,0.8154,0.1846,0,14.01
cust_101993,30,E-commerce,UPI,0.7105,0.2895,1,5.17
cust_101994,30,E-commerce,UPI,0.8714,0.1286,0,1.94
cust_101995,164,SaaS,UPI,0.9191,0.0809,0,4.88
cust_101996,483,Edtech,UPI,0.8562,0.1438,0,0.94
cust_101997,108,E-commerce,card,0.3651,0.6349,0,20.65
cust_101998,7,SaaS,card,0.9416,0.0584,0,1.62
cust_101999,14,Gaming,UPI,0.83,0.17,0,9.41
cust_102000,27,E-commerce,UPI,0.7542,0.2458,0,31.66
cust_102001,232,E-commerce,UPI,0.9712,0.0288,0,2.36
cust_102002,82,Financial Services,UPI,0.7447,0.2553,1,22.89
cust_102003,22,SaaS,netbanking,0.2821,0.7179,1,20.08
cust_102004,23,E-commerce,UPI,0.7936,0.2064,0,8.12
cust_102005,64,Financial Services,netbanking,0.4702,0.5298,0,51.38
cust_102006,32,Gaming,card,0.9199,0.0801,0,1.54
cust_102007,235,Financial Services,UPI,0.7198,0.2802,0,8.36
cust_102008,77,E-commerce,UPI,0.866,0.134,1,11.03
cust_102009,272,Edtech,UPI,0.9092,0.0908,0,12.61
cust_102010,69,Edtech,UPI,0.7308,0.2692,0,7.07
cust_102011,17,E-commerce,UPI,0.4689,0.5311,1,21.55
cust_102012,580,E-commerce,card,0.7618,0.2382,1,14.6
cust_102013,5,Financial Services,UPI,0.7152,0.2848,0,5.14
cust_102014,225,Financial Services,UPI,0.5639,0.4361,0,12.36
cust_102015,106,Financial Services,UPI,0.8046,0.1954,0,4.19
cust_102016,11,Financial Services,wallet,0.877,0.123,0,0.75
cust_102017,253,Edtech,UPI,0.7356,0.2644,0,3.99
cust_102018,60,Gaming,UPI,0.1683,0.8317,0,20.29
cust_102019,153,Financial Services,card,0.7479,0.2521,1,6.99
cust_102020,106,Edtech,netbanking,0.7826,0.2174,0,8.52
cust_102021,231,E-commerce,UPI,0.8786,0.1214,1,13.18
cust_102022,325,Gaming,card,0.8619,0.1381,0,0.46
cust_102023,304,Gaming,UPI,0.7242,0.2758,0,11.71
cust_102024,79,Gaming,UPI,0.9788,0.0212,0,0.67
cust_102025,103,Gaming,card,0.8296,0.1704,0,16.99
cust_102026,237,SaaS,card,0.9061,0.0939,0,11.88
cust_102027,65,E-commerce,card,0.8216,0.1784,0,4.31
cust_102028,299,E-commerce,UPI,0.8657,0.1343,1,25.86
cust_102029,15,E-commerce,UPI,0.9515,0.0485,0,4.68
cust_102030,29,Financial Services,card,0.7112,0.2888,0,0.35
cust_102031,47,Financial Services,netbanking,0.8412,0.1588,1,11.98
cust_102032,45,Financial Services,UPI,0.8342,0.1658,0,17.83
cust_102033,473,SaaS,UPI,0.7673,0.2327,0,1.51
cust_102034,47,Gaming,card,0.8941,0.1059,0,28.71
cust_102035,55,Financial Services,netbanking,0.7372,0.2628,1,9.33
cust_102036,119,Edtech,card,0.9797,0.0203,0,8.07
cust_102037,516,SaaS,card,0.7854,0.2146,2,0.88
cust_102038,80,Financial Services,card,0.9092,0.0908,1,8.46
cust_102039,90,SaaS,UPI,0.8299,0.1701,0,17.61
cust_102040,21,E-commerce,card,0.8135,0.1865,0,1.79
cust_102041,16,Edtech,wallet,0.8971,0.1029,0,2.58
cust_102042,23,SaaS,card,0.7198,0.2802,0,10.32
cust_102043,12,Edtech,netbanking,0.783,0.217,0,3.76
cust_102044,75,Edtech,UPI,0.8715,0.1285,2,19.95
cust_102045,183,Gaming,netbanking,0.9206,0.0794,0,8.6
cust_102046,39,SaaS,netbanking,0.794,0.206,0,8.32
cust_102047,50,SaaS,UPI,0.9548,0.0452,0,19.07
cust_102048,113,Edtech,netbanking,0.7311,0.2689,0,7.33
cust_102049,72,Edtech,UPI,0.7114,0.2886,0,10.83
cust_102050,108,Edtech,card,0.8565,0.1435,0,0.69
cust_102051,15,SaaS,card,0.9166,0.0834,0,0.83
cust_102052,68,E-commerce,card,0.7668,0.2332,0,12.75
cust_102053,124,SaaS,UPI,0.9065,0.0935,1,10.15
cust_102054,97,Gaming,UPI,0.8968,0.1032,1,28.58
cust_102055,205,E-commerce,card,0.9514,0.0486,0,2.28
cust_102056,50,Gaming,UPI,0.7776,0.2224,0,7.23
cust_102057,22,SaaS,wallet,0.8267,0.1733,0,26.87
cust_102058,294,Gaming,card,0.7344,0.2656,1,9.94
cust_102059,50,Gaming,UPI,0.8492,0.1508,0,6.89
cust_102060,104,Edtech,UPI,0.8031,0.1969,0,0.88
cust_102061,7,SaaS,UPI,0.9475,0.0525,0,1.1
cust_102062,202,SaaS,UPI,0.549,0.451,0,3.18
cust_102063,247,Edtech,UPI,0.7215,0.2785,0,7.29
cust_102064,58,E-commerce,card,0.8952,0.1048,0,58.06
cust_102065,67,Financial Services,UPI,0.7572,0.2428,1,17.91
cust_102066,73,SaaS,card,0.9715,0.0285,0,18.72
cust_102067,160,Gaming,UPI,0.8327,0.1673,0,3.8
cust_102068,448,Financial Services,UPI,0.8805,0.1195,0,0.3
cust_102069,61,Edtech,card,0.7062,0.2938,1,17.1
cust_102070,96,E-commerce,UPI,0.8455,0.1545,0,8.57
cust_102071,361,Edtech,netbanking,0.796,0.204,0,2.49
cust_102072,27,Edtech,netbanking,0.8864,0.1136,1,4.99
cust_102073,85,Gaming,UPI,0.8247,0.1753,0,7.03
cust_102074,4,Edtech,UPI,0.9515,0.0485,1,5.5
cust_102075,88,Edtech,UPI,0.7728,0.2272,1,14.41
cust_102076,154,Financial Services,UPI,0.7807,0.2193,0,6.35
cust_102077,49,SaaS,card,0.2422,0.7578,0,16.49
cust_102078,62,E-commerce,wallet,0.745,0.255,0,9.47
cust_102079,69,Gaming,UPI,0.9725,0.0275,0,12.11
cust_102080,87,E-commerce,netbanking,0.7327,0.2673,0,0.9
cust_102081,331,Edtech,UPI,0.8234,0.1766,0,15.7
cust_102082,48,Edtech,card,0.8575,0.1425,0,3.44
cust_102083,19,SaaS,netbanking,0.9738,0.0262,0,12.64
cust_102084,345,E-commerce,card,0.8512,0.1488,0,6.18
cust_102085,48,E-commerce,UPI,0.734,0.266,0,42.68
cust_102086,334,SaaS,netbanking,0.8398,0.1602,1,10.71
cust_102087,271,E-commerce,UPI,0.9598,0.0402,1,9.19
cust_102088,149,E-commerce,wallet,0.4692,0.5308,0,28.71
cust_102089,89,Gaming,UPI,0.8975,0.1025,1,10.82
cust_102090,47,Financial Services,UPI,0.9715,0.0285,0,5.19
cust_102091,27,Gaming,wallet,0.9239,0.0761,0,13.24
cust_102092,64,Financial Services,UPI,0.7314,0.2686,0,5.26
cust_102093,95,Financial Services,card,0.739,0.261,0,1.45
cust_102094,83,Gaming,UPI,0.1124,0.8876,0,41.98
cust_102095,112,Gaming,card,0.8249,0.1751,0,23.97
cust_102096,122,SaaS,card,0.8703,0.1297,0,32.19
cust_102097,207,E-commerce,netbanking,0.7622,0.2378,0,3.16
cust_102098,41,Edtech,UPI,0.7234,0.2766,1,0.79
cust_102099,39,Financial Services,UPI,0.9681,0.0319,0,15.99
cust_102100,100,Gaming,UPI,0.8373,0.1627,0,5.24
cust_102101,15,Gaming,card,0.9642,0.0358,1,13.04
cust_102102,1,Edtech,wallet,0.9005,0.0995,2,27.16
cust_102103,200,Financial Services,netbanking,0.8044,0.1956,0,13.42
cust_102104,387,Edtech,card,0.7863,0.2137,0,29.12
cust_102105,71,Financial Services,card,0.7245,0.2755,0,27.01
cust_102106,10,Financial Services,card,0.8164,0.1836,1,8.75
cust_102107,288,Financial Services,netbanking,0.9256,0.0744,0,5.15
cust_102108,3,Financial Services,UPI,0.816,0.184,0,24.17
cust_102109,225,Gaming,UPI,0.7402,0.2598,0,8.9
cust_102110,92,Edtech,UPI,0.9429,0.0571,2,22.1
cust_102111,59,Edtech,card,0.58,0.42,0,1.31
cust_102112,316,Financial Services,UPI,0.3047,0.6953,1,15.19
cust_102113,13,Edtech,UPI,0.8556,0.1444,1,11.89
cust_102114,144,Gaming,card,0.7383,0.2617,0,24.64
cust_102115,81,E-commerce,UPI,0.781,0.219,0,3.68
cust_102116,6,Financial Services,card,0.5131,0.4869,0,3.63
cust_102117,177,Gaming,UPI,0.8566,0.1434,0,1.85
cust_102118,179,Financial Services,UPI,0.9215,0.0785,0,7.07
cust_102119,140,E-commerce,card,0.9677,0.0323,1,3.52
cust_102120,40,Financial Services,UPI,0.433,0.567,0,18.71
cust_102121,89,Edtech,card,0.8377,0.1623,0,12.71
cust_102122,50,E-commerce,UPI,0.4824,0.5176,0,15.24
cust_102123,10,Financial Services,UPI,0.7187,0.2813,2,18.73
cust_102124,159,Edtech,card,0.8584,0.1416,1,2.5
cust_102125,87,Edtech,card,0.8333,0.1667,0,8.33
cust_102126,357,SaaS,netbanking,0.9052,0.0948,2,1.04
cust_102127,37,SaaS,UPI,0.7456,0.2544,1,13.78
cust_102128,18,SaaS,UPI,0.3305,0.6695,1,19.33
cust_102129,37,E-commerce,UPI,0.7148,0.2852,1,8.1
cust_102130,13,Edtech,netbanking,0.9554,0.0446,0,10.46
cust_102131,156,Edtech,UPI,0.2458,0.7542,1,20.6
cust_102132,25,SaaS,netbanking,0.9146,0.0854,1,4.12
cust_102133,200,E-commerce,card,0.8677,0.1323,1,12.6
cust_102134,59,E-commerce,UPI,0.9443,0.0557,0,37.3
cust_102135,45,Edtech,UPI,0.8954,0.1046,1,18.54
cust_102136,173,Edtech,UPI,0.39,0.61,2,25.53
cust_102137,233,E-commerce,UPI,0.3591,0.6409,0,35.91
cust_102138,28,Edtech,UPI,0.8154,0.1846,1,1.78
cust_102139,232,E-commerce,card,0.1773,0.8227,0,32.73
cust_102140,66,E-commerce,UPI,0.9226,0.0774,0,7.04
cust_102141,91,Gaming,netbanking,0.9328,0.0672,1,15.18
cust_102142,26,Gaming,UPI,0.8995,0.1005,1,2.83
cust_102143,143,SaaS,UPI,0.9565,0.0435,1,0.12
cust_102144,43,SaaS,card,0.9586,0.0414,0,7.65
cust_102145,252,Financial Services,netbanking,0.8935,0.1065,0,6.2
cust_102146,96,E-commerce,netbanking,0.9491,0.0509,1,12.98
cust_102147,57,Gaming,UPI,0.9716,0.0284,0,6.17
cust_102148,81,E-commerce,UPI,0.7081,0.2919,1,8.21
cust_102149,43,SaaS,UPI,0.9399,0.0601,0,2.64
cust_102150,92,E-commerce,UPI,0.7861,0.2139,0,1.71
cust_102151,134,E-commerce,card,0.1393,0.8607,0,21.31
cust_102152,9,SaaS,card,0.4873,0.5127,0,22.5
cust_102153,88,Financial Services,netbanking,0.1539,0.8461,0,23.75
cust_102154,62,Gaming,netbanking,0.8313,0.1687,1,18.59
cust_102155,68,Edtech,netbanking,0.2508,0.7492,1,27.08
cust_102156,42,SaaS,UPI,0.9191,0.0809,0,12.93
cust_102157,32,Gaming,UPI,0.9523,0.0477,1,1.1
cust_102158,33,E-commerce,UPI,0.7082,0.2918,0,0.46
cust_102159,424,E-commerce,card,0.9637,0.0363,0,3.84
cust_102160,72,Gaming,card,0.745,0.255,0,2.09
cust_102161,236,Gaming,UPI,0.8716,0.1284,0,20.5
cust_102162,131,Gaming,UPI,0.7277,0.2723,1,13.3
cust_102163,81,Gaming,netbanking,0.8481,0.1519,3,4.47
cust_102164,76,E-commerce,card,0.7481,0.2519,1,25.03
cust_102165,203,Gaming,wallet,0.4627,0.5373,1,16.12
cust_102166,15,E-commerce,UPI,0.9384,0.0616,0,16.31
cust_102167,276,Financial Services,card,0.865,0.135,0,2.06
cust_102168,13,Financial Services,UPI,0.7301,0.2699,0,0.44
cust_102169,52,Edtech,UPI,0.8187,0.1813,0,6.24
cust_102170,83,Gaming,UPI,0.7316,0.2684,1,7.27
cust_102171,160,Edtech,card,0.1552,0.8448,1,21.23
cust_102172,12,E-commerce,card,0.8012,0.1988,0,1.75
cust_102173,95,Edtech,card,0.7114,0.2886,0,11.98
cust_102174,118,Edtech,UPI,0.8077,0.1923,0,12.74
cust_102175,91,Financial Services,UPI,0.7874,0.2126,0,9.43
cust_102176,336,Financial Services,card,0.814,0.186,0,6.17
cust_102177,266,Financial Services,UPI,0.7195,0.2805,2,27.09
cust_102178,55,Financial Services,netbanking,0.8029,0.1971,0,5.81
cust_102179,121,SaaS,card,0.8377,0.1623,0,8.99
cust_102180,25,SaaS,UPI,0.8463,0.1537,0,6.33
cust_102181,49,SaaS,UPI,0.2974,0.7026,0,15.34
cust_102182,77,Gaming,wallet,0.9076,0.0924,0,29.24
cust_102183,159,E-commerce,card,0.5876,0.4124,0,17.53
cust_102184,14,Edtech,card,0.9363,0.0637,1,17.88
cust_102185,10,Financial Services,card,0.5191,0.4809,0,4.77
cust_102186,50,Financial Services,card,0.8998,0.1002,1,17.41
cust_102187,62,Gaming,UPI,0.9118,0.0882,0,0.53
cust_102188,58,Financial Services,UPI,0.8867,0.1133,1,0.52
cust_102189,30,Financial Services,UPI,0.8432,0.1568,0,1.56
cust_102190,18,E-commerce,netbanking,0.7303,0.2697,1,5.22
cust_102191,53,Edtech,card,0.7646,0.2354,0,1.37
cust_102192,162,E-commerce,UPI,0.4689,0.5311,0,19.71
cust_102193,83,SaaS,UPI,0.7075,0.2925,0,5.08
cust_102194,3,E-commerce,card,0.8902,0.1098,0,0.45
cust_102195,128,E-commerce,card,0.8745,0.1255,1,2.3
cust_102196,161,SaaS,card,0.8456,0.1544,0,23.37
cust_102197,14,Financial Services,wallet,0.7565,0.2435,1,27.93
cust_102198,154,Financial Services,UPI,0.7733,0.2267,0,0.74
cust_102199,60,Edtech,card,0.8513,0.1487,0,4.01
cust_102200,109,SaaS,netbanking,0.7088,0.2912,0,4.87
cust_102201,21,Financial Services,card,0.7334,0.2666,0,10.93
cust_102202,41,Financial Services,UPI,0.8054,0.1946,1,5.76
cust_102203,3,Financial Services,UPI,0.1884,0.8116,0,18.88
cust_102204,18,Edtech,UPI,0.746,0.254,1,7.57
cust_102205,107,Financial Services,UPI,0.4579,0.5421,0,16.77
cust_102206,35,Financial Services,UPI,0.8593,0.1407,0,8.27
cust_102207,348,Financial Services,UPI,0.8919,0.1081,0,17.0
cust_102208,99,Gaming,UPI,0.8574,0.1426,0,0.4
cust_102209,44,E-commerce,card,0.8096,0.1904,0,2.48
cust_102210,147,Financial Services,card,0.8058,0.1942,0,11.98
cust_102211,59,Edtech,UPI,0.7796,0.2204,0,8.67
cust_102212,355,SaaS,UPI,0.1226,0.8774,0,18.99
cust_102213,86,Edtech,UPI,0.9078,0.0922,0,17.14
cust_102214,97,SaaS,UPI,0.875,0.125,0,3.54
cust_102215,58,Financial Services,netbanking,0.2726,0.7274,1,20.0
cust_102216,225,Edtech,UPI,0.7158,0.2842,0,2.63
cust_102217,164,E-commerce,card,0.8815,0.1185,1,2.42
cust_102218,151,Gaming,netbanking,0.444,0.556,0,16.89
cust_102219,1,Edtech,UPI,0.1849,0.8151,0,23.09
cust_102220,25,Gaming,netbanking,0.8291,0.1709,0,2.57
cust_102221,79,Financial Services,UPI,0.9524,0.0476,0,3.17
cust_102222,23,Edtech,card,0.3348,0.6652,1,27.52
cust_102223,160,SaaS,UPI,0.8058,0.1942,2,2.06
cust_102224,17,Financial Services,UPI,0.7274,0.2726,1,15.28
cust_102225,165,Financial Services,card,0.4376,0.5624,1,18.74
cust_102226,122,Edtech,UPI,0.9272,0.0728,0,19.1
cust_102227,139,Edtech,UPI,0.7839,0.2161,1,3.66
cust_102228,5,Financial Services,netbanking,0.8779,0.1221,0,1.13
cust_102229,82,SaaS,card,0.85,0.15,0,3.14
cust_102230,34,Edtech,wallet,0.7832,0.2168,0,8.57
cust_102231,312,Gaming,UPI,0.7632,0.2368,3,10.05
cust_102232,172,SaaS,wallet,0.8619,0.1381,0,14.53
cust_102233,50,Gaming,UPI,0.7188,0.2812,0,15.79
cust_102234,76,Gaming,card,0.7587,0.2413,1,9.56
cust_102235,55,SaaS,UPI,0.7845,0.2155,1,7.82
cust_102236,176,Edtech,UPI,0.8512,0.1488,0,6.97
cust_102237,3,E-commerce,UPI,0.7704,0.2296,0,0.15
cust_102238,37,Gaming,card,0.9138,0.0862,0,26.0
cust_102239,125,E-commerce,UPI,0.8758,0.1242,2,1.4
cust_102240,136,Gaming,card,0.8615,0.1385,1,9.81
cust_102241,516,E-commerce,card,0.9307,0.0693,0,17.62
cust_102242,35,Financial Services,card,0.8786,0.1214,1,9.06
cust_102243,75,Gaming,UPI,0.9539,0.0461,0,10.12
cust_102244,167,Gaming,card,0.7168,0.2832,0,6.81
cust_102245,189,E-commerce,UPI,0.7414,0.2586,0,14.75
cust_102246,130,E-commerce,UPI,0.9143,0.0857,1,54.07
cust_102247,16,Financial Services,UPI,0.9409,0.0591,1,13.08
cust_102248,200,SaaS,netbanking,0.9369,0.0631,1,12.39
cust_102249,15,Edtech,UPI,0.8809,0.1191,1,8.94
cust_102250,85,Edtech,card,0.7661,0.2339,1,8.53
cust_102251,239,E-commerce,UPI,0.196,0.804,0,23.22
cust_102252,49,E-commerce,UPI,0.787,0.213,1,27.07
cust_102253,197,Financial Services,card,0.8221,0.1779,0,5.58
cust_102254,27,SaaS,netbanking,0.7764,0.2236,0,3.37
cust_102255,88,SaaS,UPI,0.925,0.075,0,9.14
cust_102256,12,Gaming,UPI,0.9387,0.0613,0,12.75
cust_102257,98,Financial Services,UPI,0.7155,0.2845,0,4.55
cust_102258,331,SaaS,UPI,0.7834,0.2166,1,16.29
cust_102259,25,SaaS,UPI,0.814,0.186,1,16.71
cust_102260,153,Edtech,card,0.948,0.052,0,12.65
cust_102261,137,Financial Services,netbanking,0.9028,0.0972,0,0.23
cust_102262,57,E-commerce,UPI,0.8599,0.1401,0,24.93
cust_102263,60,Gaming,netbanking,0.8461,0.1539,0,1.85
cust_102264,4,Gaming,UPI,0.9608,0.0392,1,9.32
cust_102265,73,Edtech,netbanking,0.7253,0.2747,0,2.38
cust_102266,4,Gaming,UPI,0.5033,0.4967,0,20.39
cust_102267,112,Edtech,card,0.9064,0.0936,0,0.96
cust_102268,71,E-commerce,wallet,0.761,0.239,2,1.09
cust_102269,31,SaaS,UPI,0.9716,0.0284,0,1.15
cust_102270,77,Financial Services,card,0.9416,0.0584,1,27.9
cust_102271,7,SaaS,UPI,0.8049,0.1951,0,3.42
cust_102272,36,SaaS,UPI,0.8187,0.1813,0,7.16
cust_102273,70,E-commerce,card,0.9462,0.0538,1,2.89
cust_102274,22,E-commerce,UPI,0.9004,0.0996,1,10.99
cust_102275,32,Edtech,card,0.5834,0.4166,0,6.62
cust_102276,96,Gaming,UPI,0.4697,0.5303,0,27.57
cust_102277,14,SaaS,card,0.9209,0.0791,0,0.69
cust_102278,448,E-commerce,wallet,0.8077,0.1923,0,5.86
cust_102279,25,Edtech,UPI,0.8919,0.1081,2,4.37
cust_102280,111,Gaming,UPI,0.9401,0.0599,2,3.93
cust_102281,42,Financial Services,UPI,0.5804,0.4196,1,3.93
cust_102282,77,Edtech,netbanking,0.9622,0.0378,0,19.5
cust_102283,274,E-commerce,netbanking,0.9406,0.0594,0,2.45
cust_102284,57,E-commerce,UPI,0.8768,0.1232,0,9.35
cust_102285,78,Financial Services,netbanking,0.7767,0.2233,0,10.32
cust_102286,173,SaaS,card,0.9633,0.0367,1,26.28
cust_102287,49,Financial Services,card,0.9594,0.0406,0,0.07
cust_102288,33,Edtech,UPI,0.9455,0.0545,0,1.95
cust_102289,4,SaaS,netbanking,0.8956,0.1044,0,13.32
cust_102290,20,Gaming,netbanking,0.3104,0.6896,1,26.15
cust_102291,1,Gaming,wallet,0.8269,0.1731,2,4.23
cust_102292,269,SaaS,UPI,0.8796,0.1204,0,1.05
cust_102293,307,E-commerce,UPI,0.9215,0.0785,0,8.17
cust_102294,174,E-commerce,card,0.2,0.8,0,15.01
cust_102295,170,Edtech,wallet,0.723,0.277,1,23.41
cust_102296,64,E-commerce,card,0.8998,0.1002,0,5.94
cust_102297,180,E-commerce,card,0.892,0.108,0,2.99
cust_102298,5,Edtech,card,0.9446,0.0554,0,1.6
cust_102299,128,E-commerce,card,0.8925,0.1075,1,22.45
cust_102300,331,Edtech,netbanking,0.7556,0.2444,0,3.62
cust_102301,489,Financial Services,UPI,0.8102,0.1898,0,5.84
cust_102302,8,Financial Services,wallet,0.9476,0.0524,0,8.14
cust_102303,128,E-commerce,UPI,0.1115,0.8885,0,24.48
cust_102304,152,Gaming,UPI,0.8755,0.1245,1,2.5
cust_102305,22,SaaS,UPI,0.7555,0.2445,2,8.89
cust_102306,154,E-commerce,UPI,0.409,0.591,0,50.79
cust_102307,116,Gaming,wallet,0.7249,0.2751,0,12.14
cust_102308,31,Edtech,UPI,0.8588,0.1412,0,3.85
cust_102309,23,SaaS,UPI,0.8218,0.1782,0,12.19
cust_102310,82,Financial Services,UPI,0.8384,0.1616,0,1.08
cust_102311,114,E-commerce,UPI,0.7534,0.2466,1,2.87
cust_102312,266,Edtech,card,0.8384,0.1616,0,17.21
cust_102313,82,E-commerce,netbanking,0.7578,0.2422,0,11.45
cust_102314,605,E-commerce,UPI,0.7792,0.2208,0,6.17
cust_102315,5,E-commerce,UPI,0.8144,0.1856,0,10.47
cust_102316,101,E-commerce,card,0.5881,0.4119,0,6.34
cust_102317,311,E-commerce,UPI,0.9541,0.0459,0,15.13
cust_102318,184,Edtech,card,0.8812,0.1188,1,21.95
cust_102319,33,SaaS,UPI,0.1666,0.8334,0,30.88
cust_102320,65,Edtech,UPI,0.8113,0.1887,0,23.17
cust_102321,216,E-commerce,card,0.8984,0.1016,0,6.43
cust_102322,60,Gaming,netbanking,0.7267,0.2733,0,5.42
cust_102323,51,SaaS,UPI,0.5655,0.4345,0,7.32
cust_102324,19,Financial Services,card,0.9791,0.0209,0,2.04
cust_102325,9,Gaming,card,0.9268,0.0732,0,9.85
cust_102326,157,SaaS,card,0.8735,0.1265,0,4.91
cust_102327,57,Edtech,card,0.888,0.112,0,18.91
cust_102328,250,E-commerce,UPI,0.8567,0.1433,0,9.95
cust_102329,44,Gaming,UPI,0.7476,0.2524,1,26.49
cust_102330,152,Financial Services,card,0.9458,0.0542,0,2.67
cust_102331,89,E-commerce,UPI,0.4551,0.5449,0,18.88
cust_102332,21,Financial Services,UPI,0.1584,0.8416,1,15.29
cust_102333,120,SaaS,wallet,0.8398,0.1602,0,1.26
cust_102334,102,Edtech,netbanking,0.9593,0.0407,1,3.78
cust_102335,94,Edtech,UPI,0.7737,0.2263,1,33.53
cust_102336,37,Edtech,UPI,0.822,0.178,0,12.27
cust_102337,188,E-commerce,UPI,0.9785,0.0215,0,7.19
cust_102338,49,E-commerce,netbanking,0.9584,0.0416,0,16.07
cust_102339,105,Financial Services,card,0.1743,0.8257,0,32.8
cust_102340,39,E-commerce,card,0.8317,0.1683,0,6.45
cust_102341,46,E-commerce,UPI,0.8222,0.1778,1,15.48
cust_102342,498,Financial Services,UPI,0.2783,0.7217,1,15.41
cust_102343,62,Gaming,netbanking,0.838,0.162,0,8.86
cust_102344,84,E-commerce,netbanking,0.1468,0.8532,0,26.44
cust_102345,137,Edtech,card,0.7471,0.2529,2,6.37
cust_102346,61,Gaming,UPI,0.8577,0.1423,0,4.85
cust_102347,68,Gaming,wallet,0.9794,0.0206,0,25.54
cust_102348,79,SaaS,card,0.8598,0.1402,1,5.63
cust_102349,64,Financial Services,UPI,0.7689,0.2311,2,1.14
cust_102350,68,Financial Services,UPI,0.9485,0.0515,0,1.55
cust_102351,89,SaaS,UPI,0.9748,0.0252,0,11.31
cust_102352,80,SaaS,wallet,0.8653,0.1347,1,0.47
cust_102353,225,SaaS,netbanking,0.7431,0.2569,1,61.73
cust_102354,36,SaaS,card,0.8982,0.1018,1,23.89
cust_102355,45,Financial Services,wallet,0.9675,0.0325,0,30.67
cust_102356,7,Gaming,card,0.7922,0.2078,0,6.5
cust_102357,31,SaaS,card,0.9663,0.0337,0,8.05
cust_102358,36,Edtech,wallet,0.9799,0.0201,0,2.23
cust_102359,34,Gaming,UPI,0.5316,0.4684,0,6.76
cust_102360,248,Edtech,card,0.7155,0.2845,0,0.93
cust_102361,143,SaaS,UPI,0.8686,0.1314,1,5.4
cust_102362,52,SaaS,netbanking,0.7498,0.2502,0,8.34
cust_102363,19,Financial Services,card,0.5262,0.4738,1,6.7
cust_102364,315,E-commerce,card,0.8127,0.1873,0,8.64
cust_102365,141,E-commerce,UPI,0.3454,0.6546,1,15.75
cust_102366,186,Financial Services,UPI,0.9581,0.0419,0,10.05
cust_102367,255,Gaming,netbanking,0.4328,0.5672,2,19.78
cust_102368,205,Edtech,UPI,0.8371,0.1629,0,9.32
cust_102369,55,Financial Services,netbanking,0.8577,0.1423,0,6.25
cust_102370,720,Financial Services,UPI,0.3113,0.6887,0,22.2
cust_102371,202,Edtech,card,0.8215,0.1785,1,2.93
cust_102372,238,Financial Services,netbanking,0.3567,0.6433,0,16.4
cust_102373,446,Financial Services,netbanking,0.8813,0.1187,2,10.4
cust_102374,95,E-commerce,UPI,0.8476,0.1524,1,10.43
cust_102375,84,Gaming,UPI,0.3341,0.6659,0,18.27
cust_102376,21,SaaS,UPI,0.8337,0.1663,1,3.14
cust_102377,108,E-commerce,card,0.8916,0.1084,0,15.79
cust_102378,185,Edtech,UPI,0.8465,0.1535,0,27.8
cust_102379,210,Edtech,card,0.8543,0.1457,0,5.42
cust_102380,99,SaaS,UPI,0.843,0.157,0,9.19
cust_102381,48,Financial Services,card,0.4304,0.5696,1,33.24
cust_102382,14,Gaming,netbanking,0.7995,0.2005,0,0.87
cust_102383,124,Gaming,UPI,0.3517,0.6483,1,18.38
cust_102384,84,SaaS,UPI,0.8296,0.1704,0,11.83
cust_102385,172,E-commerce,netbanking,0.7127,0.2873,1,12.59
cust_102386,61,Financial Services,card,0.7833,0.2167,0,50.79
cust_102387,157,Gaming,wallet,0.9121,0.0879,2,6.15
cust_102388,35,Financial Services,UPI,0.7742,0.2258,0,7.42
cust_102389,85,E-commerce,card,0.7219,0.2781,2,4.6
cust_102390,67,Gaming,UPI,0.8886,0.1114,1,8.49
cust_102391,231,Financial Services,netbanking,0.7016,0.2984,0,12.51
cust_102392,69,SaaS,UPI,0.4279,0.5721,0,21.68
cust_102393,53,Financial Services,UPI,0.9433,0.0567,1,2.81
cust_102394,7,Gaming,netbanking,0.7848,0.2152,0,27.66
cust_102395,119,Gaming,UPI,0.8887,0.1113,0,0.09
cust_102396,33,Financial Services,UPI,0.7245,0.2755,0,1.82
cust_102397,91,E-commerce,card,0.156,0.844,0,15.36
cust_102398,5,SaaS,UPI,0.7527,0.2473,1,15.91
cust_102399,68,SaaS,UPI,0.8816,0.1184,0,12.48
cust_102400,39,E-commerce,UPI,0.8753,0.1247,0,3.96
cust_102401,71,Gaming,card,0.7843,0.2157,0,9.68
cust_102402,95,Financial Services,card,0.3109,0.6891,1,26.36
cust_102403,249,SaaS,UPI,0.7427,0.2573,0,14.45
cust_102404,105,Financial Services,UPI,0.832,0.168,1,13.8
cust_102405,171,Financial Services,wallet,0.7564,0.2436,0,9.08
cust_102406,68,Gaming,UPI,0.8097,0.1903,0,8.27
cust_102407,79,Edtech,UPI,0.4152,0.5848,0,28.39
cust_102408,175,Financial Services,netbanking,0.9376,0.0624,0,30.59
cust_102409,241,Gaming,UPI,0.8552,0.1448,0,5.72
cust_102410,62,Edtech,card,0.2998,0.7002,0,28.86
cust_102411,86,Gaming,UPI,0.8712,0.1288,1,35.51
cust_102412,16,Financial Services,wallet,0.717,0.283,0,2.63
cust_102413,6,SaaS,card,0.7884,0.2116,1,26.38
cust_102414,108,SaaS,card,0.8815,0.1185,1,4.37
cust_102415,284,Financial Services,netbanking,0.4113,0.5887,2,32.36
cust_102416,64,Edtech,wallet,0.8221,0.1779,0,8.07
cust_102417,91,E-commerce,UPI,0.7538,0.2462,0,22.6
cust_102418,195,Edtech,UPI,0.8421,0.1579,1,5.26
cust_102419,36,Gaming,netbanking,0.795,0.205,1,9.41
cust_102420,12,Gaming,UPI,0.9003,0.0997,0,2.34
cust_102421,130,Financial Services,netbanking,0.2467,0.7533,0,17.33
cust_102422,126,Financial Services,netbanking,0.9333,0.0667,1,7.69
cust_102423,168,Edtech,UPI,0.9239,0.0761,0,4.94
cust_102424,86,E-commerce,netbanking,0.7791,0.2209,1,1.9
cust_102425,54,SaaS,UPI,0.7361,0.2639,0,23.31
cust_102426,394,E-commerce,card,0.8378,0.1622,1,2.34
cust_102427,90,Financial Services,card,0.8382,0.1618,1,4.59
cust_102428,55,E-commerce,wallet,0.7132,0.2868,0,14.07
cust_102429,167,SaaS,UPI,0.773,0.227,0,22.47
cust_102430,78,E-commerce,netbanking,0.9406,0.0594,0,0.77
cust_102431,267,Gaming,netbanking,0.1318,0.8682,2,32.54
cust_102432,224,Financial Services,card,0.2133,0.7867,0,42.27
cust_102433,68,Gaming,card,0.7722,0.2278,0,8.32
cust_102434,77,Edtech,UPI,0.9154,0.0846,1,8.89
cust_102435,18,Gaming,UPI,0.7423,0.2577,0,12.19
cust_102436,13,Gaming,netbanking,0.7292,0.2708,0,2.29
cust_102437,25,SaaS,UPI,0.8226,0.1774,2,2.09
cust_102438,41,Financial Services,UPI,0.9116,0.0884,1,13.15
cust_102439,70,SaaS,UPI,0.8707,0.1293,0,0.74
cust_102440,193,SaaS,UPI,0.7118,0.2882,1,31.03
cust_102441,26,SaaS,netbanking,0.7331,0.2669,2,13.0
cust_102442,56,E-commerce,UPI,0.744,0.256,0,1.81
cust_102443,483,Edtech,UPI,0.9134,0.0866,0,9.85
cust_102444,93,Financial Services,card,0.7278,0.2722,0,8.1
cust_102445,41,Edtech,netbanking,0.7386,0.2614,2,3.36
cust_102446,27,E-commerce,UPI,0.8164,0.1836,0,11.36
cust_102447,32,SaaS,card,0.9266,0.0734,1,5.02
cust_102448,56,Edtech,UPI,0.748,0.252,0,10.05
cust_102449,55,Edtech,netbanking,0.9114,0.0886,1,4.53
cust_102450,29,Edtech,card,0.7687,0.2313,0,2.55
cust_102451,27,Gaming,UPI,0.7639,0.2361,1,7.48
cust_102452,73,Financial Services,card,0.8146,0.1854,2,0.15
cust_102453,67,Financial Services,card,0.8445,0.1555,0,10.54
cust_102454,21,Edtech,card,0.8239,0.1761,0,13.88
cust_102455,50,SaaS,card,0.8449,0.1551,0,5.24
cust_102456,147,SaaS,UPI,0.2574,0.7426,1,23.86
cust_102457,53,E-commerce,UPI,0.8101,0.1899,0,6.4
cust_102458,144,SaaS,UPI,0.8796,0.1204,0,2.41
cust_102459,1,Gaming,UPI,0.4158,0.5842,1,17.26
cust_102460,384,Gaming,card,0.8174,0.1826,1,12.82
cust_102461,11,Gaming,UPI,0.902,0.098,0,12.59
cust_102462,51,Edtech,card,0.7022,0.2978,0,17.11
cust_102463,17,Edtech,UPI,0.8709,0.1291,0,5.25
cust_102464,52,E-commerce,card,0.8249,0.1751,0,4.33
cust_102465,218,E-commerce,UPI,0.8748,0.1252,2,3.44
cust_102466,56,Gaming,card,0.8953,0.1047,0,10.34
cust_102467,171,Financial Services,UPI,0.9467,0.0533,1,8.61
cust_102468,265,SaaS,card,0.2672,0.7328,0,20.62
cust_102469,82,E-commerce,UPI,0.8514,0.1486,1,11.96
cust_102470,85,E-commerce,UPI,0.3759,0.6241,2,17.6
cust_102471,16,Gaming,UPI,0.878,0.122,0,7.07
cust_102472,408,SaaS,card,0.4983,0.5017,1,21.45
cust_102473,232,Gaming,UPI,0.933,0.067,1,1.38
cust_102474,232,Edtech,card,0.9763,0.0237,2,6.95
cust_102475,57,SaaS,card,0.9356,0.0644,1,8.14
cust_102476,149,Edtech,UPI,0.7993,0.2007,1,29.87
cust_102477,50,SaaS,UPI,0.9636,0.0364,0,0.9
cust_102478,419,Financial Services,UPI,0.9063,0.0937,1,4.6
cust_102479,9,Financial Services,card,0.7661,0.2339,0,3.3
cust_102480,290,Gaming,UPI,0.9504,0.0496,0,7.85
cust_102481,13,Gaming,netbanking,0.7655,0.2345,0,0.84
cust_102482,59,Edtech,card,0.9197,0.0803,0,11.86
cust_102483,7,Gaming,UPI,0.9,0.1,1,19.34
cust_102484,12,Gaming,netbanking,0.7295,0.2705,0,9.47
cust_102485,20,Gaming,UPI,0.9304,0.0696,0,1.37
cust_102486,45,Edtech,card,0.741,0.259,0,15.6
cust_102487,129,Financial Services,card,0.7229,0.2771,0,6.42
cust_102488,65,SaaS,netbanking,0.7364,0.2636,0,0.06
cust_102489,127,E-commerce,UPI,0.8034,0.1966,2,1.12
cust_102490,83,Gaming,card,0.8565,0.1435,0,12.62
cust_102491,109,Financial Services,UPI,0.8636,0.1364,0,13.87
cust_102492,30,Financial Services,netbanking,0.8929,0.1071,0,8.61
cust_102493,248,Financial Services,netbanking,0.8167,0.1833,0,2.34
cust_102494,180,E-commerce,UPI,0.1636,0.8364,0,38.48
cust_102495,27,Financial Services,UPI,0.4523,0.5477,0,24.74
cust_102496,131,Gaming,UPI,0.2063,0.7937,0,19.15
cust_102497,137,Financial Services,UPI,0.1784,0.8216,1,95.26
cust_102498,23,Gaming,card,0.9665,0.0335,0,0.84
cust_102499,250,Gaming,netbanking,0.7309,0.2691,0,12.12
cust_102500,98,Edtech,netbanking,0.7113,0.2887,0,7.42
cust_102501,80,E-commerce,UPI,0.2525,0.7475,1,16.62
cust_102502,104,Edtech,card,0.8361,0.1639,0,4.95
cust_102503,352,E-commerce,UPI,0.3948,0.6052,0,28.48
cust_102504,72,SaaS,netbanking,0.7854,0.2146,1,8.42
cust_102505,142,Edtech,card,0.9294,0.0706,1,3.57
cust_102506,29,Financial Services,UPI,0.3738,0.6262,0,35.41
cust_102507,137,SaaS,card,0.8169,0.1831,0,18.92
cust_102508,79,Gaming,netbanking,0.8267,0.1733,0,26.13
cust_102509,144,Edtech,UPI,0.8331,0.1669,0,7.61
cust_102510,18,Gaming,card,0.1693,0.8307,0,15.54
cust_102511,357,Financial Services,card,0.8868,0.1132,1,4.42
cust_102512,87,E-commerce,card,0.7911,0.2089,1,20.79
cust_102513,310,Gaming,card,0.8147,0.1853,1,30.58
cust_102514,146,E-commerce,UPI,0.7949,0.2051,1,6.17
cust_102515,101,SaaS,UPI,0.9492,0.0508,0,17.79
cust_102516,2,Edtech,UPI,0.9425,0.0575,0,5.37
cust_102517,157,SaaS,card,0.9229,0.0771,1,2.94
cust_102518,310,Edtech,card,0.7347,0.2653,0,11.9
cust_102519,310,Gaming,card,0.5776,0.4224,0,12.48
cust_102520,5,Gaming,UPI,0.7148,0.2852,0,1.83
cust_102521,3,Gaming,UPI,0.9102,0.0898,0,16.21
cust_102522,533,Gaming,UPI,0.7337,0.2663,0,27.67
cust_102523,22,Gaming,card,0.7053,0.2947,1,19.75
cust_102524,202,E-commerce,UPI,0.8976,0.1024,0,0.5
cust_102525,49,Gaming,card,0.9259,0.0741,0,3.12
cust_102526,292,Gaming,UPI,0.8649,0.1351,0,3.57
cust_102527,91,Financial Services,UPI,0.7065,0.2935,0,1.41
cust_102528,206,Financial Services,wallet,0.7067,0.2933,0,4.81
cust_102529,116,Gaming,card,0.772,0.228,0,23.53
cust_102530,99,SaaS,UPI,0.8517,0.1483,0,30.53
cust_102531,190,Edtech,UPI,0.2278,0.7722,0,21.36
cust_102532,46,SaaS,card,0.9666,0.0334,1,45.41
cust_102533,39,E-commerce,netbanking,0.5806,0.4194,1,13.25
cust_102534,14,E-commerce,card,0.1293,0.8707,0,18.46
cust_102535,128,Financial Services,card,0.1712,0.8288,0,15.31
cust_102536,69,Edtech,card,0.9636,0.0364,2,14.02
cust_102537,70,SaaS,card,0.2198,0.7802,0,19.64
cust_102538,121,Gaming,UPI,0.838,0.162,1,5.09
cust_102539,72,Gaming,netbanking,0.7322,0.2678,1,3.92
cust_102540,137,SaaS,card,0.8549,0.1451,0,3.71
cust_102541,277,SaaS,card,0.8141,0.1859,3,14.76
cust_102542,3,E-commerce,card,0.7052,0.2948,0,4.26
cust_102543,239,Gaming,netbanking,0.889,0.111,0,9.4
cust_102544,56,E-commerce,UPI,0.8824,0.1176,1,28.66
cust_102545,24,E-commerce,card,0.8139,0.1861,1,3.93
cust_102546,217,SaaS,card,0.8401,0.1599,0,7.63
cust_102547,8,E-commerce,UPI,0.9759,0.0241,0,0.9
cust_102548,223,E-commerce,card,0.8187,0.1813,1,28.2
cust_102549,98,Gaming,card,0.7003,0.2997,1,0.31
cust_102550,155,Financial Services,netbanking,0.8738,0.1262,1,11.13
cust_102551,555,E-commerce,UPI,0.5668,0.4332,0,3.33
cust_102552,123,Financial Services,card,0.7702,0.2298,0,2.32
cust_102553,117,Financial Services,UPI,0.9359,0.0641,0,18.03
cust_102554,48,E-commerce,UPI,0.8429,0.1571,1,4.94
cust_102555,112,SaaS,card,0.8495,0.1505,2,2.59
cust_102556,4,SaaS,UPI,0.8107,0.1893,0,12.39
cust_102557,130,SaaS,UPI,0.903,0.097,1,5.66
cust_102558,133,Edtech,UPI,0.759,0.241,0,0.68
cust_102559,62,Gaming,card,0.7891,0.2109,1,5.51
cust_102560,146,Edtech,netbanking,0.9743,0.0257,0,5.8
cust_102561,191,Financial Services,card,0.8854,0.1146,0,9.88
cust_102562,25,Edtech,card,0.8287,0.1713,0,20.89
cust_102563,75,Gaming,UPI,0.9559,0.0441,0,20.73
cust_102564,23,E-commerce,UPI,0.7006,0.2994,0,14.84
cust_102565,78,Financial Services,UPI,0.1048,0.8952,0,34.12
cust_102566,97,E-commerce,card,0.9507,0.0493,2,30.46
cust_102567,4,Financial Services,UPI,0.8507,0.1493,1,3.19
cust_102568,44,SaaS,card,0.9499,0.0501,0,12.97
cust_102569,271,Financial Services,card,0.7988,0.2012,0,26.98
cust_102570,37,Financial Services,UPI,0.8002,0.1998,0,8.29
cust_102571,15,E-commerce,UPI,0.9273,0.0727,0,3.31
cust_102572,112,SaaS,netbanking,0.2852,0.7148,1,17.81
cust_102573,406,E-commerce,UPI,0.762,0.238,1,29.43
cust_102574,51,SaaS,UPI,0.8906,0.1094,1,3.83
cust_102575,97,Edtech,card,0.9286,0.0714,0,0.11
cust_102576,74,Edtech,UPI,0.7619,0.2381,0,2.41
cust_102577,69,Financial Services,UPI,0.7103,0.2897,0,1.23
cust_102578,3,Financial Services,UPI,0.898,0.102,1,12.33
cust_102579,9,E-commerce,UPI,0.5921,0.4079,0,6.25
cust_102580,364,Financial Services,netbanking,0.2387,0.7613,1,21.07
cust_102581,53,Gaming,netbanking,0.8545,0.1455,0,8.65
cust_102582,32,Gaming,UPI,0.8688,0.1312,1,5.84
cust_102583,15,E-commerce,netbanking,0.1641,0.8359,0,32.96
cust_102584,19,SaaS,netbanking,0.5668,0.4332,1,8.34
cust_102585,45,E-commerce,UPI,0.9041,0.0959,1,5.08
cust_102586,23,Edtech,UPI,0.8898,0.1102,1,30.28
cust_102587,351,Gaming,UPI,0.8906,0.1094,0,19.85
cust_102588,60,Financial Services,UPI,0.3136,0.6864,0,24.1
cust_102589,193,SaaS,UPI,0.7904,0.2096,0,25.52
cust_102590,167,Financial Services,card,0.8904,0.1096,1,14.21
cust_102591,56,Financial Services,UPI,0.8448,0.1552,1,39.83
cust_102592,52,SaaS,netbanking,0.7629,0.2371,1,16.01
cust_102593,69,Edtech,netbanking,0.8491,0.1509,0,13.64
cust_102594,76,Edtech,UPI,0.1973,0.8027,0,20.54
cust_102595,170,SaaS,card,0.9261,0.0739,1,6.57
cust_102596,6,E-commerce,netbanking,0.8187,0.1813,1,0.11
cust_102597,23,SaaS,card,0.7551,0.2449,0,15.51
cust_102598,36,Edtech,card,0.8753,0.1247,1,7.89
cust_102599,20,SaaS,UPI,0.316,0.684,1,33.3
cust_102600,108,SaaS,UPI,0.8754,0.1246,0,7.05
cust_102601,62,Edtech,UPI,0.7692,0.2308,0,0.76
cust_102602,13,Financial Services,UPI,0.7954,0.2046,0,25.98
cust_102603,57,SaaS,card,0.8455,0.1545,0,12.18
cust_102604,37,E-commerce,netbanking,0.9172,0.0828,0,17.8
cust_102605,55,Gaming,UPI,0.7268,0.2732,1,6.45
cust_102606,26,Financial Services,card,0.7239,0.2761,1,17.01
cust_102607,86,SaaS,UPI,0.8057,0.1943,2,3.51
cust_102608,95,SaaS,UPI,0.7174,0.2826,0,6.62
cust_102609,214,Financial Services,netbanking,0.4054,0.5946,0,15.18
cust_102610,238,Financial Services,UPI,0.4388,0.5612,0,15.25
cust_102611,62,Gaming,wallet,0.525,0.475,0,5.51
cust_102612,45,Financial Services,netbanking,0.476,0.524,1,15.85
cust_102613,119,E-commerce,UPI,0.9205,0.0795,1,1.43
cust_102614,140,Gaming,UPI,0.292,0.708,1,17.43
cust_102615,786,Financial Services,UPI,0.8734,0.1266,1,9.41
cust_102616,156,Edtech,UPI,0.8892,0.1108,1,4.93
cust_102617,98,SaaS,card,0.7919,0.2081,0,5.15
cust_102618,51,E-commerce,UPI,0.1061,0.8939,1,43.19
cust_102619,42,SaaS,UPI,0.9354,0.0646,1,7.92
cust_102620,7,Gaming,UPI,0.3544,0.6456,0,88.16
cust_102621,45,Edtech,netbanking,0.9029,0.0971,1,7.84
cust_102622,221,Financial Services,netbanking,0.7385,0.2615,0,4.15
cust_102623,49,SaaS,UPI,0.2558,0.7442,0,34.3
cust_102624,58,Financial Services,card,0.8825,0.1175,0,4.71
cust_102625,19,Edtech,card,0.9479,0.0521,1,0.18
cust_102626,30,E-commerce,UPI,0.2543,0.7457,0,29.13
cust_102627,15,Edtech,netbanking,0.9717,0.0283,0,11.71
cust_102628,427,Gaming,UPI,0.8899,0.1101,1,4.99
cust_102629,229,SaaS,netbanking,0.9294,0.0706,0,9.02
cust_102630,148,Gaming,netbanking,0.8182,0.1818,0,16.61
cust_102631,79,E-commerce,UPI,0.8794,0.1206,0,7.12
cust_102632,349,E-commerce,card,0.7956,0.2044,1,12.88
cust_102633,201,Financial Services,card,0.9749,0.0251,0,8.32
cust_102634,237,Gaming,netbanking,0.9386,0.0614,0,18.88
cust_102635,65,Gaming,UPI,0.8725,0.1275,1,16.52
cust_102636,37,Financial Services,UPI,0.7294,0.2706,0,1.06
cust_102637,169,SaaS,UPI,0.9576,0.0424,0,0.91
cust_102638,41,E-commerce,card,0.8306,0.1694,0,10.42
cust_102639,300,E-commerce,card,0.9057,0.0943,1,2.89
cust_102640,270,Edtech,card,0.8053,0.1947,0,10.9
cust_102641,65,Financial Services,UPI,0.9772,0.0228,1,6.4
cust_102642,277,Edtech,UPI,0.2789,0.7211,0,35.62
cust_102643,192,Gaming,card,0.2453,0.7547,0,17.42
cust_102644,129,E-commerce,UPI,0.9556,0.0444,2,4.74
cust_102645,187,Edtech,UPI,0.1148,0.8852,0,15.34
cust_102646,59,E-commerce,netbanking,0.7613,0.2387,0,2.31
cust_102647,421,Edtech,UPI,0.7951,0.2049,1,0.38
cust_102648,300,Gaming,UPI,0.7549,0.2451,0,3.2
cust_102649,9,E-commerce,UPI,0.955,0.045,0,0.74
cust_102650,172,SaaS,UPI,0.7384,0.2616,0,5.42
cust_102651,318,SaaS,netbanking,0.7589,0.2411,1,3.85
cust_102652,58,Financial Services,card,0.9267,0.0733,0,6.57
cust_102653,62,E-commerce,wallet,0.9736,0.0264,1,12.99
cust_102654,38,Gaming,UPI,0.9459,0.0541,0,5.16
cust_102655,3,SaaS,netbanking,0.5414,0.4586,0,8.68
cust_102656,10,E-commerce,UPI,0.7537,0.2463,1,30.01
cust_102657,803,Financial Services,UPI,0.789,0.211,0,19.54
cust_102658,790,Financial Services,card,0.7685,0.2315,1,4.39
cust_102659,103,SaaS,netbanking,0.8645,0.1355,1,4.11
cust_102660,19,Gaming,UPI,0.7416,0.2584,1,2.48
cust_102661,45,E-commerce,card,0.4978,0.5022,0,17.46
cust_102662,22,E-commerce,UPI,0.9711,0.0289,0,3.16
cust_102663,354,Financial Services,UPI,0.7228,0.2772,0,13.07
cust_102664,48,Financial Services,card,0.8722,0.1278,0,8.46
cust_102665,178,E-commerce,netbanking,0.9104,0.0896,0,4.08
cust_102666,75,Gaming,netbanking,0.8453,0.1547,1,1.41
cust_102667,83,E-commerce,UPI,0.8047,0.1953,0,1.61
cust_102668,122,Financial Services,netbanking,0.8385,0.1615,1,9.14
cust_102669,233,Edtech,UPI,0.8787,0.1213,1,2.31
cust_102670,62,Gaming,UPI,0.758,0.242,1,3.73
cust_102671,16,E-commerce,netbanking,0.7656,0.2344,0,8.49
cust_102672,102,E-commerce,UPI,0.9488,0.0512,0,13.67
cust_102673,17,Gaming,UPI,0.9359,0.0641,1,3.66
cust_102674,78,Edtech,UPI,0.7376,0.2624,1,10.34
cust_102675,151,SaaS,UPI,0.8453,0.1547,0,5.76
cust_102676,45,E-commerce,wallet,0.8303,0.1697,1,0.06
cust_102677,6,Gaming,UPI,0.8263,0.1737,0,7.62
cust_102678,235,Financial Services,card,0.9253,0.0747,0,5.1
cust_102679,86,Edtech,netbanking,0.7069,0.2931,2,11.85
cust_102680,15,Financial Services,card,0.8807,0.1193,0,5.65
cust_102681,121,Edtech,UPI,0.7825,0.2175,0,0.1
cust_102682,3,Gaming,UPI,0.8802,0.1198,0,2.74
cust_102683,31,Edtech,wallet,0.7276,0.2724,0,1.36
cust_102684,95,SaaS,netbanking,0.8529,0.1471,1,8.25
cust_102685,151,Edtech,card,0.7922,0.2078,0,20.46
cust_102686,245,Edtech,card,0.9152,0.0848,0,10.26
cust_102687,205,Edtech,UPI,0.8691,0.1309,1,6.35
cust_102688,247,E-commerce,UPI,0.9107,0.0893,0,1.42
cust_102689,61,Gaming,UPI,0.7024,0.2976,0,4.68
cust_102690,599,Edtech,wallet,0.7971,0.2029,0,12.95
cust_102691,7,Financial Services,UPI,0.9301,0.0699,0,33.66
cust_102692,340,SaaS,UPI,0.8435,0.1565,0,2.75
cust_102693,87,E-commerce,card,0.7637,0.2363,0,14.13
cust_102694,45,E-commerce,netbanking,0.8444,0.1556,0,5.73
cust_102695,188,Gaming,netbanking,0.9023,0.0977,0,4.15
cust_102696,330,Financial Services,UPI,0.724,0.276,0,6.05
cust_102697,194,E-commerce,card,0.9637,0.0363,1,1.05
cust_102698,107,Financial Services,card,0.826,0.174,0,1.9
cust_102699,2,Gaming,card,0.1695,0.8305,1,55.2
cust_102700,8,E-commerce,netbanking,0.9066,0.0934,1,36.32
cust_102701,41,Financial Services,netbanking,0.9336,0.0664,1,8.29
cust_102702,16,Edtech,card,0.8192,0.1808,0,15.71
cust_102703,171,Financial Services,netbanking,0.8933,0.1067,0,16.56
cust_102704,335,Edtech,card,0.7065,0.2935,0,0.85
cust_102705,3,SaaS,card,0.743,0.257,0,43.36
cust_102706,61,Edtech,UPI,0.9238,0.0762,0,17.46
cust_102707,332,Gaming,netbanking,0.8094,0.1906,0,10.08
cust_102708,233,Financial Services,UPI,0.8094,0.1906,0,1.86
cust_102709,1,Gaming,card,0.8329,0.1671,0,2.8
cust_102710,43,Edtech,card,0.8264,0.1736,0,11.23
cust_102711,7,Edtech,UPI,0.1522,0.8478,0,19.11
cust_102712,43,Gaming,UPI,0.9314,0.0686,1,1.3
cust_102713,9,Gaming,wallet,0.7523,0.2477,1,12.1
cust_102714,170,SaaS,card,0.8081,0.1919,0,5.62
cust_102715,2,E-commerce,netbanking,0.8847,0.1153,0,2.27
cust_102716,303,SaaS,netbanking,0.8032,0.1968,3,18.47
cust_102717,208,SaaS,UPI,0.9407,0.0593,0,38.83
cust_102718,43,Financial Services,netbanking,0.9771,0.0229,0,0.21
cust_102719,76,E-commerce,UPI,0.8339,0.1661,1,0.81
cust_102720,22,SaaS,UPI,0.953,0.047,0,15.71
cust_102721,65,E-commerce,UPI,0.2028,0.7972,0,15.95
cust_102722,17,Financial Services,UPI,0.8861,0.1139,2,4.07
cust_102723,39,E-commerce,card,0.963,0.037,2,0.51
cust_102724,143,Gaming,netbanking,0.9007,0.0993,1,30.79
cust_102725,86,Financial Services,netbanking,0.7021,0.2979,2,2.18
cust_102726,96,E-commerce,UPI,0.9309,0.0691,1,2.98
cust_102727,168,Gaming,UPI,0.8472,0.1528,0,4.9
cust_102728,117,Gaming,UPI,0.8289,0.1711,1,24.89
cust_102729,76,Gaming,UPI,0.1456,0.8544,0,15.04
cust_102730,92,Financial Services,UPI,0.9359,0.0641,0,8.9
cust_102731,39,Edtech,UPI,0.9306,0.0694,2,1.69
cust_102732,387,E-commerce,UPI,0.7503,0.2497,1,20.69
cust_102733,45,Gaming,netbanking,0.8282,0.1718,0,10.62
cust_102734,11,E-commerce,UPI,0.7267,0.2733,1,26.31
cust_102735,68,SaaS,netbanking,0.9438,0.0562,0,38.75
cust_102736,386,Edtech,UPI,0.8506,0.1494,2,9.79
cust_102737,10,SaaS,netbanking,0.9023,0.0977,0,0.73
cust_102738,62,E-commerce,card,0.8152,0.1848,2,0.62
cust_102739,166,Gaming,card,0.2844,0.7156,0,18.7
cust_102740,84,SaaS,UPI,0.9183,0.0817,1,20.94
cust_102741,95,Financial Services,UPI,0.7708,0.2292,1,2.32
cust_102742,118,Gaming,UPI,0.1134,0.8866,1,27.96
cust_102743,13,Financial Services,UPI,0.9089,0.0911,2,3.25
cust_102744,49,E-commerce,card,0.703,0.297,1,7.13
cust_102745,200,SaaS,UPI,0.7382,0.2618,0,8.31
cust_102746,366,Financial Services,card,0.7191,0.2809,0,10.41
cust_102747,321,Gaming,UPI,0.8998,0.1002,0,37.83
cust_102748,239,Financial Services,UPI,0.5102,0.4898,0,5.36
cust_102749,20,E-commerce,wallet,0.7051,0.2949,0,20.82
cust_102750,26,SaaS,card,0.7348,0.2652,0,14.45
cust_102751,105,Financial Services,card,0.888,0.112,0,2.37
cust_102752,10,SaaS,UPI,0.743,0.257,0,8.35
cust_102753,114,Edtech,card,0.9,0.1,0,2.8
cust_102754,18,Gaming,netbanking,0.8951,0.1049,0,2.06
cust_102755,24,Gaming,netbanking,0.9006,0.0994,1,5.22
cust_102756,37,SaaS,wallet,0.7863,0.2137,1,18.81
cust_102757,171,SaaS,UPI,0.7136,0.2864,0,2.06
cust_102758,15,Financial Services,card,0.9601,0.0399,0,17.15
cust_102759,652,Edtech,UPI,0.756,0.244,0,16.2
cust_102760,187,SaaS,card,0.977,0.023,0,6.05
cust_102761,109,Edtech,wallet,0.8904,0.1096,0,25.66
cust_102762,38,SaaS,wallet,0.947,0.053,0,6.23
cust_102763,115,E-commerce,UPI,0.7123,0.2877,0,1.21
cust_102764,15,Gaming,UPI,0.2636,0.7364,1,16.08
cust_102765,230,Gaming,card,0.8749,0.1251,1,1.93
cust_102766,78,Gaming,card,0.8198,0.1802,0,0.15
cust_102767,17,E-commerce,UPI,0.7998,0.2002,0,6.68
cust_102768,18,E-commerce,card,0.427,0.573,0,18.49
cust_102769,2,SaaS,UPI,0.8285,0.1715,0,1.67
cust_102770,57,SaaS,card,0.778,0.222,0,2.63
cust_102771,51,Gaming,card,0.7189,0.2811,1,8.06
cust_102772,54,E-commerce,UPI,0.9149,0.0851,1,44.21
cust_102773,132,Financial Services,card,0.7285,0.2715,0,9.3
cust_102774,80,Gaming,UPI,0.9582,0.0418,0,22.1
cust_102775,96,Gaming,UPI,0.9685,0.0315,0,12.52
cust_102776,146,Gaming,card,0.8766,0.1234,0,5.69
cust_102777,108,Financial Services,UPI,0.9723,0.0277,1,3.73
cust_102778,72,E-commerce,netbanking,0.8779,0.1221,0,3.46
cust_102779,137,Edtech,UPI,0.8866,0.1134,1,14.38
cust_102780,9,SaaS,UPI,0.8704,0.1296,1,4.34
cust_102781,32,Gaming,card,0.8431,0.1569,0,47.79
cust_102782,491,E-commerce,card,0.8973,0.1027,0,6.76
cust_102783,138,SaaS,UPI,0.8726,0.1274,0,0.78
cust_102784,10,SaaS,UPI,0.9066,0.0934,0,15.36
cust_102785,80,E-commerce,UPI,0.7168,0.2832,0,7.99
cust_102786,38,Edtech,card,0.7566,0.2434,1,2.38
cust_102787,77,Financial Services,wallet,0.7106,0.2894,2,48.33
cust_102788,14,Gaming,UPI,0.8242,0.1758,2,1.2
cust_102789,5,Edtech,UPI,0.2588,0.7412,0,50.09
cust_102790,133,SaaS,card,0.9737,0.0263,1,15.97
cust_102791,109,Edtech,UPI,0.7641,0.2359,0,7.63
cust_102792,209,Edtech,wallet,0.7576,0.2424,0,14.41
cust_102793,13,SaaS,card,0.8862,0.1138,0,0.4
cust_102794,55,E-commerce,card,0.895,0.105,0,25.77
cust_102795,10,E-commerce,netbanking,0.8068,0.1932,1,4.96
cust_102796,163,Edtech,card,0.8763,0.1237,1,6.69
cust_102797,552,SaaS,UPI,0.7196,0.2804,0,3.45
cust_102798,174,E-commerce,card,0.596,0.404,0,0.85
cust_102799,2,E-commerce,UPI,0.1868,0.8132,0,59.56
cust_102800,77,Gaming,UPI,0.9609,0.0391,1,9.14
cust_102801,13,E-commerce,UPI,0.8193,0.1807,1,4.22
cust_102802,118,Financial Services,netbanking,0.9021,0.0979,0,7.03
cust_102803,383,E-commerce,UPI,0.8696,0.1304,1,11.38
cust_102804,52,Edtech,UPI,0.8255,0.1745,1,5.44
cust_102805,26,E-commerce,UPI,0.9188,0.0812,1,34.85
cust_102806,19,SaaS,card,0.8007,0.1993,0,15.61
cust_102807,184,Financial Services,UPI,0.8236,0.1764,1,9.49
cust_102808,510,Gaming,netbanking,0.8214,0.1786,1,1.12
cust_102809,26,E-commerce,card,0.9222,0.0778,1,10.78
cust_102810,47,SaaS,UPI,0.8197,0.1803,0,6.29
cust_102811,201,SaaS,UPI,0.958,0.042,1,2.16
cust_102812,129,Gaming,netbanking,0.8548,0.1452,0,3.96
cust_102813,93,E-commerce,UPI,0.8298,0.1702,1,1.57
cust_102814,75,Financial Services,card,0.8574,0.1426,0,10.03
cust_102815,7,Financial Services,card,0.1683,0.8317,0,32.75
cust_102816,53,Financial Services,UPI,0.9565,0.0435,1,5.05
cust_102817,56,SaaS,UPI,0.3503,0.6497,2,27.54
cust_102818,90,Edtech,netbanking,0.9592,0.0408,0,8.54
cust_102819,84,Financial Services,UPI,0.8045,0.1955,0,2.3
cust_102820,170,Financial Services,UPI,0.9765,0.0235,1,11.48
cust_102821,340,SaaS,card,0.7109,0.2891,2,9.17
cust_102822,21,SaaS,card,0.8584,0.1416,0,13.62
cust_102823,91,E-commerce,UPI,0.968,0.032,0,66.44
cust_102824,9,Edtech,UPI,0.8368,0.1632,0,35.43
cust_102825,465,Edtech,card,0.8823,0.1177,1,35.77
cust_102826,19,Financial Services,UPI,0.7679,0.2321,0,8.51
cust_102827,183,SaaS,UPI,0.8012,0.1988,1,1.63
cust_102828,76,SaaS,card,0.8807,0.1193,1,9.0
cust_102829,38,Edtech,card,0.9644,0.0356,1,21.76
cust_102830,100,E-commerce,UPI,0.8686,0.1314,1,4.03
cust_102831,25,E-commerce,UPI,0.4855,0.5145,1,39.45
cust_102832,32,Financial Services,UPI,0.8641,0.1359,0,7.09
cust_102833,766,SaaS,card,0.7529,0.2471,0,20.94
cust_102834,183,Financial Services,UPI,0.8195,0.1805,1,1.62
cust_102835,31,Edtech,UPI,0.8493,0.1507,0,3.41
cust_102836,23,Financial Services,card,0.9055,0.0945,2,2.81
cust_102837,30,SaaS,UPI,0.3863,0.6137,0,24.3
cust_102838,147,Edtech,card,0.7753,0.2247,0,4.01
cust_102839,138,E-commerce,UPI,0.8114,0.1886,0,4.69
cust_102840,39,Edtech,UPI,0.1842,0.8158,2,15.67
cust_102841,162,Financial Services,UPI,0.1349,0.8651,0,15.66
cust_102842,31,Financial Services,card,0.8833,0.1167,1,4.09
cust_102843,18,Financial Services,UPI,0.8049,0.1951,1,7.81
cust_102844,175,E-commerce,netbanking,0.751,0.249,1,2.07
cust_102845,128,SaaS,UPI,0.928,0.072,1,31.36
cust_102846,27,E-commerce,netbanking,0.91,0.09,0,45.63
cust_102847,21,E-commerce,card,0.9526,0.0474,1,6.31
cust_102848,516,Financial Services,UPI,0.9556,0.0444,0,0.56
cust_102849,222,SaaS,card,0.7465,0.2535,0,0.16
cust_102850,108,Edtech,UPI,0.1623,0.8377,0,24.57
cust_102851,26,SaaS,UPI,0.864,0.136,0,0.55
cust_102852,46,Financial Services,UPI,0.9129,0.0871,0,10.84
cust_102853,154,SaaS,UPI,0.4759,0.5241,0,15.82
cust_102854,67,SaaS,netbanking,0.921,0.079,0,2.97
cust_102855,13,SaaS,card,0.3612,0.6388,1,34.74
cust_102856,80,SaaS,UPI,0.8456,0.1544,0,10.86
cust_102857,114,Edtech,card,0.8325,0.1675,1,21.31
cust_102858,106,Edtech,card,0.7942,0.2058,0,11.34
cust_102859,279,Edtech,UPI,0.9287,0.0713,1,0.61
cust_102860,105,Edtech,UPI,0.806,0.194,2,1.3
cust_102861,109,SaaS,UPI,0.9445,0.0555,0,7.8
cust_102862,59,SaaS,UPI,0.5353,0.4647,2,17.28
cust_102863,30,Financial Services,UPI,0.9486,0.0514,0,14.48
cust_102864,355,E-commerce,card,0.1614,0.8386,1,19.9
cust_102865,67,Gaming,UPI,0.8958,0.1042,0,11.89
cust_102866,70,E-commerce,card,0.8731,0.1269,0,3.25
cust_102867,78,Financial Services,UPI,0.8849,0.1151,0,17.19
cust_102868,72,SaaS,card,0.9681,0.0319,3,0.36
cust_102869,37,Edtech,UPI,0.2801,0.7199,1,15.85
cust_102870,18,SaaS,UPI,0.906,0.094,0,13.3
cust_102871,236,Financial Services,netbanking,0.8357,0.1643,0,3.71
cust_102872,33,Gaming,UPI,0.7975,0.2025,1,13.4
cust_102873,81,Financial Services,UPI,0.94,0.06,0,7.72
cust_102874,153,SaaS,UPI,0.7823,0.2177,1,5.31
cust_102875,165,E-commerce,UPI,0.9436,0.0564,1,48.19
cust_102876,51,Gaming,UPI,0.9007,0.0993,0,2.28
cust_102877,142,SaaS,netbanking,0.4984,0.5016,0,16.98
cust_102878,41,Edtech,UPI,0.979,0.021,0,2.66
cust_102879,160,Financial Services,UPI,0.825,0.175,0,15.79
cust_102880,38,SaaS,card,0.8514,0.1486,0,10.64
cust_102881,71,E-commerce,UPI,0.9109,0.0891,1,3.88
cust_102882,14,SaaS,UPI,0.5967,0.4033,0,8.74
cust_102883,7,SaaS,UPI,0.9601,0.0399,1,14.41
cust_102884,165,Financial Services,UPI,0.7617,0.2383,1,5.07
cust_102885,29,Edtech,card,0.9664,0.0336,1,1.9
cust_102886,138,SaaS,UPI,0.9584,0.0416,0,13.24
cust_102887,87,Financial Services,netbanking,0.4459,0.5541,1,16.63
cust_102888,217,E-commerce,netbanking,0.9146,0.0854,0,6.7
cust_102889,36,Gaming,card,0.2716,0.7284,1,35.96
cust_102890,24,Financial Services,card,0.9198,0.0802,0,3.98
cust_102891,21,Financial Services,UPI,0.7626,0.2374,0,7.99
cust_102892,16,SaaS,UPI,0.7312,0.2688,0,13.62
cust_102893,150,Edtech,UPI,0.9624,0.0376,0,0.88
cust_102894,281,SaaS,netbanking,0.7357,0.2643,1,16.68
cust_102895,212,Edtech,card,0.8615,0.1385,0,2.46
cust_102896,48,SaaS,card,0.8652,0.1348,0,2.99
cust_102897,76,E-commerce,UPI,0.9744,0.0256,0,25.66
cust_102898,166,Edtech,card,0.9233,0.0767,0,6.69
cust_102899,25,E-commerce,netbanking,0.8685,0.1315,0,0.96
cust_102900,167,E-commerce,UPI,0.1046,0.8954,0,15.29
cust_102901,18,Financial Services,UPI,0.9285,0.0715,0,10.69
cust_102902,218,Edtech,UPI,0.84,0.16,1,3.94
cust_102903,20,Financial Services,card,0.2417,0.7583,0,24.5
cust_102904,173,SaaS,card,0.7865,0.2135,0,27.37
cust_102905,43,SaaS,UPI,0.9373,0.0627,1,1.97
cust_102906,57,Gaming,UPI,0.932,0.068,0,1.96
cust_102907,310,Financial Services,card,0.9706,0.0294,0,11.4
cust_102908,274,SaaS,UPI,0.7933,0.2067,0,7.82
cust_102909,193,E-commerce,UPI,0.9616,0.0384,1,4.45
cust_102910,42,E-commerce,UPI,0.7147,0.2853,2,30.45
cust_102911,209,E-commerce,UPI,0.9037,0.0963,1,8.18
cust_102912,8,Edtech,card,0.8846,0.1154,0,16.99
cust_102913,210,E-commerce,UPI,0.8534,0.1466,0,6.56
cust_102914,109,Edtech,UPI,0.8326,0.1674,0,3.54
cust_102915,7,Edtech,UPI,0.8095,0.1905,0,15.71
cust_102916,391,Gaming,UPI,0.7791,0.2209,0,1.59
cust_102917,97,E-commerce,UPI,0.8534,0.1466,0,27.07
cust_102918,27,SaaS,card,0.4761,0.5239,0,19.71
cust_102919,15,Gaming,UPI,0.7152,0.2848,0,4.67
cust_102920,65,Edtech,UPI,0.7458,0.2542,0,25.11
cust_102921,62,E-commerce,UPI,0.8351,0.1649,0,19.24
cust_102922,102,E-commerce,UPI,0.9252,0.0748,0,5.97
cust_102923,40,E-commerce,netbanking,0.7026,0.2974,1,7.27
cust_102924,31,Gaming,UPI,0.4927,0.5073,1,19.07
cust_102925,28,E-commerce,netbanking,0.9752,0.0248,0,6.31
cust_102926,30,E-commerce,UPI,0.7269,0.2731,1,5.12
cust_102927,89,Financial Services,card,0.7147,0.2853,0,1.97
cust_102928,106,Gaming,card,0.8661,0.1339,1,4.64
cust_102929,10,E-commerce,wallet,0.8131,0.1869,0,9.76
cust_102930,132,SaaS,card,0.2983,0.7017,0,29.07
cust_102931,196,Edtech,card,0.9673,0.0327,0,1.21
cust_102932,11,Financial Services,UPI,0.9775,0.0225,0,30.72
cust_102933,184,SaaS,card,0.9422,0.0578,0,1.83
cust_102934,461,Financial Services,UPI,0.8829,0.1171,0,6.81
cust_102935,249,Edtech,netbanking,0.1583,0.8417,0,36.74
cust_102936,39,SaaS,UPI,0.8873,0.1127,2,8.54
cust_102937,202,Gaming,card,0.8643,0.1357,1,34.31
cust_102938,668,Gaming,UPI,0.8942,0.1058,1,4.9
cust_102939,114,SaaS,UPI,0.7507,0.2493,0,20.47
cust_102940,29,Financial Services,UPI,0.8968,0.1032,1,4.44
cust_102941,70,Edtech,card,0.7278,0.2722,0,16.13
cust_102942,73,SaaS,netbanking,0.9414,0.0586,0,4.13
cust_102943,129,Gaming,card,0.9276,0.0724,0,0.58
cust_102944,23,SaaS,UPI,0.9289,0.0711,0,11.19
cust_102945,3,Gaming,card,0.8453,0.1547,0,3.71
cust_102946,91,Gaming,UPI,0.9293,0.0707,1,5.88
cust_102947,228,SaaS,card,0.7581,0.2419,0,5.46
cust_102948,148,SaaS,wallet,0.8677,0.1323,1,63.19
cust_102949,1,E-commerce,UPI,0.3236,0.6764,1,15.63
cust_102950,33,Edtech,UPI,0.1644,0.8356,1,17.71
cust_102951,84,E-commerce,netbanking,0.7246,0.2754,1,40.32
cust_102952,148,Edtech,UPI,0.7098,0.2902,0,1.84
cust_102953,157,SaaS,UPI,0.8018,0.1982,0,0.98
cust_102954,305,Gaming,UPI,0.9736,0.0264,2,6.24
cust_102955,3,SaaS,netbanking,0.7129,0.2871,0,0.78
cust_102956,15,Gaming,UPI,0.7822,0.2178,1,20.22
cust_102957,55,Gaming,UPI,0.8616,0.1384,1,29.5
cust_102958,56,Edtech,UPI,0.9761,0.0239,2,1.75
cust_102959,24,Edtech,card,0.843,0.157,0,13.45
cust_102960,24,SaaS,wallet,0.7125,0.2875,0,18.78
cust_102961,94,SaaS,UPI,0.7839,0.2161,1,20.16
cust_102962,368,E-commerce,card,0.8686,0.1314,0,0.04
cust_102963,5,E-commerce,UPI,0.7777,0.2223,0,2.94
cust_102964,44,Gaming,UPI,0.854,0.146,0,1.04
cust_102965,6,Edtech,card,0.953,0.047,0,5.87
cust_102966,121,Financial Services,netbanking,0.9645,0.0355,0,10.25
cust_102967,369,Financial Services,netbanking,0.7401,0.2599,0,10.35
cust_102968,24,E-commerce,card,0.4663,0.5337,1,41.26
cust_102969,63,E-commerce,wallet,0.8578,0.1422,0,0.43
cust_102970,107,Gaming,UPI,0.8175,0.1825,0,17.2
cust_102971,39,E-commerce,card,0.9206,0.0794,0,2.16
cust_102972,438,Financial Services,UPI,0.4018,0.5982,0,24.42
cust_102973,99,SaaS,netbanking,0.8488,0.1512,1,19.83
cust_102974,24,Gaming,card,0.7922,0.2078,1,16.98
cust_102975,128,SaaS,netbanking,0.7934,0.2066,1,1.86
cust_102976,80,Edtech,card,0.499,0.501,0,15.04
cust_102977,51,Edtech,wallet,0.2886,0.7114,1,17.14
cust_102978,53,E-commerce,UPI,0.7294,0.2706,0,23.72
cust_102979,727,SaaS,UPI,0.9039,0.0961,0,4.0
cust_102980,75,Edtech,UPI,0.9259,0.0741,0,2.24
cust_102981,179,SaaS,card,0.8961,0.1039,0,4.9
cust_102982,288,Edtech,wallet,0.8701,0.1299,0,2.52
cust_102983,90,SaaS,UPI,0.965,0.035,0,8.72
cust_102984,89,Financial Services,UPI,0.9257,0.0743,0,31.89
cust_102985,28,Gaming,card,0.947,0.053,0,0.69
cust_102986,97,Financial Services,UPI,0.7357,0.2643,0,1.88
cust_102987,100,SaaS,card,0.8997,0.1003,0,11.03
cust_102988,25,E-commerce,card,0.3838,0.6162,0,25.61
cust_102989,638,Edtech,netbanking,0.4627,0.5373,0,36.67
cust_102990,9,Edtech,wallet,0.7698,0.2302,0,4.81
cust_102991,12,Gaming,UPI,0.8282,0.1718,2,12.58
cust_102992,173,Financial Services,UPI,0.9236,0.0764,0,0.02
cust_102993,52,Gaming,UPI,0.9667,0.0333,0,1.98
cust_102994,16,Gaming,netbanking,0.9468,0.0532,0,7.71
cust_102995,108,E-commerce,card,0.9402,0.0598,0,3.84
cust_102996,7,Edtech,UPI,0.7876,0.2124,0,8.25
cust_102997,142,SaaS,card,0.7215,0.2785,0,4.9
cust_102998,222,E-commerce,UPI,0.7462,0.2538,1,5.43
cust_102999,43,SaaS,UPI,0.2429,0.7571,0,15.47
cust_103000,15,Financial Services,UPI,0.703,0.297,0,18.91
cust_103001,33,Financial Services,netbanking,0.9611,0.0389,3,0.75
cust_103002,101,E-commerce,card,0.8442,0.1558,2,4.23
cust_103003,25,Gaming,UPI,0.8135,0.1865,0,8.11
cust_103004,210,Gaming,card,0.9328,0.0672,1,18.35
cust_103005,20,SaaS,netbanking,0.8967,0.1033,1,2.1
cust_103006,314,Edtech,UPI,0.9069,0.0931,0,3.76
cust_103007,132,Gaming,netbanking,0.7119,0.2881,0,5.57
cust_103008,482,Financial Services,card,0.8889,0.1111,1,2.67
cust_103009,64,Gaming,card,0.7489,0.2511,0,3.15
cust_103010,6,Edtech,UPI,0.8438,0.1562,1,11.25
cust_103011,324,SaaS,UPI,0.8061,0.1939,2,2.68
cust_103012,13,Edtech,UPI,0.7946,0.2054,1,11.22
cust_103013,50,E-commerce,UPI,0.9382,0.0618,0,6.61
cust_103014,157,SaaS,UPI,0.8353,0.1647,0,3.47
cust_103015,29,Edtech,UPI,0.9066,0.0934,0,4.26
cust_103016,5,Gaming,UPI,0.9585,0.0415,1,11.03
cust_103017,152,Gaming,card,0.7099,0.2901,1,13.42
cust_103018,383,Financial Services,netbanking,0.9375,0.0625,0,3.96
cust_103019,23,SaaS,card,0.8723,0.1277,1,7.75
cust_103020,141,Edtech,UPI,0.73,0.27,1,0.67
cust_103021,117,Edtech,UPI,0.7521,0.2479,0,31.44
cust_103022,254,Edtech,UPI,0.3154,0.6846,0,17.67
cust_103023,92,E-commerce,UPI,0.3572,0.6428,0,15.01
cust_103024,47,E-commerce,UPI,0.9557,0.0443,2,0.97
cust_103025,88,SaaS,UPI,0.8839,0.1161,0,18.04
cust_103026,115,E-commerce,card,0.8048,0.1952,0,26.21
cust_103027,323,Edtech,card,0.751,0.249,0,6.15
cust_103028,25,Edtech,card,0.3193,0.6807,0,16.09
cust_103029,27,Financial Services,UPI,0.799,0.201,1,11.44
cust_103030,50,Financial Services,card,0.5418,0.4582,0,10.76
cust_103031,7,E-commerce,UPI,0.2424,0.7576,0,18.95
cust_103032,390,E-commerce,UPI,0.9083,0.0917,0,7.13
cust_103033,239,SaaS,UPI,0.7557,0.2443,1,3.71
cust_103034,60,Financial Services,UPI,0.9752,0.0248,1,3.69
cust_103035,137,SaaS,card,0.854,0.146,0,7.76
cust_103036,27,E-commerce,UPI,0.914,0.086,0,23.15
cust_103037,37,Financial Services,netbanking,0.9586,0.0414,0,0.21
cust_103038,155,Financial Services,UPI,0.5788,0.4212,2,2.98
cust_103039,58,SaaS,UPI,0.2721,0.7279,0,18.83
cust_103040,117,SaaS,UPI,0.7662,0.2338,2,19.15
cust_103041,35,Edtech,UPI,0.8672,0.1328,0,6.12
cust_103042,101,SaaS,netbanking,0.7811,0.2189,1,14.44
cust_103043,11,Financial Services,UPI,0.3145,0.6855,1,20.91
cust_103044,45,Gaming,card,0.8431,0.1569,0,9.86
cust_103045,23,E-commerce,UPI,0.7322,0.2678,0,2.63
cust_103046,264,Edtech,UPI,0.7693,0.2307,0,7.96
cust_103047,79,Financial Services,UPI,0.8978,0.1022,0,44.29
cust_103048,130,SaaS,UPI,0.8407,0.1593,0,3.1
cust_103049,51,E-commerce,card,0.9394,0.0606,1,18.35
cust_103050,16,E-commerce,UPI,0.737,0.263,0,1.52
cust_103051,300,SaaS,UPI,0.7538,0.2462,0,32.12
cust_103052,254,E-commerce,card,0.8726,0.1274,1,18.1
cust_103053,141,SaaS,netbanking,0.8065,0.1935,1,14.89
cust_103054,37,Gaming,UPI,0.8773,0.1227,0,27.35
cust_103055,42,E-commerce,card,0.8193,0.1807,0,32.17
cust_103056,49,SaaS,card,0.8803,0.1197,1,4.75
cust_103057,166,Edtech,netbanking,0.2818,0.7182,1,36.92
cust_103058,59,Edtech,card,0.7692,0.2308,1,15.35
cust_103059,109,SaaS,netbanking,0.7002,0.2998,0,5.46
cust_103060,215,Edtech,UPI,0.8322,0.1678,0,46.63
cust_103061,40,Gaming,wallet,0.1924,0.8076,0,19.48
cust_103062,168,Financial Services,card,0.7852,0.2148,0,7.55
cust_103063,223,SaaS,UPI,0.8912,0.1088,0,1.69
cust_103064,109,E-commerce,UPI,0.9076,0.0924,0,6.37
cust_103065,4,Edtech,UPI,0.8649,0.1351,1,20.01
cust_103066,143,Gaming,UPI,0.8821,0.1179,0,0.98
cust_103067,183,E-commerce,wallet,0.7244,0.2756,0,11.48
cust_103068,33,SaaS,UPI,0.4713,0.5287,1,18.09
cust_103069,71,SaaS,card,0.5842,0.4158,0,26.27
cust_103070,12,E-commerce,UPI,0.8248,0.1752,1,10.68
cust_103071,22,SaaS,UPI,0.3733,0.6267,0,41.59
cust_103072,97,Edtech,card,0.8328,0.1672,0,8.98
cust_103073,82,E-commerce,netbanking,0.743,0.257,1,0.47
cust_103074,96,E-commerce,UPI,0.8541,0.1459,1,3.14
cust_103075,64,Edtech,UPI,0.9126,0.0874,0,19.48
cust_103076,99,Gaming,netbanking,0.9506,0.0494,1,7.93
cust_103077,11,Financial Services,netbanking,0.7329,0.2671,0,5.0
cust_103078,44,Financial Services,UPI,0.3095,0.6905,0,19.7
cust_103079,194,Gaming,netbanking,0.7467,0.2533,0,6.33
cust_103080,249,Edtech,UPI,0.7361,0.2639,1,11.35
cust_103081,105,SaaS,card,0.717,0.283,1,4.26
cust_103082,93,E-commerce,netbanking,0.8113,0.1887,0,16.24
cust_103083,62,Gaming,UPI,0.972,0.028,1,7.23
cust_103084,8,E-commerce,UPI,0.8426,0.1574,0,8.12
cust_103085,63,Gaming,UPI,0.8122,0.1878,0,6.09
cust_103086,368,Edtech,netbanking,0.701,0.299,0,0.3
cust_103087,326,Gaming,card,0.8951,0.1049,0,15.17
cust_103088,46,Gaming,UPI,0.8982,0.1018,1,1.67
cust_103089,18,Gaming,UPI,0.9387,0.0613,1,0.22
cust_103090,347,Edtech,UPI,0.8546,0.1454,0,2.71
cust_103091,33,E-commerce,UPI,0.8494,0.1506,2,5.29
cust_103092,98,Edtech,UPI,0.1741,0.8259,0,43.01
cust_103093,25,Edtech,UPI,0.7757,0.2243,0,6.77
cust_103094,3,SaaS,UPI,0.7697,0.2303,0,11.51
cust_103095,32,E-commerce,UPI,0.7004,0.2996,0,21.95
cust_103096,48,Edtech,UPI,0.9722,0.0278,0,13.73
cust_103097,14,Edtech,UPI,0.4527,0.5473,0,15.34
cust_103098,80,Gaming,UPI,0.7374,0.2626,1,6.05
cust_103099,63,Gaming,UPI,0.9759,0.0241,0,22.33
cust_103100,766,SaaS,UPI,0.7614,0.2386,0,1.55
cust_103101,130,Edtech,card,0.972,0.028,1,5.97
cust_103102,114,Gaming,card,0.943,0.057,0,6.46
cust_103103,125,Gaming,card,0.4729,0.5271,0,24.49
cust_103104,153,Financial Services,card,0.7721,0.2279,0,11.45
cust_103105,72,Gaming,UPI,0.9287,0.0713,0,8.21
cust_103106,108,E-commerce,wallet,0.7571,0.2429,0,5.01
cust_103107,28,Financial Services,UPI,0.7649,0.2351,1,9.39
cust_103108,140,Financial Services,UPI,0.9526,0.0474,1,3.35
cust_103109,272,SaaS,netbanking,0.8286,0.1714,0,0.26
cust_103110,12,E-commerce,UPI,0.8373,0.1627,1,4.67
cust_103111,264,E-commerce,UPI,0.7059,0.2941,0,28.34
cust_103112,228,E-commerce,netbanking,0.9289,0.0711,0,15.58
cust_103113,24,Gaming,card,0.7402,0.2598,1,15.82
cust_103114,81,Financial Services,UPI,0.9546,0.0454,1,9.98
cust_103115,11,Financial Services,netbanking,0.3634,0.6366,0,17.57
cust_103116,17,SaaS,netbanking,0.8058,0.1942,1,6.92
cust_103117,78,SaaS,UPI,0.1068,0.8932,0,17.84
cust_103118,454,SaaS,card,0.4851,0.5149,0,16.64
cust_103119,185,Edtech,UPI,0.4137,0.5863,0,17.38
cust_103120,98,SaaS,card,0.7026,0.2974,0,0.88
cust_103121,75,SaaS,card,0.9291,0.0709,0,2.48
cust_103122,354,SaaS,wallet,0.8345,0.1655,2,2.38
cust_103123,50,Gaming,UPI,0.9283,0.0717,2,2.06
cust_103124,289,Edtech,netbanking,0.7433,0.2567,0,20.49
cust_103125,39,SaaS,UPI,0.7749,0.2251,0,10.61
cust_103126,12,Gaming,UPI,0.5125,0.4875,2,2.39
cust_103127,10,SaaS,UPI,0.7287,0.2713,0,2.67
cust_103128,26,Financial Services,card,0.5561,0.4439,0,17.17
cust_103129,25,SaaS,UPI,0.8079,0.1921,0,6.57
cust_103130,7,Edtech,wallet,0.7632,0.2368,1,0.91
cust_103131,108,Financial Services,card,0.9002,0.0998,0,8.4
cust_103132,202,SaaS,card,0.9774,0.0226,2,5.2
cust_103133,101,E-commerce,card,0.5779,0.4221,2,4.39
cust_103134,40,Edtech,UPI,0.2669,0.7331,0,27.35
cust_103135,11,Edtech,card,0.9576,0.0424,1,2.91
cust_103136,119,SaaS,card,0.7499,0.2501,3,23.93
cust_103137,199,Gaming,netbanking,0.7508,0.2492,0,33.79
cust_103138,77,Financial Services,card,0.8868,0.1132,0,5.04
cust_103139,39,Edtech,UPI,0.7804,0.2196,0,16.39
cust_103140,2,SaaS,UPI,0.8398,0.1602,0,8.89
cust_103141,36,Edtech,UPI,0.927,0.073,0,10.58
cust_103142,16,SaaS,UPI,0.9413,0.0587,0,36.4
cust_103143,61,E-commerce,card,0.741,0.259,0,6.74
cust_103144,10,E-commerce,UPI,0.902,0.098,0,5.09
cust_103145,18,Financial Services,card,0.7317,0.2683,1,9.8
cust_103146,396,Financial Services,netbanking,0.778,0.222,0,13.37
cust_103147,17,SaaS,card,0.7357,0.2643,0,1.76
cust_103148,67,Financial Services,UPI,0.8384,0.1616,1,7.57
cust_103149,19,Financial Services,UPI,0.8159,0.1841,0,42.0
cust_103150,13,Edtech,UPI,0.572,0.428,1,20.87
cust_103151,90,E-commerce,UPI,0.8538,0.1462,0,3.53
cust_103152,44,Gaming,netbanking,0.8491,0.1509,1,16.03
cust_103153,36,E-commerce,card,0.8627,0.1373,0,15.25
cust_103154,45,Financial Services,card,0.9174,0.0826,1,0.69
cust_103155,88,E-commerce,UPI,0.7659,0.2341,1,6.65
cust_103156,76,SaaS,card,0.9382,0.0618,0,2.92
cust_103157,302,Edtech,card,0.9681,0.0319,0,2.29
cust_103158,138,SaaS,card,0.2747,0.7253,1,41.74
cust_103159,97,E-commerce,card,0.7404,0.2596,0,1.31
cust_103160,396,Gaming,UPI,0.9556,0.0444,0,16.8
cust_103161,116,E-commerce,netbanking,0.7629,0.2371,0,4.73
cust_103162,306,E-commerce,UPI,0.4479,0.5521,1,33.89
cust_103163,18,E-commerce,card,0.7074,0.2926,1,13.73
cust_103164,196,Financial Services,card,0.8964,0.1036,1,1.9
cust_103165,6,Gaming,UPI,0.5187,0.4813,0,8.16
cust_103166,25,E-commerce,UPI,0.2826,0.7174,0,32.81
cust_103167,108,SaaS,UPI,0.7035,0.2965,1,39.28
cust_103168,115,Financial Services,UPI,0.1912,0.8088,1,20.61
cust_103169,238,E-commerce,UPI,0.8956,0.1044,0,0.98
cust_103170,29,Edtech,UPI,0.9023,0.0977,1,5.58
cust_103171,92,Financial Services,netbanking,0.8947,0.1053,3,33.02
cust_103172,148,Edtech,UPI,0.13,0.87,0,25.4
cust_103173,52,SaaS,UPI,0.7486,0.2514,0,27.11
cust_103174,5,E-commerce,card,0.5163,0.4837,2,14.36
cust_103175,89,Financial Services,UPI,0.9323,0.0677,0,14.5
cust_103176,272,Gaming,card,0.8986,0.1014,0,9.16
cust_103177,49,Financial Services,UPI,0.7761,0.2239,0,1.2
cust_103178,222,SaaS,UPI,0.9738,0.0262,0,32.17
cust_103179,58,E-commerce,UPI,0.8121,0.1879,0,1.27
cust_103180,14,SaaS,UPI,0.7514,0.2486,0,2.1
cust_103181,54,Gaming,netbanking,0.7216,0.2784,0,24.73
cust_103182,83,Financial Services,UPI,0.8828,0.1172,1,0.94
cust_103183,127,Financial Services,UPI,0.7462,0.2538,2,9.07
cust_103184,84,Edtech,wallet,0.7545,0.2455,2,14.81
cust_103185,38,SaaS,UPI,0.2814,0.7186,1,48.64
cust_103186,20,Edtech,netbanking,0.2411,0.7589,0,19.32
cust_103187,30,Gaming,card,0.206,0.794,0,25.71
cust_103188,2,SaaS,UPI,0.7866,0.2134,0,5.43
cust_103189,203,Gaming,netbanking,0.9602,0.0398,0,8.54
cust_103190,176,E-commerce,UPI,0.9735,0.0265,0,7.42
cust_103191,18,Gaming,UPI,0.5932,0.4068,0,9.86
cust_103192,10,Financial Services,UPI,0.2573,0.7427,0,15.81
cust_103193,26,Edtech,netbanking,0.2783,0.7217,0,25.6
cust_103194,59,Edtech,card,0.8401,0.1599,0,2.53
cust_103195,226,Edtech,UPI,0.9032,0.0968,1,41.79
cust_103196,177,E-commerce,wallet,0.7273,0.2727,0,6.42
cust_103197,170,Financial Services,netbanking,0.841,0.159,1,16.03
cust_103198,29,Gaming,card,0.7421,0.2579,0,4.27
cust_103199,322,Gaming,UPI,0.8335,0.1665,0,8.99
cust_103200,16,SaaS,UPI,0.7424,0.2576,0,2.07
cust_103201,194,Financial Services,wallet,0.413,0.587,0,17.07
cust_103202,73,E-commerce,card,0.9261,0.0739,0,0.2
cust_103203,94,E-commerce,wallet,0.7451,0.2549,0,5.45
cust_103204,417,Gaming,card,0.904,0.096,1,36.73
cust_103205,141,Gaming,netbanking,0.7956,0.2044,1,3.43
cust_103206,44,E-commerce,card,0.8009,0.1991,0,8.27
cust_103207,35,Financial Services,netbanking,0.4564,0.5436,0,32.69
cust_103208,111,Financial Services,UPI,0.9792,0.0208,0,3.32
cust_103209,47,Gaming,UPI,0.1762,0.8238,0,57.66
cust_103210,4,Financial Services,card,0.1075,0.8925,0,25.38
cust_103211,53,Edtech,card,0.9713,0.0287,1,1.21
cust_103212,129,SaaS,UPI,0.8273,0.1727,0,5.36
cust_103213,69,E-commerce,UPI,0.7452,0.2548,1,3.79
cust_103214,8,Edtech,card,0.7989,0.2011,0,4.3
cust_103215,147,SaaS,card,0.9161,0.0839,0,7.16
cust_103216,122,Edtech,card,0.974,0.026,0,1.52
cust_103217,21,Financial Services,card,0.7393,0.2607,1,1.86
cust_103218,170,SaaS,netbanking,0.8367,0.1633,1,19.71
cust_103219,2,Edtech,UPI,0.8123,0.1877,0,12.47
cust_103220,9,Gaming,UPI,0.7361,0.2639,0,3.72
cust_103221,246,Edtech,UPI,0.8749,0.1251,0,14.88
cust_103222,4,Edtech,card,0.891,0.109,2,3.85
cust_103223,106,Gaming,UPI,0.9457,0.0543,0,0.99
cust_103224,46,SaaS,netbanking,0.8803,0.1197,0,8.25
cust_103225,69,E-commerce,UPI,0.857,0.143,1,9.87
cust_103226,66,E-commerce,UPI,0.7814,0.2186,0,16.78
cust_103227,13,E-commerce,UPI,0.9391,0.0609,0,14.46
cust_103228,155,E-commerce,card,0.8294,0.1706,0,21.92
cust_103229,175,SaaS,netbanking,0.8312,0.1688,1,6.13
cust_103230,241,Gaming,netbanking,0.8302,0.1698,0,0.53
cust_103231,383,SaaS,UPI,0.7303,0.2697,1,1.27
cust_103232,11,Financial Services,UPI,0.7559,0.2441,0,6.7
cust_103233,146,Edtech,wallet,0.2712,0.7288,0,22.3
cust_103234,89,Gaming,card,0.8966,0.1034,0,0.09
cust_103235,1,Financial Services,UPI,0.3273,0.6727,0,27.2
cust_103236,28,Gaming,netbanking,0.8316,0.1684,3,7.13
cust_103237,24,E-commerce,netbanking,0.7088,0.2912,2,14.22
cust_103238,13,Gaming,UPI,0.7175,0.2825,1,54.15
cust_103239,13,Edtech,netbanking,0.974,0.026,0,17.55
cust_103240,204,E-commerce,netbanking,0.534,0.466,0,29.92
cust_103241,20,Financial Services,UPI,0.878,0.122,0,17.62
cust_103242,77,SaaS,netbanking,0.237,0.763,1,44.74
cust_103243,8,SaaS,netbanking,0.8994,0.1006,0,6.93
cust_103244,66,Financial Services,UPI,0.8875,0.1125,0,2.14
cust_103245,28,Edtech,UPI,0.715,0.285,0,15.99
cust_103246,101,Financial Services,netbanking,0.9109,0.0891,0,11.69
cust_103247,133,E-commerce,UPI,0.9637,0.0363,1,19.65
cust_103248,181,Financial Services,UPI,0.8929,0.1071,1,2.45
cust_103249,9,E-commerce,card,0.8223,0.1777,1,0.04
cust_103250,84,Gaming,card,0.7028,0.2972,0,10.49
cust_103251,11,Gaming,UPI,0.9024,0.0976,0,10.6
cust_103252,19,Gaming,UPI,0.7906,0.2094,0,2.73
cust_103253,31,Edtech,UPI,0.5483,0.4517,0,5.76
cust_103254,180,E-commerce,card,0.7886,0.2114,0,0.5
cust_103255,253,Financial Services,UPI,0.9022,0.0978,0,0.22
cust_103256,119,Financial Services,card,0.94,0.06,2,4.65
cust_103257,43,Financial Services,UPI,0.8619,0.1381,0,1.42
cust_103258,15,SaaS,UPI,0.9741,0.0259,0,32.59
cust_103259,104,Financial Services,wallet,0.9168,0.0832,0,6.12
cust_103260,48,Gaming,UPI,0.7975,0.2025,0,29.02
cust_103261,520,E-commerce,UPI,0.8615,0.1385,0,5.51
cust_103262,25,SaaS,UPI,0.8019,0.1981,0,6.1
cust_103263,39,Edtech,UPI,0.8406,0.1594,0,5.59
cust_103264,491,SaaS,UPI,0.8817,0.1183,3,10.78
cust_103265,234,Financial Services,UPI,0.7985,0.2015,0,45.33
cust_103266,177,Gaming,wallet,0.9727,0.0273,2,14.29
cust_103267,89,Edtech,netbanking,0.1879,0.8121,2,18.63
cust_103268,5,Financial Services,netbanking,0.8548,0.1452,0,3.54
cust_103269,20,E-commerce,netbanking,0.8068,0.1932,2,4.56
cust_103270,44,Financial Services,UPI,0.8966,0.1034,1,9.96
cust_103271,85,SaaS,card,0.9257,0.0743,1,14.85
cust_103272,7,SaaS,UPI,0.1082,0.8918,0,15.65
cust_103273,187,Financial Services,card,0.475,0.525,0,15.41
cust_103274,114,Gaming,netbanking,0.7279,0.2721,0,8.09
cust_103275,194,Financial Services,card,0.9256,0.0744,0,9.49
cust_103276,119,Edtech,card,0.7593,0.2407,0,34.82
cust_103277,27,Financial Services,wallet,0.7321,0.2679,0,11.15
cust_103278,13,Financial Services,UPI,0.7982,0.2018,1,0.41
cust_103279,95,Financial Services,UPI,0.9297,0.0703,2,19.57
cust_103280,303,Financial Services,UPI,0.2873,0.7127,1,25.65
cust_103281,50,E-commerce,UPI,0.7749,0.2251,0,1.57
cust_103282,214,Edtech,UPI,0.9527,0.0473,0,22.45
cust_103283,83,Financial Services,card,0.7012,0.2988,2,6.41
cust_103284,427,Financial Services,UPI,0.1131,0.8869,0,17.17
cust_103285,15,Edtech,card,0.8453,0.1547,2,2.79
cust_103286,5,Gaming,wallet,0.7477,0.2523,0,3.74
cust_103287,284,Gaming,card,0.7677,0.2323,0,21.99
cust_103288,602,Financial Services,UPI,0.8804,0.1196,1,7.42
cust_103289,296,SaaS,wallet,0.8618,0.1382,0,2.39
cust_103290,11,E-commerce,card,0.8093,0.1907,0,5.31
cust_103291,10,E-commerce,UPI,0.7891,0.2109,0,18.03
cust_103292,29,E-commerce,UPI,0.7279,0.2721,1,2.47
cust_103293,9,E-commerce,card,0.8768,0.1232,0,14.53
cust_103294,71,Financial Services,UPI,0.8756,0.1244,0,13.81
cust_103295,280,Edtech,UPI,0.7445,0.2555,0,0.33
cust_103296,76,Edtech,netbanking,0.7261,0.2739,0,26.95
cust_103297,120,Financial Services,netbanking,0.485,0.515,1,17.63
cust_103298,61,E-commerce,UPI,0.4538,0.5462,0,21.37
cust_103299,376,SaaS,UPI,0.7071,0.2929,2,2.34
cust_103300,83,E-commerce,UPI,0.8776,0.1224,0,4.48
cust_103301,211,Edtech,UPI,0.8827,0.1173,0,40.43
cust_103302,8,E-commerce,UPI,0.8499,0.1501,1,9.46
cust_103303,33,E-commerce,netbanking,0.926,0.074,0,3.99
cust_103304,110,Financial Services,UPI,0.8846,0.1154,0,5.39
cust_103305,53,Edtech,card,0.1719,0.8281,0,23.36
cust_103306,128,SaaS,UPI,0.8622,0.1378,0,14.3
cust_103307,229,SaaS,UPI,0.5636,0.4364,0,6.9
cust_103308,92,SaaS,card,0.2412,0.7588,0,27.78
cust_103309,8,E-commerce,UPI,0.3471,0.6529,1,16.61
cust_103310,505,Edtech,netbanking,0.7582,0.2418,1,2.03
cust_103311,341,SaaS,card,0.7061,0.2939,1,4.08
cust_103312,509,SaaS,card,0.8752,0.1248,0,2.48
cust_103313,79,E-commerce,UPI,0.8051,0.1949,0,5.43
cust_103314,182,Edtech,UPI,0.8262,0.1738,1,8.94
cust_103315,12,E-commerce,card,0.7028,0.2972,2,6.63
cust_103316,217,E-commerce,netbanking,0.8767,0.1233,1,47.01
cust_103317,21,SaaS,UPI,0.2714,0.7286,0,18.17
cust_103318,176,Edtech,netbanking,0.8719,0.1281,1,7.21
cust_103319,149,Gaming,UPI,0.3609,0.6391,1,26.97
cust_103320,93,Edtech,netbanking,0.754,0.246,0,4.8
cust_103321,181,SaaS,UPI,0.845,0.155,1,4.61
cust_103322,264,E-commerce,UPI,0.8022,0.1978,0,4.05
cust_103323,39,E-commerce,card,0.1693,0.8307,0,36.14
cust_103324,182,SaaS,UPI,0.9632,0.0368,1,2.04
cust_103325,39,Edtech,UPI,0.7558,0.2442,1,7.6
cust_103326,176,SaaS,card,0.8544,0.1456,0,15.46
cust_103327,49,Edtech,netbanking,0.9265,0.0735,0,17.28
cust_103328,95,Financial Services,UPI,0.812,0.188,0,4.64
cust_103329,144,E-commerce,UPI,0.7554,0.2446,1,11.54
cust_103330,30,Edtech,wallet,0.7288,0.2712,1,4.01
cust_103331,93,Gaming,UPI,0.9223,0.0777,0,1.58
cust_103332,97,Financial Services,card,0.8249,0.1751,0,6.9
cust_103333,251,Gaming,UPI,0.9284,0.0716,1,0.37
cust_103334,25,Gaming,card,0.2915,0.7085,0,35.6
cust_103335,90,E-commerce,UPI,0.8047,0.1953,1,15.58
cust_103336,23,SaaS,UPI,0.949,0.051,2,17.68
cust_103337,26,Gaming,netbanking,0.8147,0.1853,0,2.14
cust_103338,44,Gaming,UPI,0.8806,0.1194,0,2.28
cust_103339,124,Gaming,wallet,0.7084,0.2916,0,7.79
cust_103340,103,E-commerce,netbanking,0.8202,0.1798,0,7.85
cust_103341,77,E-commerce,UPI,0.7203,0.2797,0,5.25
cust_103342,7,Edtech,card,0.9183,0.0817,0,7.63
cust_103343,18,SaaS,netbanking,0.4441,0.5559,1,19.21
cust_103344,115,Edtech,UPI,0.8589,0.1411,0,2.89
cust_103345,297,Edtech,netbanking,0.8573,0.1427,0,7.35
cust_103346,321,Financial Services,netbanking,0.7594,0.2406,1,1.75
cust_103347,136,E-commerce,card,0.239,0.761,0,15.64
cust_103348,263,Gaming,netbanking,0.9261,0.0739,0,22.17
cust_103349,109,SaaS,netbanking,0.881,0.119,0,1.2
cust_103350,69,Financial Services,UPI,0.7896,0.2104,0,1.12
cust_103351,571,E-commerce,UPI,0.347,0.653,0,22.48
cust_103352,93,SaaS,UPI,0.8179,0.1821,1,9.41
cust_103353,155,SaaS,UPI,0.8684,0.1316,0,21.56
cust_103354,3,Gaming,UPI,0.8614,0.1386,1,6.14
cust_103355,480,Edtech,UPI,0.4917,0.5083,0,34.62
cust_103356,244,Gaming,UPI,0.9553,0.0447,0,18.07
cust_103357,161,Edtech,UPI,0.5834,0.4166,0,6.53
cust_103358,236,SaaS,netbanking,0.957,0.043,2,5.88
cust_103359,179,SaaS,card,0.7046,0.2954,0,0.91
cust_103360,313,Financial Services,UPI,0.5013,0.4987,0,9.93
cust_103361,135,Edtech,UPI,0.911,0.089,1,2.07
cust_103362,63,Financial Services,card,0.4873,0.5127,3,15.74
cust_103363,98,Financial Services,UPI,0.8101,0.1899,1,35.31
cust_103364,36,Financial Services,UPI,0.8795,0.1205,0,2.73
cust_103365,108,SaaS,UPI,0.9626,0.0374,0,4.51
cust_103366,3,SaaS,card,0.1239,0.8761,0,15.01
cust_103367,45,SaaS,UPI,0.5968,0.4032,0,1.41
cust_103368,86,Financial Services,card,0.7246,0.2754,0,16.28
cust_103369,73,Edtech,card,0.8505,0.1495,1,12.09
cust_103370,69,SaaS,UPI,0.943,0.057,1,4.13
cust_103371,31,Edtech,UPI,0.7121,0.2879,0,8.66
cust_103372,193,SaaS,card,0.721,0.279,0,44.88
cust_103373,109,Edtech,UPI,0.9217,0.0783,1,13.83
cust_103374,27,Financial Services,UPI,0.7477,0.2523,1,11.5
cust_103375,107,E-commerce,netbanking,0.7336,0.2664,0,8.57
cust_103376,16,Edtech,card,0.9108,0.0892,1,11.26
cust_103377,65,Financial Services,UPI,0.8871,0.1129,0,2.16
cust_103378,65,Gaming,UPI,0.8618,0.1382,1,9.34
cust_103379,3,Financial Services,netbanking,0.7901,0.2099,1,17.08
cust_103380,27,Financial Services,card,0.7739,0.2261,0,5.44
cust_103381,265,Edtech,UPI,0.7988,0.2012,0,29.31
cust_103382,304,E-commerce,card,0.9059,0.0941,0,0.97
cust_103383,188,E-commerce,UPI,0.721,0.279,0,7.71
cust_103384,21,Financial Services,UPI,0.1066,0.8934,0,16.48
cust_103385,21,E-commerce,UPI,0.8078,0.1922,0,12.57
cust_103386,199,Financial Services,UPI,0.2043,0.7957,0,15.33
cust_103387,9,Gaming,UPI,0.8439,0.1561,0,13.45
cust_103388,112,Edtech,UPI,0.7873,0.2127,0,15.18
cust_103389,55,Financial Services,card,0.9374,0.0626,0,13.42
cust_103390,286,SaaS,netbanking,0.7613,0.2387,0,7.16
cust_103391,38,Edtech,netbanking,0.8267,0.1733,0,1.36
cust_103392,69,Gaming,UPI,0.9184,0.0816,0,8.24
cust_103393,50,E-commerce,UPI,0.3115,0.6885,2,19.57
cust_103394,172,Edtech,UPI,0.8616,0.1384,0,1.33
cust_103395,51,SaaS,UPI,0.5381,0.4619,1,5.82
cust_103396,73,SaaS,UPI,0.9503,0.0497,0,1.62
cust_103397,184,E-commerce,UPI,0.8333,0.1667,0,12.58
cust_103398,264,Gaming,netbanking,0.7744,0.2256,0,4.92
cust_103399,84,Gaming,card,0.3157,0.6843,1,19.86
cust_103400,180,E-commerce,UPI,0.8206,0.1794,0,5.3
cust_103401,111,Edtech,wallet,0.2363,0.7637,0,17.34
cust_103402,22,SaaS,UPI,0.2913,0.7087,0,22.87
cust_103403,28,Financial Services,card,0.753,0.247,1,4.22
cust_103404,559,E-commerce,UPI,0.8483,0.1517,1,15.77
cust_103405,176,Financial Services,card,0.7306,0.2694,2,2.71
cust_103406,62,SaaS,card,0.9685,0.0315,0,1.96
cust_103407,7,E-commerce,card,0.5475,0.4525,0,6.92
cust_103408,165,Gaming,card,0.7184,0.2816,0,2.05
cust_103409,30,SaaS,UPI,0.9471,0.0529,0,7.01
cust_103410,28,Financial Services,UPI,0.7284,0.2716,0,41.59
cust_103411,76,Edtech,netbanking,0.7479,0.2521,1,12.27
cust_103412,26,E-commerce,card,0.7806,0.2194,0,17.84
cust_103413,11,Gaming,card,0.7009,0.2991,0,21.3
cust_103414,44,E-commerce,card,0.8961,0.1039,0,4.56
cust_103415,125,Financial Services,netbanking,0.9387,0.0613,0,25.11
cust_103416,113,E-commerce,netbanking,0.8908,0.1092,0,6.38
cust_103417,244,E-commerce,UPI,0.952,0.048,0,0.2
cust_103418,21,E-commerce,card,0.8865,0.1135,1,1.55
cust_103419,71,Financial Services,UPI,0.7497,0.2503,0,20.43
cust_103420,180,Edtech,UPI,0.7478,0.2522,1,13.62
cust_103421,19,SaaS,card,0.9715,0.0285,0,5.77
cust_103422,3,Gaming,UPI,0.5366,0.4634,0,2.74
cust_103423,13,Financial Services,card,0.5095,0.4905,0,9.62
cust_103424,19,Gaming,netbanking,0.7814,0.2186,1,9.53
cust_103425,4,E-commerce,netbanking,0.7468,0.2532,0,0.44
cust_103426,51,E-commerce,UPI,0.728,0.272,0,11.08
cust_103427,77,Edtech,UPI,0.9057,0.0943,0,2.81
cust_103428,13,Gaming,netbanking,0.8362,0.1638,0,9.05
cust_103429,51,Edtech,UPI,0.9318,0.0682,0,6.11
cust_103430,62,Edtech,card,0.9496,0.0504,0,3.62
cust_103431,99,Gaming,card,0.7756,0.2244,0,6.27
cust_103432,8,Gaming,UPI,0.7058,0.2942,0,20.11
cust_103433,258,Financial Services,UPI,0.8846,0.1154,0,8.75
cust_103434,20,E-commerce,card,0.7087,0.2913,2,2.44
cust_103435,211,Gaming,card,0.9725,0.0275,1,9.09
cust_103436,102,Edtech,UPI,0.725,0.275,0,9.4
cust_103437,26,Financial Services,UPI,0.9703,0.0297,0,6.32
cust_103438,235,Gaming,UPI,0.8258,0.1742,0,41.91
cust_103439,291,Gaming,UPI,0.9549,0.0451,1,0.28
cust_103440,39,Edtech,UPI,0.8095,0.1905,1,39.96
cust_103441,150,Financial Services,UPI,0.7773,0.2227,2,14.34
cust_103442,335,E-commerce,UPI,0.36,0.64,1,45.87
cust_103443,29,Edtech,card,0.7344,0.2656,1,9.17
cust_103444,36,Financial Services,UPI,0.9219,0.0781,0,7.53
cust_103445,72,Edtech,UPI,0.9715,0.0285,0,1.73
cust_103446,6,Financial Services,UPI,0.7412,0.2588,0,15.42
cust_103447,23,E-commerce,UPI,0.7811,0.2189,1,30.26
cust_103448,151,Gaming,UPI,0.785,0.215,0,7.42
cust_103449,10,Edtech,UPI,0.2474,0.7526,0,29.9
cust_103450,87,Financial Services,UPI,0.2415,0.7585,1,22.15
cust_103451,29,Gaming,card,0.3442,0.6558,1,18.34
cust_103452,34,SaaS,UPI,0.8849,0.1151,0,17.04
cust_103453,293,SaaS,UPI,0.1689,0.8311,0,25.13
cust_103454,89,Edtech,UPI,0.8406,0.1594,0,6.7
cust_103455,62,Gaming,card,0.7241,0.2759,1,0.93
cust_103456,287,Edtech,card,0.4665,0.5335,1,22.48
cust_103457,94,Financial Services,netbanking,0.7226,0.2774,0,2.75
cust_103458,63,E-commerce,netbanking,0.5665,0.4335,3,0.49
cust_103459,20,E-commerce,UPI,0.8784,0.1216,2,9.67
cust_103460,300,Financial Services,UPI,0.9532,0.0468,0,6.12
cust_103461,57,Edtech,card,0.8672,0.1328,0,0.17
cust_103462,614,E-commerce,card,0.8901,0.1099,0,30.93
cust_103463,21,Edtech,UPI,0.739,0.261,1,16.06
cust_103464,39,E-commerce,UPI,0.8166,0.1834,0,2.19
cust_103465,171,E-commerce,card,0.724,0.276,2,16.1
cust_103466,124,Gaming,card,0.8291,0.1709,1,6.27
cust_103467,122,E-commerce,UPI,0.9453,0.0547,0,9.59
cust_103468,32,Financial Services,UPI,0.3633,0.6367,0,24.37
cust_103469,54,Edtech,card,0.8918,0.1082,0,6.66
cust_103470,63,Edtech,card,0.8197,0.1803,0,33.18
cust_103471,331,Financial Services,netbanking,0.8292,0.1708,1,7.69
cust_103472,163,Gaming,card,0.4834,0.5166,1,76.59
cust_103473,52,SaaS,netbanking,0.8723,0.1277,1,3.94
cust_103474,185,Edtech,netbanking,0.8625,0.1375,0,9.82
cust_103475,60,Edtech,wallet,0.3716,0.6284,0,17.59
cust_103476,58,Gaming,card,0.715,0.285,0,9.25
cust_103477,322,Financial Services,netbanking,0.435,0.565,0,65.19
cust_103478,144,Financial Services,UPI,0.945,0.055,0,1.88
cust_103479,219,Financial Services,UPI,0.7237,0.2763,0,14.16
cust_103480,106,Edtech,card,0.882,0.118,1,22.3
cust_103481,31,Edtech,card,0.9301,0.0699,0,1.85
cust_103482,449,Gaming,UPI,0.7928,0.2072,0,27.69
cust_103483,106,SaaS,card,0.3923,0.6077,0,33.0
cust_103484,5,Gaming,UPI,0.7148,0.2852,0,0.8
cust_103485,147,E-commerce,UPI,0.8574,0.1426,0,0.03
cust_103486,153,Financial Services,netbanking,0.5475,0.4525,0,8.31
cust_103487,32,E-commerce,card,0.787,0.213,0,6.71
cust_103488,125,SaaS,netbanking,0.8746,0.1254,0,14.49
cust_103489,110,E-commerce,netbanking,0.1,0.9,0,18.84
cust_103490,262,Gaming,UPI,0.8456,0.1544,0,0.86
cust_103491,223,E-commerce,UPI,0.8326,0.1674,1,0.04
cust_103492,62,Gaming,UPI,0.7156,0.2844,0,11.37
cust_103493,81,SaaS,UPI,0.8354,0.1646,0,18.45
cust_103494,153,E-commerce,netbanking,0.9357,0.0643,0,21.97
cust_103495,47,Gaming,UPI,0.8716,0.1284,2,2.63
cust_103496,35,Financial Services,UPI,0.8728,0.1272,1,17.49
cust_103497,42,Financial Services,netbanking,0.1108,0.8892,1,19.54
cust_103498,195,E-commerce,card,0.8841,0.1159,1,1.66
cust_103499,224,E-commerce,UPI,0.8959,0.1041,1,13.24
cust_103500,41,E-commerce,UPI,0.7812,0.2188,0,13.78
cust_103501,98,SaaS,netbanking,0.838,0.162,0,11.78
cust_103502,168,Edtech,UPI,0.8953,0.1047,0,6.59
cust_103503,53,SaaS,UPI,0.9278,0.0722,1,12.36
cust_103504,329,E-commerce,card,0.3285,0.6715,0,15.71
cust_103505,240,Gaming,UPI,0.8626,0.1374,0,38.69
cust_103506,109,SaaS,card,0.9501,0.0499,0,0.62
cust_103507,192,Gaming,UPI,0.9543,0.0457,1,19.83
cust_103508,21,Edtech,card,0.831,0.169,0,6.12
cust_103509,51,Financial Services,UPI,0.9749,0.0251,0,5.76
cust_103510,54,Edtech,card,0.9411,0.0589,0,44.79
cust_103511,84,E-commerce,UPI,0.8977,0.1023,0,20.13
cust_103512,3,Financial Services,card,0.7489,0.2511,0,1.86
cust_103513,205,E-commerce,UPI,0.9014,0.0986,0,17.61
cust_103514,123,Edtech,netbanking,0.9404,0.0596,0,13.5
cust_103515,218,E-commerce,UPI,0.9135,0.0865,1,0.72
cust_103516,86,Edtech,UPI,0.7191,0.2809,1,30.7
cust_103517,25,Financial Services,card,0.8321,0.1679,0,9.52
cust_103518,154,E-commerce,card,0.9597,0.0403,2,4.2
cust_103519,140,Gaming,UPI,0.8954,0.1046,0,8.05
cust_103520,63,Gaming,UPI,0.7975,0.2025,1,0.27
cust_103521,8,Gaming,netbanking,0.7189,0.2811,1,4.53
cust_103522,335,SaaS,card,0.7446,0.2554,1,4.77
cust_103523,79,SaaS,UPI,0.8398,0.1602,0,15.06
cust_103524,270,Financial Services,card,0.7648,0.2352,0,0.9
cust_103525,8,E-commerce,UPI,0.5404,0.4596,0,9.39
cust_103526,1,Financial Services,wallet,0.8176,0.1824,0,18.84
cust_103527,92,SaaS,UPI,0.2252,0.7748,1,22.5
cust_103528,87,SaaS,UPI,0.7204,0.2796,0,24.22
cust_103529,12,Edtech,UPI,0.9354,0.0646,1,10.61
cust_103530,92,E-commerce,card,0.8956,0.1044,0,3.57
cust_103531,6,Financial Services,card,0.4187,0.5813,1,25.32
cust_103532,34,Gaming,UPI,0.7707,0.2293,1,3.66
cust_103533,13,Financial Services,UPI,0.7631,0.2369,0,16.33
cust_103534,302,E-commerce,netbanking,0.848,0.152,2,2.48
cust_103535,192,E-commerce,UPI,0.1121,0.8879,0,17.66
cust_103536,87,SaaS,UPI,0.9268,0.0732,0,6.04
cust_103537,249,SaaS,card,0.8142,0.1858,1,1.83
cust_103538,103,Gaming,UPI,0.7954,0.2046,0,15.83
cust_103539,167,Gaming,netbanking,0.9331,0.0669,0,2.31
cust_103540,97,Gaming,UPI,0.8402,0.1598,0,2.33
cust_103541,61,Edtech,UPI,0.8564,0.1436,0,10.69
cust_103542,114,E-commerce,card,0.8229,0.1771,0,1.21
cust_103543,42,Financial Services,UPI,0.8594,0.1406,1,2.25
cust_103544,51,E-commerce,wallet,0.7835,0.2165,0,16.15
cust_103545,37,SaaS,UPI,0.7144,0.2856,1,11.42
cust_103546,97,Gaming,card,0.7627,0.2373,1,4.35
cust_103547,247,Edtech,UPI,0.7704,0.2296,0,12.13
cust_103548,1140,Edtech,UPI,0.5357,0.4643,0,18.49
cust_103549,197,Edtech,card,0.3877,0.6123,0,18.91
cust_103550,113,Gaming,netbanking,0.84,0.16,1,5.59
cust_103551,75,Financial Services,wallet,0.8529,0.1471,1,0.26
cust_103552,100,SaaS,UPI,0.9623,0.0377,1,6.17
cust_103553,68,Edtech,netbanking,0.709,0.291,0,2.86
cust_103554,337,Financial Services,netbanking,0.7937,0.2063,1,1.55
cust_103555,4,SaaS,UPI,0.3735,0.6265,1,28.06
cust_103556,35,Edtech,UPI,0.8857,0.1143,1,4.72
cust_103557,43,SaaS,UPI,0.7204,0.2796,0,4.76
cust_103558,143,Gaming,netbanking,0.8969,0.1031,0,0.33
cust_103559,116,SaaS,UPI,0.7198,0.2802,0,11.55
cust_103560,27,Financial Services,netbanking,0.8715,0.1285,2,8.83
cust_103561,296,SaaS,UPI,0.8341,0.1659,1,0.04
cust_103562,172,E-commerce,card,0.7117,0.2883,2,2.64
cust_103563,281,SaaS,UPI,0.7631,0.2369,1,0.87
cust_103564,41,Edtech,card,0.785,0.215,1,9.73
cust_103565,83,E-commerce,UPI,0.1277,0.8723,0,20.26
cust_103566,4,E-commerce,UPI,0.9409,0.0591,0,5.42
cust_103567,6,SaaS,card,0.7146,0.2854,0,0.81
cust_103568,345,Financial Services,UPI,0.8203,0.1797,1,21.39
cust_103569,3,Financial Services,card,0.7324,0.2676,0,13.4
cust_103570,62,SaaS,UPI,0.9751,0.0249,1,25.53
cust_103571,7,Edtech,UPI,0.7961,0.2039,1,2.45
cust_103572,171,SaaS,card,0.7258,0.2742,1,7.06
cust_103573,55,SaaS,UPI,0.9093,0.0907,1,5.59
cust_103574,63,Gaming,card,0.9775,0.0225,1,6.38
cust_103575,182,SaaS,card,0.77,0.23,0,1.01
cust_103576,5,SaaS,UPI,0.1634,0.8366,1,19.85
cust_103577,289,E-commerce,netbanking,0.788,0.212,0,3.1
cust_103578,15,Gaming,UPI,0.7684,0.2316,0,3.46
cust_103579,97,Edtech,UPI,0.2989,0.7011,0,17.0
cust_103580,120,SaaS,card,0.7214,0.2786,0,2.88
cust_103581,56,Gaming,UPI,0.8975,0.1025,0,22.8
cust_103582,468,Edtech,card,0.9405,0.0595,1,0.34
cust_103583,688,Financial Services,UPI,0.9636,0.0364,1,4.98
cust_103584,125,Gaming,UPI,0.883,0.117,0,4.07
cust_103585,51,Gaming,wallet,0.7893,0.2107,1,2.23
cust_103586,200,Gaming,UPI,0.7151,0.2849,0,4.56
cust_103587,255,Financial Services,UPI,0.8741,0.1259,0,6.81
cust_103588,39,Edtech,card,0.556,0.444,0,5.71
cust_103589,15,Gaming,UPI,0.9077,0.0923,2,1.2
cust_103590,7,E-commerce,card,0.4625,0.5375,1,26.38
cust_103591,150,E-commerce,netbanking,0.2176,0.7824,0,17.14
cust_103592,9,Financial Services,netbanking,0.8271,0.1729,1,0.87
cust_103593,39,SaaS,UPI,0.5182,0.4818,0,2.98
cust_103594,10,Edtech,card,0.8076,0.1924,0,6.02
cust_103595,17,SaaS,netbanking,0.5273,0.4727,0,23.19
cust_103596,83,Financial Services,netbanking,0.9416,0.0584,1,27.16
cust_103597,47,Financial Services,UPI,0.7628,0.2372,0,8.9
cust_103598,154,Financial Services,card,0.8207,0.1793,0,5.87
cust_103599,24,SaaS,card,0.7088,0.2912,0,23.45
cust_103600,32,Edtech,UPI,0.9548,0.0452,1,0.24
cust_103601,82,Edtech,UPI,0.9541,0.0459,1,2.96
cust_103602,100,Gaming,UPI,0.7077,0.2923,2,4.18
cust_103603,48,Gaming,UPI,0.8197,0.1803,0,7.66
cust_103604,74,SaaS,netbanking,0.8549,0.1451,0,0.1
cust_103605,10,Edtech,UPI,0.9626,0.0374,0,6.99
cust_103606,46,Financial Services,UPI,0.9014,0.0986,1,11.63
cust_103607,52,Gaming,card,0.9689,0.0311,1,6.94
cust_103608,232,Financial Services,card,0.9589,0.0411,0,5.07
cust_103609,137,E-commerce,netbanking,0.7786,0.2214,0,0.74
cust_103610,48,Edtech,UPI,0.225,0.775,0,17.5
cust_103611,27,Gaming,UPI,0.8599,0.1401,1,2.29
cust_103612,34,SaaS,netbanking,0.8013,0.1987,1,1.11
cust_103613,218,Edtech,UPI,0.9269,0.0731,0,8.57
cust_103614,208,Gaming,card,0.2534,0.7466,2,20.51
cust_103615,2,Edtech,netbanking,0.9373,0.0627,0,19.77
cust_103616,48,Financial Services,UPI,0.8232,0.1768,0,3.96
cust_103617,264,Financial Services,UPI,0.2794,0.7206,0,15.32
cust_103618,56,Gaming,UPI,0.7164,0.2836,0,21.0
cust_103619,69,SaaS,UPI,0.8709,0.1291,0,1.53
cust_103620,37,Edtech,card,0.8233,0.1767,0,11.37
cust_103621,82,Edtech,card,0.7773,0.2227,1,4.07
cust_103622,47,Financial Services,UPI,0.4152,0.5848,1,21.62
cust_103623,93,E-commerce,UPI,0.8837,0.1163,0,15.67
cust_103624,103,E-commerce,UPI,0.1193,0.8807,0,19.49
cust_103625,95,Gaming,UPI,0.8624,0.1376,0,12.69
cust_103626,259,SaaS,UPI,0.7638,0.2362,1,12.06
cust_103627,233,Edtech,UPI,0.7045,0.2955,1,1.73
cust_103628,129,Edtech,netbanking,0.7125,0.2875,1,7.45
cust_103629,49,E-commerce,wallet,0.7217,0.2783,0,13.63
cust_103630,92,Financial Services,card,0.1387,0.8613,0,48.47
cust_103631,102,E-commerce,netbanking,0.804,0.196,0,8.5
cust_103632,152,Financial Services,card,0.3132,0.6868,1,15.0
cust_103633,77,Edtech,UPI,0.2633,0.7367,1,21.4
cust_103634,8,Edtech,card,0.8143,0.1857,0,0.46
cust_103635,49,Edtech,UPI,0.9726,0.0274,1,7.87
cust_103636,525,Gaming,card,0.2842,0.7158,2,26.92
cust_103637,15,Edtech,UPI,0.9553,0.0447,1,12.13
cust_103638,165,SaaS,UPI,0.2057,0.7943,1,17.36
cust_103639,241,Edtech,UPI,0.9186,0.0814,1,4.81
cust_103640,200,Gaming,card,0.8996,0.1004,0,1.16
cust_103641,271,E-commerce,UPI,0.8632,0.1368,1,10.2
cust_103642,307,E-commerce,UPI,0.9794,0.0206,0,14.46
cust_103643,171,SaaS,card,0.9684,0.0316,0,14.17
cust_103644,221,E-commerce,card,0.9794,0.0206,0,57.22
cust_103645,69,Gaming,UPI,0.8509,0.1491,0,1.37
cust_103646,16,SaaS,UPI,0.8478,0.1522,0,11.66
cust_103647,10,SaaS,UPI,0.8846,0.1154,0,0.65
cust_103648,38,Gaming,card,0.7754,0.2246,3,3.08
cust_103649,10,Gaming,card,0.7683,0.2317,0,8.13
cust_103650,35,E-commerce,UPI,0.9737,0.0263,2,8.49
cust_103651,246,E-commerce,card,0.9095,0.0905,1,9.05
cust_103652,141,SaaS,UPI,0.8246,0.1754,2,4.95
cust_103653,77,Financial Services,netbanking,0.7986,0.2014,0,0.46
cust_103654,94,Gaming,UPI,0.2811,0.7189,1,21.39
cust_103655,193,Financial Services,UPI,0.8257,0.1743,0,5.07
cust_103656,32,Financial Services,UPI,0.9318,0.0682,4,3.53
cust_103657,32,E-commerce,netbanking,0.7686,0.2314,1,4.73
cust_103658,85,Financial Services,card,0.8865,0.1135,1,23.92
cust_103659,70,Gaming,card,0.7803,0.2197,2,2.3
cust_103660,78,Edtech,UPI,0.3043,0.6957,0,43.95
cust_103661,15,Gaming,UPI,0.8613,0.1387,0,22.45
cust_103662,401,E-commerce,UPI,0.9454,0.0546,0,15.38
cust_103663,144,SaaS,UPI,0.8172,0.1828,2,8.34
cust_103664,43,Gaming,card,0.8316,0.1684,0,3.6
cust_103665,9,SaaS,UPI,0.117,0.883,0,22.81
cust_103666,111,Financial Services,card,0.1835,0.8165,0,20.47
cust_103667,216,SaaS,UPI,0.5334,0.4666,1,10.49
cust_103668,7,Financial Services,card,0.7992,0.2008,3,8.57
cust_103669,72,Financial Services,card,0.7676,0.2324,0,19.39
cust_103670,289,Edtech,UPI,0.5487,0.4513,0,1.52
cust_103671,139,Edtech,UPI,0.8727,0.1273,1,10.38
cust_103672,99,SaaS,UPI,0.5604,0.4396,1,51.26
cust_103673,93,Financial Services,card,0.8766,0.1234,0,9.99
cust_103674,174,Financial Services,card,0.8336,0.1664,1,37.05
cust_103675,641,E-commerce,UPI,0.9026,0.0974,1,11.69
cust_103676,50,Gaming,wallet,0.9623,0.0377,0,6.89
cust_103677,68,SaaS,UPI,0.7022,0.2978,0,1.4
cust_103678,152,Gaming,wallet,0.8818,0.1182,2,3.93
cust_103679,88,Financial Services,UPI,0.7495,0.2505,1,23.33
cust_103680,11,Gaming,netbanking,0.9164,0.0836,0,0.39
cust_103681,153,E-commerce,UPI,0.7955,0.2045,1,1.15
cust_103682,323,Gaming,UPI,0.8471,0.1529,1,9.27
cust_103683,44,Gaming,UPI,0.8195,0.1805,0,5.8
cust_103684,60,Edtech,card,0.912,0.088,1,4.14
cust_103685,64,E-commerce,UPI,0.5725,0.4275,0,0.53
cust_103686,671,E-commerce,card,0.7779,0.2221,0,0.2
cust_103687,153,Gaming,UPI,0.7973,0.2027,2,2.07
cust_103688,183,E-commerce,wallet,0.2369,0.7631,0,26.46
cust_103689,50,Financial Services,UPI,0.7474,0.2526,2,15.6
cust_103690,23,Edtech,UPI,0.911,0.089,0,1.94
cust_103691,121,E-commerce,UPI,0.7395,0.2605,1,6.23
cust_103692,24,E-commerce,card,0.8424,0.1576,1,0.36
cust_103693,3,E-commerce,UPI,0.5513,0.4487,0,16.77
cust_103694,224,Gaming,UPI,0.7546,0.2454,0,2.7
cust_103695,287,Financial Services,card,0.7072,0.2928,0,5.37
cust_103696,120,E-commerce,UPI,0.9654,0.0346,0,10.06
cust_103697,108,Financial Services,UPI,0.8459,0.1541,0,4.6
cust_103698,65,Financial Services,card,0.7307,0.2693,1,2.79
cust_103699,26,SaaS,card,0.821,0.179,0,13.06
cust_103700,34,Edtech,card,0.1684,0.8316,3,38.64
cust_103701,33,Edtech,UPI,0.7326,0.2674,0,12.27
cust_103702,333,Edtech,UPI,0.9084,0.0916,0,13.72
cust_103703,316,E-commerce,card,0.7916,0.2084,1,4.31
cust_103704,94,Gaming,UPI,0.827,0.173,0,13.16
cust_103705,168,Gaming,card,0.7207,0.2793,0,7.39
cust_103706,54,Edtech,UPI,0.7107,0.2893,0,1.32
cust_103707,11,SaaS,card,0.9224,0.0776,0,31.94
cust_103708,87,Edtech,wallet,0.8563,0.1437,0,8.76
cust_103709,52,SaaS,netbanking,0.8756,0.1244,0,3.02
cust_103710,234,E-commerce,UPI,0.2881,0.7119,0,19.95
cust_103711,128,E-commerce,UPI,0.7743,0.2257,0,0.58
cust_103712,107,E-commerce,card,0.7524,0.2476,0,5.45
cust_103713,12,Financial Services,UPI,0.7556,0.2444,0,6.57
cust_103714,91,SaaS,netbanking,0.94,0.06,0,9.16
cust_103715,90,E-commerce,card,0.1336,0.8664,1,15.42
cust_103716,134,Gaming,UPI,0.8988,0.1012,0,2.9
cust_103717,45,SaaS,card,0.7737,0.2263,0,5.33
cust_103718,80,Financial Services,UPI,0.7657,0.2343,1,30.15
cust_103719,105,Edtech,card,0.8839,0.1161,0,6.05
cust_103720,254,E-commerce,netbanking,0.9354,0.0646,0,2.22
cust_103721,83,Edtech,netbanking,0.8373,0.1627,0,10.56
cust_103722,148,Financial Services,card,0.8522,0.1478,0,5.15
cust_103723,410,Edtech,card,0.1562,0.8438,1,26.09
cust_103724,36,Edtech,UPI,0.8252,0.1748,1,11.5
cust_103725,38,E-commerce,card,0.7324,0.2676,0,9.09
cust_103726,42,Financial Services,card,0.885,0.115,1,3.58
cust_103727,130,Edtech,card,0.8973,0.1027,1,4.99
cust_103728,61,Financial Services,UPI,0.9419,0.0581,0,11.8
cust_103729,12,Gaming,netbanking,0.7658,0.2342,2,5.25
cust_103730,226,Edtech,UPI,0.7602,0.2398,0,15.37
cust_103731,10,Financial Services,wallet,0.4859,0.5141,1,17.82
cust_103732,135,Edtech,UPI,0.8151,0.1849,1,11.95
cust_103733,31,Financial Services,UPI,0.773,0.227,0,1.85
cust_103734,157,SaaS,UPI,0.9039,0.0961,0,8.38
cust_103735,41,Edtech,UPI,0.7128,0.2872,1,0.86
cust_103736,48,Financial Services,UPI,0.8603,0.1397,0,4.66
cust_103737,188,E-commerce,UPI,0.9183,0.0817,0,4.82
cust_103738,126,SaaS,wallet,0.8717,0.1283,0,43.33
cust_103739,44,Edtech,UPI,0.3699,0.6301,0,20.03
cust_103740,46,SaaS,UPI,0.7253,0.2747,0,4.13
cust_103741,16,Edtech,UPI,0.9147,0.0853,1,12.52
cust_103742,114,Gaming,UPI,0.1246,0.8754,0,19.6
cust_103743,108,E-commerce,UPI,0.7556,0.2444,0,1.24
cust_103744,255,E-commerce,UPI,0.8107,0.1893,0,6.74
cust_103745,248,E-commerce,card,0.7452,0.2548,0,25.85
cust_103746,153,Edtech,UPI,0.7604,0.2396,0,15.47
cust_103747,217,E-commerce,card,0.7101,0.2899,0,9.99
cust_103748,70,SaaS,card,0.8474,0.1526,0,32.51
cust_103749,167,Gaming,card,0.8358,0.1642,0,1.75
cust_103750,64,E-commerce,card,0.7068,0.2932,0,4.82
cust_103751,115,E-commerce,netbanking,0.475,0.525,0,20.99
cust_103752,171,Financial Services,card,0.7367,0.2633,0,7.27
cust_103753,578,Edtech,UPI,0.7214,0.2786,0,0.96
cust_103754,21,Gaming,UPI,0.9135,0.0865,0,33.16
cust_103755,353,Financial Services,UPI,0.4713,0.5287,0,22.63
cust_103756,203,Gaming,card,0.7425,0.2575,0,14.4
cust_103757,165,Gaming,card,0.7544,0.2456,2,9.36
cust_103758,680,Gaming,UPI,0.9197,0.0803,0,2.02
cust_103759,272,Financial Services,card,0.7066,0.2934,0,40.05
cust_103760,158,Edtech,netbanking,0.7279,0.2721,0,7.03
cust_103761,144,Gaming,card,0.7815,0.2185,0,17.03
cust_103762,57,SaaS,netbanking,0.8138,0.1862,0,3.16
cust_103763,6,Edtech,UPI,0.9541,0.0459,0,16.36
cust_103764,128,Gaming,UPI,0.8071,0.1929,0,0.54
cust_103765,24,Financial Services,card,0.9664,0.0336,0,14.88
cust_103766,62,Gaming,card,0.8266,0.1734,1,2.42
cust_103767,97,Gaming,card,0.8113,0.1887,1,7.41
cust_103768,51,E-commerce,card,0.8335,0.1665,0,0.49
cust_103769,102,SaaS,UPI,0.7931,0.2069,0,3.91
cust_103770,7,SaaS,wallet,0.1846,0.8154,0,31.86
cust_103771,67,Financial Services,netbanking,0.7235,0.2765,0,8.53
cust_103772,82,Financial Services,card,0.8326,0.1674,0,3.17
cust_103773,19,Gaming,card,0.7165,0.2835,0,1.01
cust_103774,61,Financial Services,card,0.7872,0.2128,1,4.28
cust_103775,208,Edtech,card,0.7102,0.2898,0,18.66
cust_103776,82,Gaming,UPI,0.944,0.056,2,1.51
cust_103777,48,Edtech,UPI,0.9114,0.0886,0,5.03
cust_103778,340,Financial Services,netbanking,0.7876,0.2124,0,8.33
cust_103779,1,E-commerce,UPI,0.8985,0.1015,0,14.05
cust_103780,19,Gaming,netbanking,0.9071,0.0929,0,2.61
cust_103781,21,SaaS,card,0.8192,0.1808,1,4.29
cust_103782,107,SaaS,UPI,0.9119,0.0881,2,5.5
cust_103783,116,E-commerce,UPI,0.734,0.266,0,5.03
cust_103784,320,E-commerce,card,0.9721,0.0279,0,21.63
cust_103785,38,SaaS,UPI,0.8387,0.1613,0,8.61
cust_103786,95,Gaming,UPI,0.9097,0.0903,1,15.24
cust_103787,24,Gaming,card,0.7026,0.2974,0,11.5
cust_103788,79,SaaS,card,0.7824,0.2176,0,19.08
cust_103789,7,Edtech,UPI,0.8722,0.1278,0,13.45
cust_103790,10,Edtech,netbanking,0.7465,0.2535,1,6.56
cust_103791,163,Edtech,UPI,0.7572,0.2428,0,24.79
cust_103792,374,Gaming,netbanking,0.804,0.196,0,2.65
cust_103793,43,Gaming,UPI,0.8296,0.1704,0,4.69
cust_103794,117,Edtech,card,0.9016,0.0984,1,0.33
cust_103795,6,E-commerce,card,0.9002,0.0998,0,8.63
cust_103796,7,Financial Services,UPI,0.3082,0.6918,0,34.6
cust_103797,299,E-commerce,card,0.9781,0.0219,0,17.9
cust_103798,93,SaaS,card,0.7525,0.2475,2,2.46
cust_103799,90,SaaS,netbanking,0.7927,0.2073,0,15.83
cust_103800,25,SaaS,netbanking,0.8664,0.1336,0,2.15
cust_103801,77,SaaS,card,0.8566,0.1434,0,5.57
cust_103802,276,E-commerce,card,0.704,0.296,0,0.64
cust_103803,307,E-commerce,UPI,0.9298,0.0702,0,16.27
cust_103804,30,Financial Services,card,0.7856,0.2144,0,14.26
cust_103805,100,Gaming,netbanking,0.9616,0.0384,1,12.92
cust_103806,96,Gaming,UPI,0.8846,0.1154,0,23.89
cust_103807,65,SaaS,UPI,0.7288,0.2712,0,5.72
cust_103808,10,E-commerce,UPI,0.7736,0.2264,0,8.88
cust_103809,55,SaaS,card,0.3612,0.6388,2,15.44
cust_103810,418,Financial Services,card,0.9162,0.0838,0,1.59
cust_103811,19,Gaming,UPI,0.9707,0.0293,0,23.24
cust_103812,94,Gaming,card,0.8326,0.1674,1,21.42
cust_103813,411,E-commerce,UPI,0.2159,0.7841,2,26.45
cust_103814,140,E-commerce,netbanking,0.5017,0.4983,0,8.79
cust_103815,2,E-commerce,UPI,0.3377,0.6623,0,22.38
cust_103816,205,SaaS,UPI,0.9509,0.0491,0,2.28
cust_103817,16,SaaS,card,0.5036,0.4964,0,8.85
cust_103818,4,Financial Services,UPI,0.7916,0.2084,0,8.95
cust_103819,4,Gaming,card,0.7674,0.2326,1,1.41
cust_103820,108,Financial Services,card,0.8079,0.1921,0,19.33
cust_103821,285,Financial Services,netbanking,0.9348,0.0652,1,10.04
cust_103822,137,Edtech,netbanking,0.9473,0.0527,0,3.97
cust_103823,57,E-commerce,netbanking,0.9647,0.0353,0,12.0
cust_103824,372,Edtech,card,0.9352,0.0648,2,17.55
cust_103825,41,Gaming,UPI,0.8946,0.1054,0,3.13
cust_103826,68,Edtech,UPI,0.8562,0.1438,0,16.77
cust_103827,43,Financial Services,UPI,0.7498,0.2502,0,11.1
cust_103828,278,Edtech,UPI,0.9158,0.0842,1,9.71
cust_103829,12,Edtech,UPI,0.7599,0.2401,0,2.93
cust_103830,85,Gaming,netbanking,0.9578,0.0422,1,7.75
cust_103831,67,E-commerce,wallet,0.7501,0.2499,0,2.93
cust_103832,32,SaaS,card,0.8011,0.1989,0,0.08
cust_103833,213,E-commerce,card,0.2552,0.7448,0,15.71
cust_103834,54,SaaS,netbanking,0.9564,0.0436,1,1.71
cust_103835,72,Gaming,UPI,0.8699,0.1301,1,4.51
cust_103836,8,SaaS,netbanking,0.8797,0.1203,0,30.53
cust_103837,132,Financial Services,netbanking,0.4477,0.5523,0,15.42
cust_103838,81,Edtech,UPI,0.716,0.284,0,31.62
cust_103839,208,Gaming,card,0.9417,0.0583,0,13.25
cust_103840,156,Financial Services,UPI,0.877,0.123,1,3.11
cust_103841,8,Financial Services,card,0.91,0.09,0,3.78
cust_103842,22,Gaming,UPI,0.7107,0.2893,0,6.04
cust_103843,35,SaaS,UPI,0.8997,0.1003,1,13.07
cust_103844,5,E-commerce,UPI,0.7369,0.2631,0,2.06
cust_103845,16,Financial Services,netbanking,0.7334,0.2666,1,4.29
cust_103846,382,Financial Services,UPI,0.7175,0.2825,0,35.83
cust_103847,460,SaaS,UPI,0.7777,0.2223,0,2.26
cust_103848,265,E-commerce,netbanking,0.9065,0.0935,0,14.53
cust_103849,162,Edtech,card,0.9375,0.0625,1,7.64
cust_103850,33,Edtech,card,0.7474,0.2526,0,3.49
cust_103851,195,Gaming,card,0.8026,0.1974,1,10.48
cust_103852,34,SaaS,netbanking,0.8129,0.1871,0,10.68
cust_103853,188,SaaS,UPI,0.5125,0.4875,2,0.08
cust_103854,43,Gaming,UPI,0.2333,0.7667,2,21.37
cust_103855,96,E-commerce,UPI,0.7771,0.2229,0,3.81
cust_103856,93,E-commerce,card,0.8146,0.1854,1,16.76
cust_103857,137,SaaS,netbanking,0.857,0.143,0,22.43
cust_103858,241,SaaS,UPI,0.8591,0.1409,0,27.0
cust_103859,151,SaaS,netbanking,0.8296,0.1704,1,1.23
cust_103860,42,SaaS,wallet,0.7511,0.2489,0,0.98
cust_103861,148,SaaS,card,0.8655,0.1345,0,3.53
cust_103862,76,SaaS,UPI,0.9208,0.0792,1,19.23
cust_103863,195,E-commerce,card,0.8289,0.1711,0,7.26
cust_103864,71,E-commerce,UPI,0.8906,0.1094,1,17.88
cust_103865,14,E-commerce,UPI,0.9067,0.0933,1,7.13
cust_103866,89,Edtech,UPI,0.453,0.547,1,23.52
cust_103867,102,E-commerce,netbanking,0.8582,0.1418,0,1.47
cust_103868,103,Financial Services,UPI,0.7527,0.2473,0,0.32
cust_103869,87,E-commerce,UPI,0.7826,0.2174,0,27.02
cust_103870,153,Financial Services,UPI,0.8372,0.1628,0,11.2
cust_103871,271,Gaming,UPI,0.9163,0.0837,1,7.9
cust_103872,380,Gaming,card,0.8767,0.1233,1,8.08
cust_103873,115,E-commerce,UPI,0.5174,0.4826,0,2.7
cust_103874,19,Financial Services,UPI,0.8592,0.1408,2,10.3
cust_103875,14,Financial Services,netbanking,0.9271,0.0729,0,15.16
cust_103876,190,Edtech,UPI,0.8959,0.1041,0,32.31
cust_103877,12,Gaming,card,0.9081,0.0919,1,19.77
cust_103878,326,Edtech,card,0.4867,0.5133,0,19.06
cust_103879,5,Edtech,netbanking,0.773,0.227,1,4.35
cust_103880,10,SaaS,card,0.8767,0.1233,1,13.11
cust_103881,212,Financial Services,card,0.3934,0.6066,0,20.57
cust_103882,279,Edtech,card,0.8843,0.1157,0,0.87
cust_103883,42,SaaS,card,0.7293,0.2707,0,2.5
cust_103884,90,Edtech,UPI,0.7022,0.2978,1,8.53
cust_103885,20,Financial Services,UPI,0.7943,0.2057,0,16.51
cust_103886,177,SaaS,UPI,0.8002,0.1998,0,2.79
cust_103887,534,E-commerce,wallet,0.7521,0.2479,0,12.0
cust_103888,194,SaaS,card,0.8727,0.1273,2,10.11
cust_103889,228,Gaming,card,0.8218,0.1782,1,4.64
cust_103890,20,Financial Services,card,0.7682,0.2318,0,58.65
cust_103891,114,Edtech,card,0.8351,0.1649,0,17.81
cust_103892,115,Financial Services,card,0.9718,0.0282,0,7.95
cust_103893,121,E-commerce,card,0.9522,0.0478,3,35.72
cust_103894,215,Gaming,UPI,0.3129,0.6871,0,17.72
cust_103895,1,Edtech,UPI,0.8122,0.1878,0,12.72
cust_103896,67,SaaS,UPI,0.7466,0.2534,1,37.01
cust_103897,124,Edtech,UPI,0.9703,0.0297,0,2.51
cust_103898,29,Gaming,UPI,0.9723,0.0277,1,2.2
cust_103899,26,E-commerce,card,0.2666,0.7334,0,21.11
cust_103900,20,SaaS,UPI,0.7866,0.2134,0,7.62
cust_103901,13,E-commerce,card,0.8284,0.1716,0,12.87
cust_103902,66,E-commerce,UPI,0.8844,0.1156,0,7.42
cust_103903,87,E-commerce,UPI,0.7844,0.2156,1,13.89
cust_103904,19,SaaS,card,0.9402,0.0598,0,11.86
cust_103905,58,Financial Services,UPI,0.2224,0.7776,1,19.38
cust_103906,4,Gaming,card,0.8048,0.1952,1,35.63
cust_103907,18,Financial Services,card,0.728,0.272,1,0.95
cust_103908,105,Gaming,card,0.8957,0.1043,1,14.73
cust_103909,131,Financial Services,UPI,0.9328,0.0672,0,14.97
cust_103910,369,E-commerce,UPI,0.7268,0.2732,0,3.75
cust_103911,31,E-commerce,card,0.9619,0.0381,0,0.1
cust_103912,182,Financial Services,netbanking,0.9514,0.0486,1,9.03
cust_103913,67,Financial Services,UPI,0.8496,0.1504,0,15.25
cust_103914,3,Edtech,wallet,0.9073,0.0927,1,14.29
cust_103915,60,Gaming,card,0.5428,0.4572,0,22.9
cust_103916,24,E-commerce,UPI,0.8034,0.1966,0,3.85
cust_103917,67,Edtech,UPI,0.7004,0.2996,1,4.5
cust_103918,35,Gaming,UPI,0.9561,0.0439,0,13.71
cust_103919,16,E-commerce,UPI,0.194,0.806,0,19.47
cust_103920,60,E-commerce,card,0.726,0.274,0,6.97
cust_103921,118,Financial Services,UPI,0.8192,0.1808,1,5.92
cust_103922,200,Edtech,UPI,0.8891,0.1109,1,9.39
cust_103923,250,Financial Services,netbanking,0.5793,0.4207,0,13.99
cust_103924,69,Financial Services,card,0.8115,0.1885,0,0.94
cust_103925,213,Gaming,UPI,0.8302,0.1698,0,15.89
cust_103926,1,SaaS,UPI,0.9051,0.0949,0,9.05
cust_103927,181,Financial Services,card,0.7034,0.2966,0,12.92
cust_103928,83,Edtech,card,0.3535,0.6465,1,19.86
cust_103929,1,Financial Services,card,0.4269,0.5731,0,22.01
cust_103930,196,Financial Services,card,0.7153,0.2847,0,15.43
cust_103931,38,Financial Services,card,0.8776,0.1224,0,1.86
cust_103932,283,Gaming,UPI,0.9543,0.0457,1,3.06
cust_103933,27,Gaming,UPI,0.8326,0.1674,1,15.72
cust_103934,36,Edtech,UPI,0.9721,0.0279,0,5.79
cust_103935,144,SaaS,card,0.9746,0.0254,0,15.19
cust_103936,154,Gaming,card,0.9437,0.0563,0,3.12
cust_103937,60,SaaS,UPI,0.7944,0.2056,0,16.37
cust_103938,123,Gaming,card,0.8442,0.1558,0,25.02
cust_103939,26,Gaming,card,0.8274,0.1726,3,2.45
cust_103940,28,SaaS,UPI,0.7112,0.2888,0,11.45
cust_103941,38,Financial Services,netbanking,0.714,0.286,0,6.54
cust_103942,405,Gaming,UPI,0.7707,0.2293,1,2.5
cust_103943,84,Edtech,UPI,0.9147,0.0853,1,6.46
cust_103944,182,SaaS,UPI,0.75,0.25,1,21.09
cust_103945,184,Edtech,UPI,0.8251,0.1749,1,10.18
cust_103946,22,Edtech,wallet,0.8668,0.1332,1,0.68
cust_103947,173,Edtech,card,0.8488,0.1512,1,6.73
cust_103948,15,Financial Services,UPI,0.7235,0.2765,0,4.29
cust_103949,22,SaaS,UPI,0.1723,0.8277,0,40.24
cust_103950,91,Financial Services,UPI,0.7769,0.2231,0,9.9
cust_103951,306,Financial Services,UPI,0.7683,0.2317,0,37.21
cust_103952,56,Gaming,UPI,0.7114,0.2886,0,0.27
cust_103953,552,Edtech,UPI,0.7411,0.2589,2,0.34
cust_103954,11,SaaS,UPI,0.9745,0.0255,0,9.32
cust_103955,70,SaaS,netbanking,0.8783,0.1217,0,11.83
cust_103956,273,Edtech,UPI,0.7063,0.2937,0,1.14
cust_103957,19,Edtech,card,0.908,0.092,0,5.5
cust_103958,486,SaaS,UPI,0.8214,0.1786,0,1.04
cust_103959,47,SaaS,card,0.8599,0.1401,1,0.67
cust_103960,59,Edtech,UPI,0.851,0.149,0,9.63
cust_103961,9,E-commerce,UPI,0.7137,0.2863,0,5.48
cust_103962,3,Gaming,wallet,0.913,0.087,0,15.08
cust_103963,48,Financial Services,UPI,0.8929,0.1071,0,4.19
cust_103964,3,E-commerce,UPI,0.888,0.112,1,1.57
cust_103965,108,Gaming,netbanking,0.7508,0.2492,1,20.24
cust_103966,44,Edtech,UPI,0.814,0.186,0,19.01
cust_103967,322,SaaS,netbanking,0.884,0.116,0,25.5
cust_103968,7,Edtech,UPI,0.8677,0.1323,0,6.54
cust_103969,112,Edtech,UPI,0.2124,0.7876,1,18.2
cust_103970,305,Edtech,UPI,0.8712,0.1288,0,11.45
cust_103971,85,Gaming,card,0.8646,0.1354,0,19.15
cust_103972,19,Gaming,UPI,0.8089,0.1911,0,7.88
cust_103973,133,Gaming,netbanking,0.2703,0.7297,1,41.97
cust_103974,79,Edtech,card,0.7425,0.2575,0,5.28
cust_103975,219,Financial Services,UPI,0.8954,0.1046,0,12.81
cust_103976,282,Financial Services,netbanking,0.709,0.291,0,10.3
cust_103977,61,Gaming,UPI,0.8768,0.1232,3,18.98
cust_103978,356,Gaming,UPI,0.7233,0.2767,0,15.1
cust_103979,100,Gaming,wallet,0.7817,0.2183,0,12.52
cust_103980,189,Edtech,UPI,0.8309,0.1691,1,5.3
cust_103981,14,E-commerce,UPI,0.7467,0.2533,2,4.39
cust_103982,21,Edtech,card,0.8163,0.1837,1,9.6
cust_103983,97,SaaS,UPI,0.7795,0.2205,1,10.83
cust_103984,275,Financial Services,card,0.8051,0.1949,3,1.15
cust_103985,74,Gaming,card,0.4036,0.5964,0,15.59
cust_103986,9,SaaS,card,0.2092,0.7908,0,19.6
cust_103987,14,SaaS,card,0.75,0.25,0,3.08
cust_103988,127,E-commerce,card,0.9756,0.0244,0,10.26
cust_103989,38,Financial Services,card,0.7986,0.2014,0,1.73
cust_103990,184,E-commerce,card,0.8678,0.1322,0,1.24
cust_103991,219,Edtech,card,0.8765,0.1235,0,10.74
cust_103992,16,Edtech,card,0.8491,0.1509,0,4.97
cust_103993,10,E-commerce,UPI,0.8386,0.1614,0,5.88
cust_103994,6,Financial Services,UPI,0.9589,0.0411,1,12.56
cust_103995,56,E-commerce,UPI,0.7497,0.2503,0,30.09
cust_103996,14,Edtech,UPI,0.5149,0.4851,0,29.78
cust_103997,550,Financial Services,UPI,0.8913,0.1087,0,10.36
cust_103998,98,SaaS,card,0.8829,0.1171,1,6.87
cust_103999,75,Financial Services,card,0.8782,0.1218,0,6.12
cust_104000,2,Gaming,UPI,0.8707,0.1293,0,17.3
cust_104001,40,Gaming,card,0.8679,0.1321,0,1.11
cust_104002,382,Financial Services,netbanking,0.791,0.209,0,12.72
cust_104003,52,E-commerce,wallet,0.8751,0.1249,0,2.73
cust_104004,101,SaaS,netbanking,0.7064,0.2936,0,12.36
cust_104005,8,Gaming,netbanking,0.8832,0.1168,0,24.56
cust_104006,81,Gaming,UPI,0.754,0.246,2,1.36
cust_104007,85,E-commerce,card,0.9025,0.0975,0,8.43
cust_104008,3,E-commerce,card,0.9624,0.0376,1,8.45
cust_104009,101,E-commerce,card,0.782,0.218,0,9.85
cust_104010,40,SaaS,card,0.8291,0.1709,1,1.27
cust_104011,108,E-commerce,wallet,0.8242,0.1758,0,19.17
cust_104012,146,E-commerce,card,0.9724,0.0276,0,3.4
cust_104013,284,Gaming,UPI,0.925,0.075,0,9.18
cust_104014,16,Edtech,card,0.9545,0.0455,0,20.77
cust_104015,185,E-commerce,UPI,0.9695,0.0305,0,14.9
cust_104016,65,SaaS,wallet,0.891,0.109,1,21.2
cust_104017,13,Financial Services,UPI,0.9787,0.0213,1,7.69
cust_104018,41,Financial Services,UPI,0.3085,0.6915,0,18.96
cust_104019,34,Edtech,card,0.8505,0.1495,1,2.07
cust_104020,219,Gaming,card,0.8496,0.1504,1,1.56
cust_104021,94,SaaS,card,0.9318,0.0682,0,9.14
cust_104022,24,SaaS,UPI,0.8116,0.1884,0,5.67
cust_104023,137,SaaS,UPI,0.9007,0.0993,0,3.62
cust_104024,64,Gaming,UPI,0.8232,0.1768,0,18.65
cust_104025,53,SaaS,UPI,0.5235,0.4765,1,1.35
cust_104026,56,Gaming,card,0.7313,0.2687,0,8.55
cust_104027,65,E-commerce,UPI,0.8838,0.1162,0,12.91
cust_104028,114,E-commerce,UPI,0.9228,0.0772,0,10.24
cust_104029,202,E-commerce,UPI,0.7924,0.2076,0,1.87
cust_104030,45,SaaS,UPI,0.8985,0.1015,1,16.94
cust_104031,148,E-commerce,netbanking,0.7959,0.2041,0,2.05
cust_104032,429,Financial Services,card,0.8261,0.1739,1,4.38
cust_104033,163,Edtech,UPI,0.8664,0.1336,0,5.6
cust_104034,3,E-commerce,UPI,0.2442,0.7558,0,16.19
cust_104035,120,E-commerce,UPI,0.8578,0.1422,0,22.85
cust_104036,76,Edtech,UPI,0.9004,0.0996,1,0.25
cust_104037,72,Gaming,card,0.8331,0.1669,0,14.8
cust_104038,427,Financial Services,netbanking,0.7432,0.2568,0,2.57
cust_104039,379,E-commerce,UPI,0.2462,0.7538,0,27.28
cust_104040,41,Financial Services,UPI,0.7638,0.2362,1,0.67
cust_104041,38,E-commerce,card,0.7415,0.2585,0,6.38
cust_104042,119,SaaS,netbanking,0.9019,0.0981,0,17.0
cust_104043,33,Gaming,card,0.8732,0.1268,0,1.22
cust_104044,151,E-commerce,UPI,0.8803,0.1197,0,4.44
cust_104045,128,Gaming,UPI,0.788,0.212,0,0.1
cust_104046,77,Edtech,UPI,0.9593,0.0407,0,0.55
cust_104047,68,E-commerce,card,0.835,0.165,1,0.1
cust_104048,408,Financial Services,UPI,0.704,0.296,1,6.38
cust_104049,53,SaaS,UPI,0.7866,0.2134,1,48.47
cust_104050,115,E-commerce,UPI,0.8704,0.1296,0,56.73
cust_104051,97,SaaS,card,0.7998,0.2002,0,7.93
cust_104052,343,Financial Services,UPI,0.8788,0.1212,0,1.65
cust_104053,189,SaaS,UPI,0.9368,0.0632,0,3.55
cust_104054,87,Gaming,UPI,0.9076,0.0924,0,31.58
cust_104055,367,Edtech,UPI,0.8116,0.1884,1,2.71
cust_104056,37,SaaS,UPI,0.8421,0.1579,0,3.44
cust_104057,198,Edtech,UPI,0.8497,0.1503,0,2.1
cust_104058,92,Gaming,UPI,0.9717,0.0283,0,15.18
cust_104059,176,SaaS,UPI,0.8464,0.1536,1,9.83
cust_104060,20,E-commerce,card,0.907,0.093,0,20.57
cust_104061,88,E-commerce,UPI,0.9009,0.0991,0,4.79
cust_104062,281,E-commerce,UPI,0.4046,0.5954,0,41.76
cust_104063,61,Gaming,UPI,0.9081,0.0919,0,6.22
cust_104064,23,SaaS,UPI,0.7371,0.2629,0,25.36
cust_104065,14,Edtech,UPI,0.2138,0.7862,0,31.54
cust_104066,38,Gaming,netbanking,0.8336,0.1664,0,28.29
cust_104067,99,SaaS,card,0.9188,0.0812,0,15.23
cust_104068,22,Edtech,UPI,0.7205,0.2795,0,19.22
cust_104069,169,Financial Services,card,0.1417,0.8583,0,16.39
cust_104070,221,E-commerce,card,0.3947,0.6053,0,21.28
cust_104071,401,Gaming,netbanking,0.8594,0.1406,0,4.65
cust_104072,116,Gaming,card,0.9534,0.0466,0,3.66
cust_104073,63,Financial Services,card,0.7545,0.2455,0,3.06
cust_104074,172,Gaming,card,0.9778,0.0222,0,4.59
cust_104075,260,Edtech,card,0.8684,0.1316,0,27.84
cust_104076,10,Financial Services,wallet,0.792,0.208,0,0.09
cust_104077,69,Financial Services,UPI,0.9664,0.0336,0,15.93
cust_104078,222,Edtech,UPI,0.849,0.151,0,1.6
cust_104079,6,Edtech,card,0.8572,0.1428,0,13.24
cust_104080,93,Edtech,UPI,0.7312,0.2688,0,2.02
cust_104081,70,E-commerce,card,0.7894,0.2106,0,1.61
cust_104082,155,Gaming,UPI,0.7457,0.2543,1,6.05
cust_104083,229,SaaS,card,0.8884,0.1116,0,3.51
cust_104084,246,SaaS,UPI,0.8241,0.1759,0,13.01
cust_104085,117,Gaming,card,0.7542,0.2458,1,17.23
cust_104086,125,SaaS,UPI,0.7597,0.2403,0,12.61
cust_104087,251,Gaming,UPI,0.9146,0.0854,0,26.7
cust_104088,104,Financial Services,UPI,0.25,0.75,0,61.84
cust_104089,209,Gaming,card,0.8881,0.1119,0,20.89
cust_104090,90,Edtech,netbanking,0.9146,0.0854,0,0.64
cust_104091,78,E-commerce,UPI,0.8708,0.1292,2,21.8
cust_104092,73,E-commerce,card,0.8446,0.1554,1,7.09
cust_104093,118,Financial Services,card,0.9208,0.0792,0,16.59
cust_104094,361,Edtech,UPI,0.7736,0.2264,1,10.85
cust_104095,96,Edtech,netbanking,0.7857,0.2143,0,0.63
cust_104096,224,Edtech,card,0.7883,0.2117,1,0.31
cust_104097,327,Edtech,UPI,0.8102,0.1898,1,12.33
cust_104098,17,Financial Services,card,0.57,0.43,1,5.34
cust_104099,71,SaaS,UPI,0.799,0.201,3,13.91
cust_104100,28,E-commerce,card,0.9148,0.0852,0,23.15
cust_104101,214,SaaS,netbanking,0.7566,0.2434,2,18.71
cust_104102,113,Edtech,UPI,0.8046,0.1954,0,11.32
cust_104103,48,Edtech,UPI,0.8071,0.1929,1,17.45
cust_104104,72,Gaming,UPI,0.7558,0.2442,0,4.66
cust_104105,15,E-commerce,wallet,0.8232,0.1768,0,1.37
cust_104106,53,Edtech,card,0.2216,0.7784,0,15.36
cust_104107,362,Edtech,UPI,0.9636,0.0364,0,0.8
cust_104108,105,Gaming,UPI,0.9719,0.0281,0,4.77
cust_104109,117,SaaS,UPI,0.8092,0.1908,0,5.41
cust_104110,21,Financial Services,card,0.9763,0.0237,0,0.48
cust_104111,89,Gaming,UPI,0.7284,0.2716,0,5.51
cust_104112,297,Edtech,card,0.8034,0.1966,3,9.38
cust_104113,55,Edtech,UPI,0.1671,0.8329,2,27.86
cust_104114,83,SaaS,UPI,0.9171,0.0829,0,7.02
cust_104115,55,Financial Services,card,0.9447,0.0553,2,22.62
cust_104116,51,Gaming,UPI,0.756,0.244,1,0.54
cust_104117,57,SaaS,card,0.7918,0.2082,0,9.93
cust_104118,130,Gaming,card,0.773,0.227,1,1.82
cust_104119,47,Gaming,UPI,0.8931,0.1069,1,3.79
cust_104120,182,E-commerce,card,0.719,0.281,1,15.29
cust_104121,138,Edtech,UPI,0.8011,0.1989,1,2.27
cust_104122,42,Financial Services,card,0.7601,0.2399,1,0.86
cust_104123,256,Edtech,netbanking,0.829,0.171,0,4.74
cust_104124,130,Edtech,UPI,0.972,0.028,1,0.39
cust_104125,29,Edtech,UPI,0.9093,0.0907,0,0.68
cust_104126,170,SaaS,UPI,0.4211,0.5789,1,26.11
cust_104127,31,Financial Services,UPI,0.8362,0.1638,0,8.22
cust_104128,176,SaaS,card,0.7169,0.2831,1,22.13
cust_104129,117,Gaming,wallet,0.8584,0.1416,1,3.87
cust_104130,102,SaaS,card,0.9445,0.0555,0,15.42
cust_104131,40,Edtech,UPI,0.8378,0.1622,0,8.52
cust_104132,141,Gaming,UPI,0.7188,0.2812,0,0.54
cust_104133,13,SaaS,card,0.9728,0.0272,0,11.13
cust_104134,214,SaaS,netbanking,0.9236,0.0764,0,6.66
cust_104135,159,SaaS,card,0.8312,0.1688,1,2.14
cust_104136,107,E-commerce,card,0.9148,0.0852,0,1.11
cust_104137,152,Financial Services,UPI,0.8304,0.1696,0,1.6
cust_104138,46,E-commerce,card,0.7204,0.2796,0,0.21
cust_104139,13,Gaming,UPI,0.8478,0.1522,0,1.04
cust_104140,99,Financial Services,UPI,0.8124,0.1876,0,1.89
cust_104141,9,Edtech,card,0.5141,0.4859,0,17.78
cust_104142,13,SaaS,UPI,0.2612,0.7388,0,29.52
cust_104143,44,E-commerce,UPI,0.7624,0.2376,0,0.84
cust_104144,337,Edtech,card,0.883,0.117,1,7.22
cust_104145,12,E-commerce,card,0.8608,0.1392,0,5.35
cust_104146,120,Edtech,card,0.9002,0.0998,1,1.61
cust_104147,51,Gaming,UPI,0.9164,0.0836,2,0.92
cust_104148,78,E-commerce,netbanking,0.7283,0.2717,0,0.48
cust_104149,440,Gaming,netbanking,0.9365,0.0635,0,25.48
cust_104150,72,E-commerce,UPI,0.9673,0.0327,0,17.99
cust_104151,130,Edtech,UPI,0.96,0.04,1,13.69
cust_104152,122,E-commerce,UPI,0.7457,0.2543,0,20.43
cust_104153,66,Edtech,card,0.9576,0.0424,0,13.0
cust_104154,79,Edtech,UPI,0.5388,0.4612,0,19.6
cust_104155,76,Financial Services,UPI,0.574,0.426,2,68.52
cust_104156,143,SaaS,UPI,0.9083,0.0917,0,11.79
cust_104157,182,E-commerce,UPI,0.8251,0.1749,0,3.67
cust_104158,110,Financial Services,UPI,0.9159,0.0841,0,11.36
cust_104159,182,Gaming,card,0.726,0.274,0,5.66
cust_104160,60,E-commerce,wallet,0.8619,0.1381,1,4.85
cust_104161,95,Gaming,card,0.4783,0.5217,0,31.61
cust_104162,176,SaaS,card,0.9074,0.0926,1,15.08
cust_104163,376,Edtech,UPI,0.7887,0.2113,0,21.98
cust_104164,178,E-commerce,netbanking,0.7254,0.2746,0,9.88
cust_104165,19,Gaming,card,0.7715,0.2285,0,1.37
cust_104166,2,SaaS,card,0.7045,0.2955,0,1.11
cust_104167,47,Financial Services,UPI,0.8121,0.1879,1,4.06
cust_104168,220,SaaS,card,0.9648,0.0352,1,29.22
cust_104169,28,SaaS,wallet,0.9374,0.0626,1,10.86
cust_104170,126,Edtech,UPI,0.8963,0.1037,0,32.56
cust_104171,92,Financial Services,UPI,0.7044,0.2956,1,0.13
cust_104172,160,Edtech,card,0.9513,0.0487,0,31.39
cust_104173,31,SaaS,UPI,0.2245,0.7755,0,24.25
cust_104174,57,Gaming,UPI,0.3593,0.6407,1,30.99
cust_104175,102,E-commerce,wallet,0.9134,0.0866,0,0.57
cust_104176,7,SaaS,netbanking,0.7588,0.2412,1,9.62
cust_104177,81,Edtech,wallet,0.8162,0.1838,4,17.78
cust_104178,149,E-commerce,wallet,0.7489,0.2511,0,0.89
cust_104179,110,Gaming,card,0.9078,0.0922,0,5.01
cust_104180,110,E-commerce,UPI,0.959,0.041,0,1.43
cust_104181,340,E-commerce,card,0.202,0.798,0,29.51
cust_104182,162,Financial Services,UPI,0.9545,0.0455,0,9.33
cust_104183,73,Edtech,card,0.708,0.292,0,1.67
cust_104184,450,SaaS,UPI,0.9489,0.0511,1,3.99
cust_104185,71,SaaS,UPI,0.7404,0.2596,0,1.71
cust_104186,99,Financial Services,card,0.2885,0.7115,0,35.49
cust_104187,25,Gaming,UPI,0.7475,0.2525,0,6.33
cust_104188,84,SaaS,UPI,0.5486,0.4514,1,1.45
cust_104189,57,SaaS,netbanking,0.7186,0.2814,0,1.15
cust_104190,56,Financial Services,UPI,0.8162,0.1838,0,18.54
cust_104191,69,Gaming,UPI,0.9399,0.0601,1,8.35
cust_104192,37,SaaS,card,0.8315,0.1685,0,5.06
cust_104193,562,Edtech,netbanking,0.4282,0.5718,1,21.2
cust_104194,25,Edtech,UPI,0.8872,0.1128,1,21.39
cust_104195,20,SaaS,card,0.9096,0.0904,0,7.27
cust_104196,265,Gaming,wallet,0.7614,0.2386,0,1.39
cust_104197,17,E-commerce,card,0.7399,0.2601,0,13.22
cust_104198,63,SaaS,card,0.9008,0.0992,1,7.75
cust_104199,12,Edtech,UPI,0.7295,0.2705,0,6.2
cust_104200,278,E-commerce,netbanking,0.9044,0.0956,1,12.63
cust_104201,61,Edtech,UPI,0.9727,0.0273,0,0.74
cust_104202,49,Gaming,UPI,0.8616,0.1384,1,23.27
cust_104203,32,Edtech,UPI,0.7369,0.2631,0,11.16
cust_104204,6,Financial Services,UPI,0.7407,0.2593,0,4.02
cust_104205,150,SaaS,card,0.9239,0.0761,0,22.49
cust_104206,42,SaaS,card,0.9743,0.0257,2,9.57
cust_104207,49,SaaS,card,0.1171,0.8829,0,20.76
cust_104208,233,E-commerce,UPI,0.7903,0.2097,2,6.74
cust_104209,54,Gaming,wallet,0.9402,0.0598,0,8.92
cust_104210,138,E-commerce,netbanking,0.9288,0.0712,1,1.24
cust_104211,57,Gaming,UPI,0.978,0.022,1,14.17
cust_104212,127,Financial Services,card,0.8528,0.1472,0,4.0
cust_104213,18,SaaS,card,0.8835,0.1165,0,12.11
cust_104214,142,Gaming,UPI,0.7944,0.2056,0,3.78
cust_104215,47,E-commerce,card,0.926,0.074,0,17.66
cust_104216,172,Financial Services,UPI,0.8278,0.1722,1,13.79
cust_104217,26,SaaS,UPI,0.7959,0.2041,0,4.56
cust_104218,190,Gaming,card,0.9189,0.0811,1,0.12
cust_104219,145,Financial Services,UPI,0.9701,0.0299,0,7.91
cust_104220,13,E-commerce,card,0.5875,0.4125,0,10.02
cust_104221,216,SaaS,UPI,0.4563,0.5437,1,40.63
cust_104222,28,E-commerce,card,0.786,0.214,0,14.88
cust_104223,112,Financial Services,UPI,0.9631,0.0369,1,2.48
cust_104224,113,Gaming,card,0.9296,0.0704,0,6.67
cust_104225,385,Gaming,card,0.9352,0.0648,0,2.38
cust_104226,446,E-commerce,card,0.7556,0.2444,1,13.54
cust_104227,151,Edtech,UPI,0.9184,0.0816,0,9.87
cust_104228,79,Gaming,netbanking,0.847,0.153,2,6.7
cust_104229,58,Gaming,netbanking,0.7645,0.2355,0,2.83
cust_104230,85,Gaming,UPI,0.7444,0.2556,1,3.02
cust_104231,377,E-commerce,card,0.9405,0.0595,1,18.27
cust_104232,171,E-commerce,card,0.9103,0.0897,1,28.71
cust_104233,62,E-commerce,card,0.9674,0.0326,0,7.77
cust_104234,114,Financial Services,wallet,0.778,0.222,2,47.41
cust_104235,73,Financial Services,netbanking,0.9523,0.0477,0,7.05
cust_104236,406,Financial Services,netbanking,0.831,0.169,1,1.94
cust_104237,154,E-commerce,card,0.784,0.216,0,1.2
cust_104238,14,SaaS,card,0.8556,0.1444,0,6.31
cust_104239,53,Edtech,card,0.9054,0.0946,1,7.25
cust_104240,75,Gaming,UPI,0.7166,0.2834,1,3.0
cust_104241,164,Financial Services,UPI,0.3405,0.6595,1,27.1
cust_104242,6,E-commerce,UPI,0.926,0.074,0,16.97
cust_104243,410,E-commerce,UPI,0.7446,0.2554,1,34.23
cust_104244,200,Financial Services,UPI,0.7541,0.2459,1,0.17
cust_104245,35,Edtech,netbanking,0.5817,0.4183,3,0.1
cust_104246,41,Edtech,UPI,0.3007,0.6993,0,17.47
cust_104247,85,Gaming,netbanking,0.7425,0.2575,1,26.34
cust_104248,84,Financial Services,netbanking,0.2377,0.7623,0,18.25
cust_104249,298,Edtech,UPI,0.1586,0.8414,0,18.99
cust_104250,131,Edtech,wallet,0.9161,0.0839,0,23.01
cust_104251,1,Gaming,UPI,0.8849,0.1151,0,14.16
cust_104252,7,Edtech,card,0.8516,0.1484,0,1.43
cust_104253,178,Gaming,UPI,0.7197,0.2803,0,3.22
cust_104254,107,Edtech,card,0.9659,0.0341,0,2.77
cust_104255,68,SaaS,UPI,0.9495,0.0505,2,4.13
cust_104256,145,SaaS,netbanking,0.8193,0.1807,0,15.35
cust_104257,166,E-commerce,card,0.8936,0.1064,0,13.7
cust_104258,28,Financial Services,card,0.7629,0.2371,1,6.4
cust_104259,26,SaaS,UPI,0.4659,0.5341,1,25.52
cust_104260,19,Gaming,netbanking,0.7676,0.2324,1,9.03
cust_104261,181,Financial Services,card,0.9697,0.0303,1,8.69
cust_104262,142,Financial Services,netbanking,0.1526,0.8474,2,32.76
cust_104263,67,Edtech,UPI,0.9051,0.0949,0,17.05
cust_104264,511,Edtech,UPI,0.7921,0.2079,0,16.9
cust_104265,117,Edtech,wallet,0.7233,0.2767,0,0.74
cust_104266,82,SaaS,UPI,0.836,0.164,0,1.35
cust_104267,31,Gaming,UPI,0.8655,0.1345,1,5.87
cust_104268,275,Edtech,card,0.4905,0.5095,0,27.23
cust_104269,212,Financial Services,netbanking,0.9345,0.0655,0,22.07
cust_104270,92,Financial Services,UPI,0.9437,0.0563,1,23.66
cust_104271,5,Financial Services,UPI,0.1539,0.8461,1,43.39
cust_104272,370,SaaS,netbanking,0.7329,0.2671,0,10.41
cust_104273,245,E-commerce,card,0.8883,0.1117,0,40.32
cust_104274,139,Gaming,wallet,0.8102,0.1898,0,1.5
cust_104275,73,SaaS,UPI,0.9207,0.0793,1,37.34
cust_104276,46,Financial Services,UPI,0.8464,0.1536,0,8.66
cust_104277,8,Financial Services,UPI,0.8759,0.1241,1,2.69
cust_104278,189,Financial Services,UPI,0.7072,0.2928,0,0.23
cust_104279,52,Gaming,card,0.8765,0.1235,0,21.92
cust_104280,289,Edtech,UPI,0.5603,0.4397,1,0.88
cust_104281,1,SaaS,UPI,0.9378,0.0622,0,4.04
cust_104282,218,Edtech,card,0.8912,0.1088,0,13.25
cust_104283,339,Edtech,UPI,0.7696,0.2304,0,6.22
cust_104284,83,Financial Services,card,0.7909,0.2091,0,11.0
cust_104285,125,Edtech,card,0.745,0.255,0,6.48
cust_104286,53,Gaming,UPI,0.8532,0.1468,1,0.14
cust_104287,70,Edtech,netbanking,0.9109,0.0891,1,2.87
cust_104288,76,E-commerce,card,0.9399,0.0601,1,11.85
cust_104289,82,Edtech,UPI,0.8507,0.1493,1,52.38
cust_104290,74,E-commerce,UPI,0.7856,0.2144,1,2.88
cust_104291,53,SaaS,card,0.7876,0.2124,0,0.29
cust_104292,116,Financial Services,UPI,0.9118,0.0882,1,12.34
cust_104293,30,E-commerce,card,0.8981,0.1019,1,0.34
cust_104294,72,Edtech,card,0.8226,0.1774,0,5.29
cust_104295,342,Edtech,UPI,0.9686,0.0314,1,12.65
cust_104296,105,Edtech,card,0.1949,0.8051,1,37.63
cust_104297,142,Edtech,UPI,0.8961,0.1039,1,16.83
cust_104298,60,Gaming,netbanking,0.8568,0.1432,0,1.52
cust_104299,126,E-commerce,UPI,0.8948,0.1052,0,1.87
cust_104300,3,E-commerce,UPI,0.4558,0.5442,0,21.57
cust_104301,84,Financial Services,UPI,0.7408,0.2592,1,4.43
cust_104302,256,Edtech,card,0.8111,0.1889,1,0.01
cust_104303,241,Financial Services,netbanking,0.578,0.422,0,4.69
cust_104304,130,Edtech,card,0.9718,0.0282,1,5.62
cust_104305,13,Edtech,UPI,0.8239,0.1761,0,22.85
cust_104306,90,SaaS,netbanking,0.7434,0.2566,0,2.58
cust_104307,37,Edtech,UPI,0.2122,0.7878,1,17.29
cust_104308,9,E-commerce,UPI,0.7632,0.2368,1,12.95
cust_104309,138,E-commerce,UPI,0.2484,0.7516,0,29.08
cust_104310,154,SaaS,UPI,0.8353,0.1647,0,0.12
cust_104311,41,Financial Services,UPI,0.8543,0.1457,0,5.44
cust_104312,16,Gaming,UPI,0.7521,0.2479,1,27.25
cust_104313,51,Gaming,card,0.8756,0.1244,0,9.63
cust_104314,17,Financial Services,UPI,0.8979,0.1021,1,26.16
cust_104315,49,Edtech,UPI,0.7738,0.2262,0,12.24
cust_104316,101,Edtech,netbanking,0.9591,0.0409,0,12.32
cust_104317,49,E-commerce,UPI,0.8,0.2,0,7.03
cust_104318,18,E-commerce,UPI,0.9317,0.0683,0,5.26
cust_104319,46,E-commerce,UPI,0.8621,0.1379,0,35.14
cust_104320,345,SaaS,UPI,0.9196,0.0804,2,1.25
cust_104321,298,Gaming,card,0.8499,0.1501,2,0.5
cust_104322,26,SaaS,UPI,0.8691,0.1309,0,5.29
cust_104323,16,Edtech,UPI,0.8806,0.1194,0,4.16
cust_104324,76,Gaming,UPI,0.7627,0.2373,0,27.68
cust_104325,14,Edtech,UPI,0.7149,0.2851,1,14.54
cust_104326,30,Gaming,netbanking,0.8655,0.1345,1,1.12
cust_104327,271,SaaS,card,0.748,0.252,1,16.04
cust_104328,18,Gaming,UPI,0.8821,0.1179,0,3.08
cust_104329,130,Edtech,card,0.8978,0.1022,0,10.67
cust_104330,310,SaaS,UPI,0.7183,0.2817,0,4.18
cust_104331,74,Edtech,UPI,0.9653,0.0347,0,0.29
cust_104332,480,SaaS,card,0.8374,0.1626,0,4.84
cust_104333,94,E-commerce,UPI,0.7603,0.2397,0,6.24
cust_104334,39,Financial Services,UPI,0.8952,0.1048,0,18.5
cust_104335,20,Edtech,UPI,0.8596,0.1404,0,38.98
cust_104336,212,Gaming,card,0.7404,0.2596,1,40.91
cust_104337,43,Gaming,UPI,0.8643,0.1357,0,4.75
cust_104338,119,SaaS,UPI,0.7148,0.2852,0,3.23
cust_104339,7,Edtech,netbanking,0.9169,0.0831,2,11.48
cust_104340,99,SaaS,UPI,0.8483,0.1517,0,3.42
cust_104341,266,E-commerce,UPI,0.7697,0.2303,1,12.57
cust_104342,15,Gaming,UPI,0.9771,0.0229,1,3.52
cust_104343,27,E-commerce,UPI,0.5644,0.4356,0,10.28
cust_104344,73,SaaS,card,0.7264,0.2736,0,16.2
cust_104345,184,Financial Services,UPI,0.9657,0.0343,0,0.71
cust_104346,189,Financial Services,card,0.8068,0.1932,1,6.09
cust_104347,25,Financial Services,UPI,0.2716,0.7284,0,15.55
cust_104348,151,SaaS,card,0.7497,0.2503,1,23.36
cust_104349,797,Financial Services,netbanking,0.8399,0.1601,1,8.53
cust_104350,26,E-commerce,card,0.7562,0.2438,2,3.17
cust_104351,139,Edtech,wallet,0.8772,0.1228,0,3.95
cust_104352,94,Edtech,UPI,0.7263,0.2737,0,4.11
cust_104353,241,Edtech,UPI,0.4031,0.5969,0,29.36
cust_104354,368,Gaming,wallet,0.2866,0.7134,0,45.03
cust_104355,5,E-commerce,card,0.5926,0.4074,0,2.87
cust_104356,85,SaaS,UPI,0.2924,0.7076,1,24.84
cust_104357,21,SaaS,UPI,0.8591,0.1409,3,1.8
cust_104358,84,Edtech,UPI,0.9676,0.0324,0,13.21
cust_104359,54,E-commerce,UPI,0.8395,0.1605,0,8.29
cust_104360,156,Gaming,UPI,0.7967,0.2033,0,1.5
cust_104361,296,E-commerce,netbanking,0.8607,0.1393,1,7.7
cust_104362,120,Financial Services,wallet,0.9463,0.0537,2,30.64
cust_104363,114,E-commerce,netbanking,0.928,0.072,0,3.85
cust_104364,75,Financial Services,UPI,0.1194,0.8806,0,34.49
cust_104365,5,Gaming,UPI,0.9222,0.0778,0,5.16
cust_104366,697,SaaS,UPI,0.7873,0.2127,0,24.66
cust_104367,257,Edtech,UPI,0.4415,0.5585,1,29.6
cust_104368,82,Gaming,wallet,0.9521,0.0479,0,2.67
cust_104369,61,Financial Services,UPI,0.7435,0.2565,1,0.46
cust_104370,63,Gaming,UPI,0.9626,0.0374,1,10.1
cust_104371,150,Gaming,card,0.9195,0.0805,0,2.71
cust_104372,249,SaaS,card,0.7183,0.2817,2,17.67
cust_104373,363,E-commerce,UPI,0.767,0.233,0,8.69
cust_104374,48,Financial Services,netbanking,0.8132,0.1868,1,58.6
cust_104375,37,Edtech,card,0.5912,0.4088,0,3.75
cust_104376,22,Financial Services,netbanking,0.9547,0.0453,0,17.43
cust_104377,95,Gaming,UPI,0.3599,0.6401,0,19.81
cust_104378,434,Edtech,UPI,0.8576,0.1424,3,33.19
cust_104379,61,Gaming,UPI,0.9119,0.0881,0,29.06
cust_104380,2,E-commerce,card,0.7379,0.2621,0,3.37
cust_104381,12,E-commerce,netbanking,0.8754,0.1246,0,23.24
cust_104382,140,Financial Services,wallet,0.7231,0.2769,0,10.18
cust_104383,104,SaaS,UPI,0.79,0.21,1,16.16
cust_104384,186,Financial Services,UPI,0.7857,0.2143,0,2.23
cust_104385,106,Edtech,card,0.8957,0.1043,1,0.96
cust_104386,10,Gaming,UPI,0.7527,0.2473,2,22.72
cust_104387,47,SaaS,UPI,0.8645,0.1355,0,19.11
cust_104388,158,Gaming,card,0.8795,0.1205,0,4.78
cust_104389,381,SaaS,UPI,0.7132,0.2868,1,0.4
cust_104390,163,Edtech,UPI,0.7985,0.2015,1,7.65
cust_104391,181,Gaming,card,0.5127,0.4873,0,13.25
cust_104392,107,Financial Services,UPI,0.8467,0.1533,1,20.3
cust_104393,258,E-commerce,UPI,0.8907,0.1093,0,5.37
cust_104394,72,SaaS,netbanking,0.7276,0.2724,1,9.42
cust_104395,660,E-commerce,card,0.8995,0.1005,1,4.31
cust_104396,56,SaaS,card,0.8387,0.1613,0,8.45
cust_104397,150,Gaming,card,0.7044,0.2956,0,1.59
cust_104398,42,Financial Services,card,0.893,0.107,0,8.4
cust_104399,7,Edtech,card,0.2202,0.7798,0,22.65
cust_104400,66,Edtech,UPI,0.9764,0.0236,1,11.44
cust_104401,311,E-commerce,card,0.9346,0.0654,1,6.81
cust_104402,74,SaaS,UPI,0.8677,0.1323,0,4.6
cust_104403,133,Gaming,netbanking,0.9469,0.0531,0,3.97
cust_104404,71,Financial Services,UPI,0.8988,0.1012,1,0.28
cust_104405,149,Edtech,netbanking,0.946,0.054,0,8.7
cust_104406,22,Edtech,UPI,0.7029,0.2971,0,5.63
cust_104407,316,Financial Services,card,0.9359,0.0641,0,3.09
cust_104408,59,E-commerce,card,0.8367,0.1633,0,4.98
cust_104409,100,Gaming,UPI,0.4463,0.5537,0,15.25
cust_104410,35,SaaS,UPI,0.8258,0.1742,0,14.83
cust_104411,152,E-commerce,card,0.1572,0.8428,1,36.63
cust_104412,62,E-commerce,UPI,0.8368,0.1632,0,1.03
cust_104413,446,E-commerce,UPI,0.7469,0.2531,0,3.85
cust_104414,10,Edtech,UPI,0.9002,0.0998,0,3.46
cust_104415,242,Financial Services,UPI,0.7802,0.2198,0,10.38
cust_104416,683,Gaming,UPI,0.9131,0.0869,0,35.7
cust_104417,24,Financial Services,card,0.9475,0.0525,0,26.93
cust_104418,479,SaaS,netbanking,0.8394,0.1606,0,5.17
cust_104419,34,E-commerce,netbanking,0.71,0.29,1,10.69
cust_104420,22,Financial Services,UPI,0.2143,0.7857,0,19.87
cust_104421,54,Financial Services,UPI,0.9135,0.0865,3,7.96
cust_104422,38,SaaS,wallet,0.8723,0.1277,0,11.43
cust_104423,138,Financial Services,netbanking,0.8238,0.1762,0,2.49
cust_104424,132,SaaS,netbanking,0.841,0.159,1,4.49
cust_104425,161,E-commerce,card,0.903,0.097,0,3.45
cust_104426,312,SaaS,card,0.9656,0.0344,1,4.22
cust_104427,250,Edtech,UPI,0.7702,0.2298,0,6.57
cust_104428,167,E-commerce,UPI,0.7562,0.2438,0,26.05
cust_104429,102,SaaS,UPI,0.7429,0.2571,0,67.47
cust_104430,27,Edtech,card,0.7631,0.2369,0,21.68
cust_104431,169,E-commerce,card,0.9019,0.0981,0,21.19
cust_104432,71,SaaS,netbanking,0.7194,0.2806,0,11.85
cust_104433,9,E-commerce,card,0.7806,0.2194,0,4.33
cust_104434,16,E-commerce,UPI,0.5821,0.4179,0,3.98
cust_104435,268,SaaS,UPI,0.1326,0.8674,1,23.94
cust_104436,79,Gaming,wallet,0.8732,0.1268,1,14.92
cust_104437,26,E-commerce,card,0.7901,0.2099,0,4.28
cust_104438,31,SaaS,card,0.1519,0.8481,0,28.91
cust_104439,87,E-commerce,UPI,0.1017,0.8983,1,38.39
cust_104440,102,SaaS,card,0.9152,0.0848,1,1.79
cust_104441,9,SaaS,UPI,0.9134,0.0866,0,61.65
cust_104442,68,SaaS,card,0.7207,0.2793,1,0.6
cust_104443,95,Financial Services,card,0.8805,0.1195,1,22.67
cust_104444,58,Edtech,card,0.8083,0.1917,0,0.54
cust_104445,10,E-commerce,UPI,0.8715,0.1285,0,13.7
cust_104446,23,Edtech,card,0.8783,0.1217,0,15.95
cust_104447,193,Financial Services,card,0.7429,0.2571,0,3.35
cust_104448,199,Gaming,UPI,0.7627,0.2373,0,2.03
cust_104449,135,Edtech,card,0.7488,0.2512,0,5.37
cust_104450,13,Financial Services,netbanking,0.9469,0.0531,0,5.23
cust_104451,107,Edtech,UPI,0.8209,0.1791,0,5.2
cust_104452,31,Edtech,UPI,0.33,0.67,1,21.61
cust_104453,141,Gaming,wallet,0.9765,0.0235,0,17.93
cust_104454,106,E-commerce,UPI,0.7988,0.2012,0,6.58
cust_104455,141,Financial Services,UPI,0.817,0.183,0,11.54
cust_104456,72,Financial Services,netbanking,0.8088,0.1912,1,36.09
cust_104457,10,Edtech,UPI,0.8863,0.1137,0,9.19
cust_104458,120,E-commerce,UPI,0.7577,0.2423,0,1.87
cust_104459,230,E-commerce,netbanking,0.8591,0.1409,1,9.11
cust_104460,28,Gaming,UPI,0.8297,0.1703,1,0.19
cust_104461,369,Financial Services,netbanking,0.7859,0.2141,0,9.58
cust_104462,309,Financial Services,UPI,0.1543,0.8457,0,21.09
cust_104463,64,Financial Services,netbanking,0.9332,0.0668,0,0.66
cust_104464,9,Gaming,UPI,0.7558,0.2442,0,12.67
cust_104465,28,Edtech,card,0.7439,0.2561,1,9.18
cust_104466,139,Financial Services,UPI,0.8209,0.1791,0,9.65
cust_104467,458,Financial Services,UPI,0.2032,0.7968,0,21.24
cust_104468,10,Gaming,card,0.7765,0.2235,0,1.29
cust_104469,76,Gaming,UPI,0.8795,0.1205,0,1.12
cust_104470,3,Gaming,netbanking,0.7554,0.2446,1,7.75
cust_104471,40,Financial Services,UPI,0.7688,0.2312,0,3.13
cust_104472,145,E-commerce,UPI,0.8363,0.1637,0,14.6
cust_104473,132,Gaming,UPI,0.8715,0.1285,0,6.88
cust_104474,69,SaaS,UPI,0.9203,0.0797,0,7.52
cust_104475,142,SaaS,card,0.5601,0.4399,0,5.34
cust_104476,57,SaaS,card,0.7252,0.2748,0,22.04
cust_104477,144,Edtech,netbanking,0.7422,0.2578,2,33.12
cust_104478,21,E-commerce,UPI,0.7185,0.2815,0,41.04
cust_104479,65,Gaming,UPI,0.8634,0.1366,0,10.46
cust_104480,46,Financial Services,card,0.897,0.103,2,3.96
cust_104481,56,Edtech,UPI,0.9247,0.0753,0,14.35
cust_104482,55,E-commerce,netbanking,0.7426,0.2574,1,44.66
cust_104483,149,Financial Services,card,0.5551,0.4449,0,7.31
cust_104484,48,Financial Services,card,0.8546,0.1454,0,9.71
cust_104485,39,Financial Services,UPI,0.7787,0.2213,0,8.64
cust_104486,67,E-commerce,UPI,0.8859,0.1141,1,1.23
cust_104487,86,E-commerce,UPI,0.7272,0.2728,0,9.34
cust_104488,199,SaaS,card,0.2905,0.7095,0,34.83
cust_104489,51,Financial Services,netbanking,0.9148,0.0852,0,6.66
cust_104490,110,Gaming,UPI,0.929,0.071,1,0.18
cust_104491,113,Financial Services,UPI,0.7509,0.2491,0,54.6
cust_104492,273,SaaS,UPI,0.965,0.035,0,3.81
cust_104493,180,Gaming,netbanking,0.7951,0.2049,0,16.38
cust_104494,83,SaaS,UPI,0.7193,0.2807,1,6.3
cust_104495,134,E-commerce,UPI,0.8897,0.1103,0,26.89
cust_104496,137,E-commerce,netbanking,0.5675,0.4325,0,7.85
cust_104497,427,E-commerce,UPI,0.7898,0.2102,0,7.15
cust_104498,59,SaaS,UPI,0.9754,0.0246,2,14.9
cust_104499,236,Financial Services,card,0.5455,0.4545,0,1.72
cust_104500,9,Financial Services,UPI,0.8023,0.1977,0,4.98
cust_104501,34,Edtech,UPI,0.7785,0.2215,0,3.19
cust_104502,191,Gaming,UPI,0.7066,0.2934,2,13.23
cust_104503,326,Edtech,UPI,0.7146,0.2854,2,4.48
cust_104504,95,E-commerce,card,0.7737,0.2263,0,12.21
cust_104505,11,Financial Services,UPI,0.7764,0.2236,0,3.02
cust_104506,23,Financial Services,UPI,0.7932,0.2068,0,6.8
cust_104507,8,SaaS,netbanking,0.5891,0.4109,1,1.9
cust_104508,112,Gaming,card,0.3868,0.6132,2,34.03
cust_104509,21,Edtech,UPI,0.9533,0.0467,1,1.23
cust_104510,164,Financial Services,UPI,0.8947,0.1053,0,24.94
cust_104511,46,Edtech,UPI,0.794,0.206,0,1.4
cust_104512,8,Gaming,UPI,0.9196,0.0804,0,3.87
cust_104513,148,Financial Services,netbanking,0.7371,0.2629,1,1.08
cust_104514,149,Edtech,UPI,0.8547,0.1453,0,18.48
cust_104515,50,Financial Services,UPI,0.7233,0.2767,2,4.38
cust_104516,104,Financial Services,card,0.7237,0.2763,0,9.0
cust_104517,367,Edtech,UPI,0.9508,0.0492,2,14.03
cust_104518,33,SaaS,card,0.9257,0.0743,1,12.58
cust_104519,201,SaaS,UPI,0.7496,0.2504,0,0.96
cust_104520,103,SaaS,wallet,0.9244,0.0756,1,7.69
cust_104521,40,SaaS,UPI,0.7027,0.2973,0,6.23
cust_104522,89,SaaS,wallet,0.7955,0.2045,0,9.31
cust_104523,17,Gaming,wallet,0.3914,0.6086,2,21.97
cust_104524,89,Financial Services,UPI,0.7927,0.2073,1,1.79
cust_104525,11,SaaS,card,0.7157,0.2843,0,9.78
cust_104526,143,E-commerce,UPI,0.9089,0.0911,1,20.33
cust_104527,173,SaaS,netbanking,0.9011,0.0989,0,2.79
cust_104528,12,SaaS,UPI,0.4958,0.5042,1,33.95
cust_104529,48,E-commerce,UPI,0.9008,0.0992,1,15.6
cust_104530,33,Financial Services,netbanking,0.8482,0.1518,0,14.24
cust_104531,12,Financial Services,UPI,0.8983,0.1017,2,3.62
cust_104532,71,Financial Services,UPI,0.7521,0.2479,1,4.26
cust_104533,131,Edtech,UPI,0.8657,0.1343,2,12.36
cust_104534,32,SaaS,UPI,0.8421,0.1579,0,1.46
cust_104535,47,SaaS,UPI,0.7554,0.2446,1,35.82
cust_104536,110,E-commerce,UPI,0.8611,0.1389,0,3.85
cust_104537,48,E-commerce,card,0.8968,0.1032,0,4.87
cust_104538,20,SaaS,UPI,0.9376,0.0624,0,1.14
cust_104539,185,E-commerce,UPI,0.8779,0.1221,1,0.76
cust_104540,202,Gaming,card,0.8154,0.1846,0,22.51
cust_104541,6,Edtech,UPI,0.7703,0.2297,1,3.41
cust_104542,8,Edtech,netbanking,0.8486,0.1514,0,2.18
cust_104543,88,Edtech,netbanking,0.7452,0.2548,0,14.52
cust_104544,102,SaaS,UPI,0.2721,0.7279,2,16.55
cust_104545,293,SaaS,card,0.929,0.071,0,8.52
cust_104546,165,SaaS,card,0.9516,0.0484,1,3.47
cust_104547,123,Financial Services,UPI,0.4721,0.5279,0,20.45
cust_104548,20,SaaS,UPI,0.916,0.084,1,6.8
cust_104549,22,Edtech,UPI,0.8695,0.1305,1,11.92
cust_104550,85,SaaS,UPI,0.9036,0.0964,1,7.44
cust_104551,29,Edtech,UPI,0.9078,0.0922,0,6.92
cust_104552,148,Financial Services,card,0.7841,0.2159,1,9.99
cust_104553,104,Financial Services,UPI,0.9797,0.0203,0,29.42
cust_104554,26,E-commerce,netbanking,0.7478,0.2522,0,3.69
cust_104555,41,Edtech,card,0.9464,0.0536,0,21.4
cust_104556,212,Edtech,card,0.937,0.063,0,27.02
cust_104557,214,Financial Services,UPI,0.9517,0.0483,1,8.87
cust_104558,49,Financial Services,UPI,0.9066,0.0934,0,4.42
cust_104559,143,Financial Services,wallet,0.7069,0.2931,1,9.33
cust_104560,25,E-commerce,card,0.8068,0.1932,0,3.35
cust_104561,133,E-commerce,UPI,0.7039,0.2961,0,17.83
cust_104562,45,E-commerce,UPI,0.9649,0.0351,0,2.9
cust_104563,24,E-commerce,card,0.2956,0.7044,0,31.33
cust_104564,23,E-commerce,UPI,0.7554,0.2446,1,9.19
cust_104565,311,Financial Services,UPI,0.785,0.215,0,21.54
cust_104566,10,Gaming,UPI,0.7532,0.2468,0,10.02
cust_104567,37,Gaming,UPI,0.8212,0.1788,0,9.51
cust_104568,35,E-commerce,UPI,0.8864,0.1136,0,29.14
cust_104569,135,Edtech,card,0.7187,0.2813,0,3.18
cust_104570,73,Edtech,netbanking,0.8702,0.1298,0,18.76
cust_104571,539,E-commerce,UPI,0.9641,0.0359,0,1.62
cust_104572,59,E-commerce,UPI,0.7036,0.2964,1,3.79
cust_104573,25,Edtech,netbanking,0.7948,0.2052,0,24.31
cust_104574,431,Edtech,UPI,0.8201,0.1799,0,2.15
cust_104575,31,SaaS,card,0.8483,0.1517,0,0.53
cust_104576,113,Edtech,card,0.926,0.074,0,4.65
cust_104577,197,E-commerce,card,0.9717,0.0283,0,15.95
cust_104578,368,SaaS,UPI,0.285,0.715,0,21.68
cust_104579,20,E-commerce,netbanking,0.7913,0.2087,0,15.28
cust_104580,134,E-commerce,card,0.9527,0.0473,0,2.49
cust_104581,6,Financial Services,UPI,0.8554,0.1446,0,17.91
cust_104582,55,Gaming,card,0.8955,0.1045,0,15.37
cust_104583,449,E-commerce,UPI,0.9188,0.0812,1,17.0
cust_104584,127,Gaming,UPI,0.7641,0.2359,0,0.73
cust_104585,93,Gaming,wallet,0.9277,0.0723,1,17.56
cust_104586,176,E-commerce,UPI,0.8315,0.1685,0,1.26
cust_104587,252,SaaS,netbanking,0.9466,0.0534,0,3.36
cust_104588,189,Financial Services,netbanking,0.8746,0.1254,1,2.78
cust_104589,90,SaaS,UPI,0.8296,0.1704,1,17.94
cust_104590,58,Edtech,netbanking,0.2948,0.7052,0,20.8
cust_104591,115,E-commerce,UPI,0.7773,0.2227,1,7.09
cust_104592,220,E-commerce,netbanking,0.9178,0.0822,0,26.21
cust_104593,9,Financial Services,UPI,0.8773,0.1227,0,4.37
cust_104594,75,Edtech,UPI,0.8738,0.1262,0,17.3
cust_104595,109,Gaming,wallet,0.2364,0.7636,1,18.07
cust_104596,50,Edtech,netbanking,0.788,0.212,0,2.62
cust_104597,283,Gaming,card,0.927,0.073,0,2.47
cust_104598,239,E-commerce,netbanking,0.8673,0.1327,0,5.46
cust_104599,216,SaaS,card,0.717,0.283,1,24.25
cust_104600,48,E-commerce,UPI,0.8412,0.1588,1,19.28
cust_104601,11,E-commerce,netbanking,0.8184,0.1816,0,10.64
cust_104602,5,SaaS,card,0.7572,0.2428,1,2.43
cust_104603,93,Edtech,netbanking,0.4258,0.5742,0,17.91
cust_104604,40,Financial Services,netbanking,0.3325,0.6675,0,15.04
cust_104605,183,E-commerce,card,0.807,0.193,0,41.93
cust_104606,113,E-commerce,card,0.9124,0.0876,0,22.89
cust_104607,34,SaaS,UPI,0.8277,0.1723,0,14.23
cust_104608,109,E-commerce,card,0.8269,0.1731,0,10.53
cust_104609,175,E-commerce,UPI,0.7904,0.2096,1,14.19
cust_104610,5,SaaS,card,0.5339,0.4661,2,5.82
cust_104611,8,Gaming,netbanking,0.7397,0.2603,0,4.86
cust_104612,15,Financial Services,netbanking,0.8761,0.1239,0,3.33
cust_104613,52,Edtech,UPI,0.7915,0.2085,0,26.59
cust_104614,234,SaaS,UPI,0.7907,0.2093,1,2.91
cust_104615,492,Gaming,UPI,0.3559,0.6441,0,60.75
cust_104616,18,E-commerce,card,0.9595,0.0405,1,0.03
cust_104617,57,E-commerce,UPI,0.8464,0.1536,0,15.61
cust_104618,70,E-commerce,UPI,0.2802,0.7198,0,23.72
cust_104619,233,Edtech,UPI,0.8155,0.1845,1,3.57
cust_104620,42,SaaS,UPI,0.8526,0.1474,0,2.62
cust_104621,304,Gaming,card,0.9211,0.0789,1,4.19
cust_104622,3,E-commerce,UPI,0.7251,0.2749,1,5.73
cust_104623,16,E-commerce,UPI,0.7323,0.2677,1,13.35
cust_104624,52,Edtech,netbanking,0.7158,0.2842,1,5.56
cust_104625,302,Gaming,card,0.4215,0.5785,1,17.53
cust_104626,155,E-commerce,card,0.7118,0.2882,0,9.78
cust_104627,29,E-commerce,card,0.9672,0.0328,2,5.21
cust_104628,199,E-commerce,card,0.7904,0.2096,0,26.12
cust_104629,93,Financial Services,card,0.4828,0.5172,0,15.72
cust_104630,1,Financial Services,netbanking,0.4574,0.5426,0,21.32
cust_104631,225,Financial Services,card,0.7112,0.2888,0,3.52
cust_104632,216,Gaming,UPI,0.2148,0.7852,0,17.13
cust_104633,38,Financial Services,UPI,0.4509,0.5491,1,26.29
cust_104634,12,Gaming,UPI,0.8426,0.1574,0,25.5
cust_104635,236,E-commerce,wallet,0.7426,0.2574,0,11.26
cust_104636,118,SaaS,card,0.9084,0.0916,0,7.85
cust_104637,59,Edtech,UPI,0.8048,0.1952,0,1.37
cust_104638,54,Financial Services,UPI,0.7564,0.2436,1,2.99
cust_104639,267,Gaming,UPI,0.7548,0.2452,0,4.85
cust_104640,15,Edtech,UPI,0.8821,0.1179,0,5.77
cust_104641,198,Financial Services,card,0.4017,0.5983,0,17.24
cust_104642,51,Gaming,netbanking,0.7573,0.2427,0,19.51
cust_104643,80,SaaS,netbanking,0.5023,0.4977,0,4.14
cust_104644,168,E-commerce,card,0.8597,0.1403,0,36.07
cust_104645,11,Edtech,UPI,0.8888,0.1112,0,12.83
cust_104646,389,Gaming,UPI,0.8011,0.1989,0,9.24
cust_104647,42,SaaS,UPI,0.7643,0.2357,0,0.67
cust_104648,80,Edtech,UPI,0.7067,0.2933,1,2.05
cust_104649,28,SaaS,UPI,0.7507,0.2493,0,10.71
cust_104650,623,Edtech,card,0.9651,0.0349,0,5.28
cust_104651,45,Financial Services,netbanking,0.8282,0.1718,1,3.43
cust_104652,177,Financial Services,UPI,0.7463,0.2537,1,1.33
cust_104653,452,Financial Services,wallet,0.8671,0.1329,1,2.82
cust_104654,105,E-commerce,UPI,0.1536,0.8464,0,20.51
cust_104655,131,SaaS,UPI,0.8734,0.1266,0,0.18
cust_104656,167,SaaS,card,0.9604,0.0396,0,33.45
cust_104657,3,Edtech,card,0.904,0.096,1,0.35
cust_104658,285,E-commerce,netbanking,0.284,0.716,0,21.58
cust_104659,6,E-commerce,card,0.9077,0.0923,0,14.82
cust_104660,63,Edtech,card,0.3087,0.6913,0,16.43
cust_104661,19,SaaS,UPI,0.7098,0.2902,0,15.8
cust_104662,114,SaaS,card,0.7736,0.2264,1,4.49
cust_104663,46,E-commerce,card,0.4184,0.5816,0,15.13
cust_104664,109,SaaS,netbanking,0.961,0.039,0,15.27
cust_104665,135,E-commerce,UPI,0.143,0.857,1,17.55
cust_104666,50,E-commerce,UPI,0.9482,0.0518,0,21.63
cust_104667,51,Gaming,UPI,0.7063,0.2937,1,7.67
cust_104668,237,Gaming,UPI,0.9048,0.0952,1,1.97
cust_104669,63,E-commerce,UPI,0.8113,0.1887,3,33.25
cust_104670,141,Financial Services,UPI,0.3487,0.6513,1,16.58
cust_104671,213,Financial Services,card,0.9724,0.0276,0,6.94
cust_104672,283,Gaming,card,0.8839,0.1161,0,1.28
cust_104673,42,Edtech,wallet,0.9013,0.0987,0,6.38
cust_104674,83,E-commerce,netbanking,0.7068,0.2932,0,11.83
cust_104675,60,Edtech,UPI,0.7527,0.2473,4,11.54
cust_104676,224,Financial Services,card,0.9788,0.0212,0,4.96
cust_104677,427,SaaS,UPI,0.9339,0.0661,1,4.07
cust_104678,52,Financial Services,UPI,0.8968,0.1032,0,2.15
cust_104679,219,E-commerce,UPI,0.9079,0.0921,0,0.1
cust_104680,143,Edtech,card,0.8675,0.1325,0,4.69
cust_104681,29,Financial Services,card,0.8525,0.1475,1,6.67
cust_104682,35,Edtech,UPI,0.804,0.196,1,2.44
cust_104683,45,Gaming,wallet,0.7898,0.2102,2,9.78
cust_104684,57,Edtech,UPI,0.8625,0.1375,0,9.01
cust_104685,41,Edtech,netbanking,0.7973,0.2027,0,4.57
cust_104686,17,Edtech,UPI,0.4363,0.5637,0,18.18
cust_104687,62,Financial Services,UPI,0.8142,0.1858,0,3.22
cust_104688,89,Financial Services,card,0.2266,0.7734,0,32.73
cust_104689,95,E-commerce,UPI,0.8004,0.1996,3,4.75
cust_104690,40,Financial Services,card,0.851,0.149,1,21.34
cust_104691,48,E-commerce,UPI,0.7962,0.2038,3,5.95
cust_104692,91,E-commerce,netbanking,0.8513,0.1487,0,2.95
cust_104693,69,E-commerce,card,0.8606,0.1394,0,13.62
cust_104694,14,E-commerce,UPI,0.811,0.189,1,18.45
cust_104695,51,Financial Services,wallet,0.9773,0.0227,0,0.39
cust_104696,248,Gaming,card,0.1519,0.8481,0,56.83
cust_104697,84,SaaS,wallet,0.8541,0.1459,0,6.38
cust_104698,72,E-commerce,UPI,0.8915,0.1085,0,6.02
cust_104699,5,Edtech,UPI,0.7911,0.2089,0,20.21
cust_104700,110,Edtech,card,0.8106,0.1894,1,40.52
cust_104701,45,Financial Services,UPI,0.7983,0.2017,0,6.36
cust_104702,271,Financial Services,card,0.9766,0.0234,0,13.57
cust_104703,85,E-commerce,UPI,0.827,0.173,0,24.24
cust_104704,222,E-commerce,card,0.9501,0.0499,0,0.91
cust_104705,77,Gaming,card,0.8387,0.1613,0,2.68
cust_104706,322,SaaS,netbanking,0.7858,0.2142,0,1.47
cust_104707,19,Financial Services,UPI,0.7586,0.2414,0,1.23
cust_104708,222,SaaS,wallet,0.7535,0.2465,0,6.05
cust_104709,150,SaaS,netbanking,0.1605,0.8395,1,16.85
cust_104710,169,E-commerce,card,0.8905,0.1095,0,6.97
cust_104711,183,SaaS,UPI,0.9663,0.0337,1,15.24
cust_104712,115,Financial Services,UPI,0.8852,0.1148,1,27.17
cust_104713,56,SaaS,card,0.7841,0.2159,0,7.45
cust_104714,266,Financial Services,UPI,0.7851,0.2149,0,7.73
cust_104715,24,Gaming,netbanking,0.834,0.166,0,6.5
cust_104716,203,Gaming,UPI,0.8902,0.1098,0,0.03
cust_104717,55,SaaS,UPI,0.7984,0.2016,1,3.59
cust_104718,76,Edtech,UPI,0.9411,0.0589,1,20.06
cust_104719,86,Financial Services,card,0.9155,0.0845,0,34.02
cust_104720,40,Financial Services,card,0.8737,0.1263,2,46.43
cust_104721,146,Edtech,UPI,0.8918,0.1082,0,4.07
cust_104722,51,SaaS,card,0.9696,0.0304,0,0.39
cust_104723,252,SaaS,UPI,0.8522,0.1478,4,7.61
cust_104724,31,SaaS,UPI,0.9326,0.0674,0,0.42
cust_104725,419,SaaS,netbanking,0.9097,0.0903,0,7.24
cust_104726,76,E-commerce,netbanking,0.8314,0.1686,1,5.92
cust_104727,68,Edtech,wallet,0.9176,0.0824,0,0.94
cust_104728,256,Financial Services,netbanking,0.815,0.185,1,10.78
cust_104729,100,SaaS,UPI,0.8662,0.1338,0,0.14
cust_104730,48,SaaS,netbanking,0.8244,0.1756,0,28.11
cust_104731,35,Gaming,UPI,0.7769,0.2231,0,14.34
cust_104732,84,Gaming,netbanking,0.959,0.041,0,25.54
cust_104733,27,SaaS,netbanking,0.7329,0.2671,0,17.88
cust_104734,134,Gaming,UPI,0.9526,0.0474,1,2.8
cust_104735,202,Edtech,UPI,0.7111,0.2889,0,7.01
cust_104736,213,Gaming,UPI,0.7307,0.2693,0,12.42
cust_104737,237,E-commerce,netbanking,0.7215,0.2785,1,5.68
cust_104738,15,Financial Services,card,0.7016,0.2984,2,6.86
cust_104739,115,E-commerce,card,0.7123,0.2877,1,2.53
cust_104740,343,E-commerce,card,0.9424,0.0576,0,3.89
cust_104741,307,Gaming,netbanking,0.764,0.236,0,0.39
cust_104742,6,Financial Services,UPI,0.9655,0.0345,0,8.78
cust_104743,121,SaaS,card,0.1696,0.8304,0,16.11
cust_104744,54,Gaming,UPI,0.8227,0.1773,0,10.24
cust_104745,203,Edtech,card,0.8204,0.1796,1,13.29
cust_104746,39,Gaming,wallet,0.8031,0.1969,0,2.41
cust_104747,41,Gaming,wallet,0.3368,0.6632,2,22.34
cust_104748,424,Edtech,card,0.8966,0.1034,1,4.06
cust_104749,232,SaaS,UPI,0.2314,0.7686,1,41.09
cust_104750,50,Edtech,card,0.842,0.158,0,9.86
cust_104751,85,E-commerce,wallet,0.9451,0.0549,1,24.04
cust_104752,42,SaaS,UPI,0.1432,0.8568,0,38.02
cust_104753,41,E-commerce,UPI,0.8249,0.1751,2,14.67
cust_104754,294,Gaming,UPI,0.7736,0.2264,1,11.06
cust_104755,82,SaaS,card,0.8838,0.1162,0,14.38
cust_104756,5,Gaming,UPI,0.8567,0.1433,0,17.35
cust_104757,46,E-commerce,UPI,0.7841,0.2159,0,14.81
cust_104758,79,Financial Services,card,0.13,0.87,0,17.13
cust_104759,97,SaaS,netbanking,0.433,0.567,0,15.44
cust_104760,21,Gaming,card,0.7849,0.2151,0,17.46
cust_104761,9,E-commerce,UPI,0.7682,0.2318,0,9.85
cust_104762,139,Financial Services,UPI,0.7528,0.2472,1,12.49
cust_104763,90,Financial Services,UPI,0.76,0.24,2,8.88
cust_104764,36,E-commerce,card,0.8774,0.1226,0,18.58
cust_104765,30,Gaming,UPI,0.7199,0.2801,0,2.12
cust_104766,86,E-commerce,UPI,0.7407,0.2593,1,12.27
cust_104767,104,SaaS,wallet,0.9772,0.0228,2,4.89
cust_104768,168,SaaS,wallet,0.7692,0.2308,0,7.72
cust_104769,30,Financial Services,card,0.8013,0.1987,0,8.57
cust_104770,97,E-commerce,wallet,0.8138,0.1862,0,18.72
cust_104771,47,Financial Services,UPI,0.2602,0.7398,0,18.27
cust_104772,58,Financial Services,card,0.4358,0.5642,0,25.12
cust_104773,53,Edtech,UPI,0.8698,0.1302,0,1.43
cust_104774,36,E-commerce,UPI,0.7357,0.2643,0,2.79
cust_104775,3,Gaming,UPI,0.8427,0.1573,0,0.63
cust_104776,69,Financial Services,netbanking,0.9115,0.0885,1,25.88
cust_104777,48,E-commerce,UPI,0.846,0.154,2,10.98
cust_104778,134,Financial Services,UPI,0.8212,0.1788,0,6.34
cust_104779,292,SaaS,UPI,0.8573,0.1427,1,6.51
cust_104780,122,E-commerce,card,0.7112,0.2888,0,5.42
cust_104781,106,Edtech,UPI,0.8301,0.1699,0,10.9
cust_104782,89,Edtech,UPI,0.8499,0.1501,0,24.38
cust_104783,2,Edtech,card,0.9395,0.0605,0,0.06
cust_104784,20,Financial Services,UPI,0.8081,0.1919,1,9.83
cust_104785,64,Gaming,UPI,0.9586,0.0414,0,15.97
cust_104786,215,Gaming,netbanking,0.92,0.08,0,15.77
cust_104787,29,E-commerce,card,0.7255,0.2745,1,5.8
cust_104788,126,Financial Services,card,0.8492,0.1508,0,35.82
cust_104789,115,Gaming,UPI,0.7704,0.2296,0,15.29
cust_104790,10,Edtech,UPI,0.9449,0.0551,0,9.25
cust_104791,140,Gaming,UPI,0.7877,0.2123,2,12.14
cust_104792,317,Edtech,card,0.8585,0.1415,1,7.66
cust_104793,100,Edtech,card,0.7537,0.2463,1,0.67
cust_104794,10,Edtech,card,0.8152,0.1848,0,9.74
cust_104795,48,Edtech,UPI,0.8875,0.1125,0,20.11
cust_104796,106,E-commerce,netbanking,0.9494,0.0506,0,1.32
cust_104797,23,E-commerce,wallet,0.8927,0.1073,1,12.17
cust_104798,64,E-commerce,UPI,0.8012,0.1988,0,18.32
cust_104799,8,Gaming,UPI,0.7573,0.2427,0,1.75
cust_104800,86,Financial Services,UPI,0.7486,0.2514,0,27.13
cust_104801,45,Edtech,UPI,0.7576,0.2424,0,8.25
cust_104802,199,Edtech,UPI,0.8813,0.1187,1,12.82
cust_104803,11,Financial Services,UPI,0.8097,0.1903,0,19.89
cust_104804,106,Edtech,UPI,0.8285,0.1715,0,12.03
cust_104805,154,Edtech,UPI,0.403,0.597,0,20.25
cust_104806,105,Edtech,card,0.2883,0.7117,1,16.18
cust_104807,138,Gaming,wallet,0.7009,0.2991,2,13.89
cust_104808,229,E-commerce,card,0.7713,0.2287,0,30.76
cust_104809,72,Financial Services,UPI,0.9774,0.0226,0,10.43
cust_104810,70,Gaming,UPI,0.8431,0.1569,1,12.92
cust_104811,28,Financial Services,card,0.7143,0.2857,0,3.64
cust_104812,62,Financial Services,netbanking,0.8371,0.1629,0,0.11
cust_104813,53,SaaS,UPI,0.8083,0.1917,2,2.05
cust_104814,22,SaaS,card,0.1615,0.8385,0,16.36
cust_104815,93,SaaS,UPI,0.1351,0.8649,0,19.46
cust_104816,39,SaaS,card,0.7752,0.2248,1,4.66
cust_104817,323,SaaS,netbanking,0.8923,0.1077,0,12.0
cust_104818,12,E-commerce,card,0.4301,0.5699,1,21.9
cust_104819,25,SaaS,card,0.2688,0.7312,0,25.55
cust_104820,4,Gaming,card,0.7796,0.2204,0,2.33
cust_104821,29,E-commerce,UPI,0.8731,0.1269,1,18.69
cust_104822,43,Gaming,netbanking,0.9598,0.0402,1,1.0
cust_104823,36,Edtech,wallet,0.7425,0.2575,0,4.0
cust_104824,26,Gaming,netbanking,0.9135,0.0865,0,4.01
cust_104825,65,E-commerce,UPI,0.931,0.069,0,7.01
cust_104826,203,E-commerce,netbanking,0.7049,0.2951,1,16.08
cust_104827,16,E-commerce,UPI,0.4702,0.5298,2,35.79
cust_104828,546,Edtech,card,0.7349,0.2651,0,14.04
cust_104829,32,E-commerce,UPI,0.7619,0.2381,1,1.45
cust_104830,46,Financial Services,UPI,0.9497,0.0503,2,34.7
cust_104831,281,E-commerce,card,0.7009,0.2991,1,2.62
cust_104832,32,Edtech,card,0.9411,0.0589,0,10.76
cust_104833,140,Financial Services,UPI,0.765,0.235,0,7.61
cust_104834,26,SaaS,card,0.8244,0.1756,0,8.81
cust_104835,44,E-commerce,card,0.8077,0.1923,3,2.15
cust_104836,138,Gaming,netbanking,0.7064,0.2936,0,2.96
cust_104837,20,Edtech,card,0.8885,0.1115,0,0.65
cust_104838,250,Financial Services,card,0.8467,0.1533,0,4.22
cust_104839,42,Edtech,UPI,0.3538,0.6462,0,22.94
cust_104840,179,Financial Services,card,0.8698,0.1302,0,7.52
cust_104841,221,Edtech,UPI,0.1387,0.8613,0,23.12
cust_104842,123,Financial Services,UPI,0.8131,0.1869,1,25.68
cust_104843,23,E-commerce,card,0.8134,0.1866,0,8.33
cust_104844,97,E-commerce,UPI,0.9516,0.0484,1,7.34
cust_104845,30,Financial Services,card,0.8315,0.1685,0,17.81
cust_104846,219,SaaS,netbanking,0.8577,0.1423,0,9.95
cust_104847,2,SaaS,netbanking,0.924,0.076,1,13.12
cust_104848,12,Financial Services,card,0.8007,0.1993,0,35.98
cust_104849,234,SaaS,card,0.9028,0.0972,1,23.11
cust_104850,48,Financial Services,card,0.2275,0.7725,1,19.48
cust_104851,3,E-commerce,wallet,0.9552,0.0448,0,7.83
cust_104852,188,Edtech,UPI,0.7472,0.2528,0,9.35
cust_104853,21,Gaming,card,0.8677,0.1323,0,2.37
cust_104854,99,E-commerce,UPI,0.9742,0.0258,2,4.45
cust_104855,48,Edtech,UPI,0.2143,0.7857,0,31.35
cust_104856,45,E-commerce,UPI,0.4477,0.5523,0,15.72
cust_104857,145,SaaS,card,0.8471,0.1529,0,3.57
cust_104858,283,Edtech,UPI,0.7821,0.2179,1,21.25
cust_104859,157,Financial Services,UPI,0.9565,0.0435,1,0.33
cust_104860,18,E-commerce,card,0.7467,0.2533,0,13.73
cust_104861,153,SaaS,card,0.7258,0.2742,1,3.02
cust_104862,293,SaaS,UPI,0.9193,0.0807,0,13.05
cust_104863,67,E-commerce,UPI,0.8317,0.1683,0,10.46
cust_104864,402,Financial Services,card,0.7661,0.2339,0,3.83
cust_104865,36,E-commerce,UPI,0.7216,0.2784,0,5.96
cust_104866,27,SaaS,UPI,0.9193,0.0807,1,27.61
cust_104867,116,Gaming,UPI,0.3313,0.6687,1,26.08
cust_104868,182,Edtech,card,0.7428,0.2572,2,3.03
cust_104869,311,E-commerce,UPI,0.7024,0.2976,1,1.39
cust_104870,211,E-commerce,UPI,0.8437,0.1563,1,21.6
cust_104871,142,SaaS,card,0.9506,0.0494,0,0.61
cust_104872,213,Financial Services,UPI,0.1242,0.8758,0,24.17
cust_104873,79,E-commerce,UPI,0.7677,0.2323,0,1.32
cust_104874,239,Gaming,UPI,0.8607,0.1393,1,1.17
cust_104875,104,Edtech,UPI,0.8274,0.1726,0,19.01
cust_104876,6,SaaS,card,0.7454,0.2546,0,1.74
cust_104877,24,Gaming,netbanking,0.7188,0.2812,0,20.16
cust_104878,95,Financial Services,UPI,0.2436,0.7564,0,32.01
cust_104879,156,Gaming,UPI,0.8897,0.1103,1,24.07
cust_104880,225,Financial Services,card,0.9033,0.0967,1,11.24
cust_104881,99,Gaming,UPI,0.8813,0.1187,0,2.98
cust_104882,70,Gaming,UPI,0.8695,0.1305,0,3.88
cust_104883,230,Financial Services,UPI,0.8466,0.1534,1,5.52
cust_104884,15,Financial Services,UPI,0.9402,0.0598,0,9.35
cust_104885,29,E-commerce,UPI,0.7579,0.2421,1,0.19
cust_104886,127,Gaming,UPI,0.9357,0.0643,1,6.36
cust_104887,68,SaaS,card,0.8155,0.1845,0,26.6
cust_104888,118,Financial Services,UPI,0.7067,0.2933,0,1.43
cust_104889,3,Financial Services,card,0.7045,0.2955,0,8.76
cust_104890,25,Financial Services,card,0.9101,0.0899,0,9.4
cust_104891,97,Financial Services,card,0.9213,0.0787,4,31.33
cust_104892,243,E-commerce,card,0.7846,0.2154,0,0.5
cust_104893,219,E-commerce,UPI,0.5503,0.4497,1,5.07
cust_104894,145,Financial Services,netbanking,0.8118,0.1882,0,19.77
cust_104895,190,Financial Services,UPI,0.7573,0.2427,0,0.48
cust_104896,2,E-commerce,UPI,0.7144,0.2856,0,2.16
cust_104897,226,E-commerce,card,0.9584,0.0416,0,2.08
cust_104898,212,Edtech,netbanking,0.7982,0.2018,0,24.37
cust_104899,224,Financial Services,card,0.9442,0.0558,1,3.16
cust_104900,9,SaaS,UPI,0.7993,0.2007,0,21.24
cust_104901,33,Gaming,wallet,0.7113,0.2887,0,2.71
cust_104902,83,Financial Services,UPI,0.2657,0.7343,2,44.52
cust_104903,154,Edtech,UPI,0.7465,0.2535,1,2.47
cust_104904,171,SaaS,UPI,0.4556,0.5444,0,15.1
cust_104905,416,Edtech,card,0.3548,0.6452,0,19.18
cust_104906,22,Gaming,card,0.8255,0.1745,0,18.35
cust_104907,343,Edtech,card,0.8289,0.1711,0,4.46
cust_104908,78,Gaming,card,0.803,0.197,0,8.08
cust_104909,52,Gaming,netbanking,0.9474,0.0526,0,6.28
cust_104910,180,Financial Services,UPI,0.8439,0.1561,1,10.81
cust_104911,2,Gaming,UPI,0.8586,0.1414,0,2.66
cust_104912,395,SaaS,card,0.7429,0.2571,0,26.55
cust_104913,162,Financial Services,UPI,0.9,0.1,0,2.22
cust_104914,426,Edtech,card,0.4811,0.5189,1,34.72
cust_104915,7,E-commerce,wallet,0.2919,0.7081,1,29.9
cust_104916,168,Financial Services,netbanking,0.7123,0.2877,0,6.26
cust_104917,241,SaaS,card,0.7545,0.2455,0,18.69
cust_104918,6,Gaming,card,0.9239,0.0761,0,3.37
cust_104919,82,E-commerce,UPI,0.8591,0.1409,0,7.87
cust_104920,49,E-commerce,UPI,0.1331,0.8669,1,22.05
cust_104921,125,SaaS,netbanking,0.8351,0.1649,1,18.24
cust_104922,546,SaaS,UPI,0.9562,0.0438,1,6.15
cust_104923,49,E-commerce,card,0.8382,0.1618,0,1.11
cust_104924,4,SaaS,UPI,0.9273,0.0727,0,8.03
cust_104925,42,Edtech,wallet,0.9742,0.0258,0,5.82
cust_104926,14,Financial Services,UPI,0.7723,0.2277,0,8.2
cust_104927,167,Gaming,UPI,0.9524,0.0476,0,0.17
cust_104928,220,Edtech,card,0.7914,0.2086,0,4.54
cust_104929,373,E-commerce,UPI,0.9339,0.0661,0,4.39
cust_104930,109,Gaming,wallet,0.7781,0.2219,2,6.82
cust_104931,53,Gaming,wallet,0.7687,0.2313,1,0.12
cust_104932,89,SaaS,wallet,0.7762,0.2238,0,2.01
cust_104933,3,Gaming,UPI,0.9724,0.0276,3,8.17
cust_104934,108,Financial Services,card,0.3958,0.6042,1,26.06
cust_104935,16,Edtech,UPI,0.174,0.826,2,15.32
cust_104936,315,E-commerce,card,0.7613,0.2387,0,9.12
cust_104937,68,E-commerce,UPI,0.7429,0.2571,1,1.09
cust_104938,1,SaaS,UPI,0.8416,0.1584,0,2.48
cust_104939,2,Financial Services,UPI,0.8174,0.1826,0,0.32
cust_104940,113,Edtech,card,0.7679,0.2321,0,9.04
cust_104941,794,Gaming,netbanking,0.96,0.04,0,15.87
cust_104942,53,SaaS,UPI,0.9593,0.0407,0,3.88
cust_104943,89,SaaS,card,0.9282,0.0718,1,3.88
cust_104944,45,E-commerce,UPI,0.9739,0.0261,3,5.21
cust_104945,60,Edtech,UPI,0.7331,0.2669,0,17.62
cust_104946,76,E-commerce,UPI,0.9794,0.0206,1,5.45
cust_104947,133,Financial Services,UPI,0.8135,0.1865,0,0.46
cust_104948,4,E-commerce,card,0.871,0.129,0,13.57
cust_104949,272,E-commerce,UPI,0.8674,0.1326,1,1.19
cust_104950,127,Gaming,card,0.7232,0.2768,0,26.1
cust_104951,89,SaaS,wallet,0.4687,0.5313,0,16.23
cust_104952,77,E-commerce,UPI,0.8379,0.1621,0,11.81
cust_104953,76,SaaS,UPI,0.9222,0.0778,0,0.85
cust_104954,138,E-commerce,card,0.7006,0.2994,1,7.6
cust_104955,101,E-commerce,netbanking,0.2457,0.7543,0,16.57
cust_104956,69,Edtech,card,0.9571,0.0429,1,1.99
cust_104957,364,Edtech,UPI,0.7245,0.2755,2,13.28
cust_104958,10,E-commerce,UPI,0.7924,0.2076,0,0.91
cust_104959,96,SaaS,UPI,0.7231,0.2769,1,11.89
cust_104960,127,SaaS,UPI,0.93,0.07,0,4.19
cust_104961,192,E-commerce,card,0.9512,0.0488,0,17.03
cust_104962,7,Financial Services,card,0.3967,0.6033,0,28.14
cust_104963,315,Gaming,card,0.7201,0.2799,0,1.64
cust_104964,198,Gaming,UPI,0.7182,0.2818,0,12.7
cust_104965,42,Gaming,UPI,0.7441,0.2559,1,3.3
cust_104966,152,Gaming,netbanking,0.4032,0.5968,0,26.64
cust_104967,175,Edtech,UPI,0.5261,0.4739,0,0.94
cust_104968,165,E-commerce,netbanking,0.9269,0.0731,0,16.95
cust_104969,178,Edtech,UPI,0.7858,0.2142,1,26.85
cust_104970,96,Financial Services,card,0.9605,0.0395,0,8.24
cust_104971,234,Edtech,card,0.759,0.241,1,1.88
cust_104972,294,Financial Services,card,0.1776,0.8224,2,20.6
cust_104973,33,SaaS,card,0.5376,0.4624,2,15.43
cust_104974,299,E-commerce,card,0.3245,0.6755,0,24.36
cust_104975,421,E-commerce,wallet,0.7791,0.2209,0,21.8
cust_104976,27,Edtech,UPI,0.8622,0.1378,1,2.12
cust_104977,66,Financial Services,card,0.7343,0.2657,0,3.45
cust_104978,305,Gaming,netbanking,0.7847,0.2153,0,5.7
cust_104979,146,E-commerce,card,0.8837,0.1163,0,5.35
cust_104980,52,Edtech,UPI,0.7536,0.2464,0,11.6
cust_104981,163,SaaS,card,0.5206,0.4794,0,14.47
cust_104982,1,Edtech,UPI,0.9275,0.0725,1,6.43
cust_104983,125,Financial Services,netbanking,0.8113,0.1887,0,16.08
cust_104984,474,Edtech,card,0.9284,0.0716,0,0.38
cust_104985,57,Financial Services,card,0.9683,0.0317,1,32.2
cust_104986,39,Gaming,card,0.7515,0.2485,0,6.66
cust_104987,195,E-commerce,UPI,0.8164,0.1836,0,7.35
cust_104988,91,Financial Services,card,0.7937,0.2063,1,8.96
cust_104989,138,SaaS,wallet,0.7672,0.2328,2,1.76
cust_104990,59,Gaming,card,0.7778,0.2222,1,12.52
cust_104991,68,E-commerce,card,0.817,0.183,0,1.77
cust_104992,22,SaaS,netbanking,0.8992,0.1008,0,16.17
cust_104993,32,Gaming,UPI,0.7008,0.2992,1,2.36
cust_104994,41,Financial Services,netbanking,0.9714,0.0286,0,8.84
cust_104995,74,E-commerce,UPI,0.7931,0.2069,0,11.59
cust_104996,153,Gaming,UPI,0.8094,0.1906,2,1.76
cust_104997,44,Gaming,netbanking,0.8715,0.1285,0,0.03
cust_104998,246,Gaming,UPI,0.9155,0.0845,0,5.91
cust_104999,227,SaaS,UPI,0.9014,0.0986,1,7.49
cust_105000,48,Gaming,UPI,0.9791,0.0209,0,5.92
cust_105001,290,Financial Services,UPI,0.2663,0.7337,0,20.39
cust_105002,187,Financial Services,UPI,0.9702,0.0298,0,19.81
cust_105003,110,SaaS,card,0.9459,0.0541,0,12.69
cust_105004,46,Financial Services,UPI,0.8705,0.1295,1,12.79
cust_105005,11,E-commerce,UPI,0.9337,0.0663,0,7.39
cust_105006,128,E-commerce,UPI,0.7841,0.2159,0,26.63
cust_105007,71,SaaS,netbanking,0.8872,0.1128,3,32.85
cust_105008,201,Gaming,netbanking,0.7743,0.2257,0,30.84
cust_105009,181,Gaming,card,0.7621,0.2379,0,2.65
cust_105010,394,Financial Services,card,0.7006,0.2994,0,18.32
cust_105011,11,SaaS,UPI,0.9247,0.0753,0,4.31
cust_105012,45,Edtech,UPI,0.9519,0.0481,0,10.23
cust_105013,303,Financial Services,card,0.5343,0.4657,0,1.73
cust_105014,213,Edtech,wallet,0.8857,0.1143,0,3.44
cust_105015,111,Financial Services,card,0.7598,0.2402,0,9.94
cust_105016,152,Gaming,wallet,0.7324,0.2676,0,59.46
cust_105017,60,E-commerce,card,0.8089,0.1911,0,6.67
cust_105018,144,Edtech,UPI,0.8837,0.1163,0,6.71
cust_105019,89,SaaS,UPI,0.7223,0.2777,1,5.26
cust_105020,21,E-commerce,card,0.7058,0.2942,0,6.72
cust_105021,31,E-commerce,UPI,0.9047,0.0953,1,4.17
cust_105022,6,E-commerce,netbanking,0.8881,0.1119,0,26.7
cust_105023,79,Financial Services,UPI,0.8194,0.1806,1,4.63
cust_105024,63,E-commerce,UPI,0.9142,0.0858,1,2.85
cust_105025,25,Edtech,UPI,0.8518,0.1482,0,2.62
cust_105026,129,Gaming,UPI,0.7213,0.2787,0,9.81
cust_105027,42,E-commerce,UPI,0.9388,0.0612,0,1.35
cust_105028,217,SaaS,card,0.7185,0.2815,0,4.96
cust_105029,40,Edtech,card,0.7317,0.2683,0,6.56
cust_105030,46,Financial Services,UPI,0.8401,0.1599,1,28.85
cust_105031,8,Gaming,card,0.7342,0.2658,2,13.55
cust_105032,7,Gaming,card,0.7233,0.2767,0,14.65
cust_105033,239,SaaS,UPI,0.8086,0.1914,0,1.25
cust_105034,65,E-commerce,UPI,0.7701,0.2299,0,22.49
cust_105035,20,SaaS,card,0.8737,0.1263,2,1.94
cust_105036,205,SaaS,UPI,0.7454,0.2546,1,15.38
cust_105037,11,Edtech,card,0.9283,0.0717,2,27.99
cust_105038,6,Gaming,card,0.9775,0.0225,1,0.49
cust_105039,185,Edtech,UPI,0.5268,0.4732,0,14.38
cust_105040,227,Financial Services,card,0.3562,0.6438,0,15.15
cust_105041,145,Financial Services,card,0.7532,0.2468,0,16.78
cust_105042,69,Financial Services,UPI,0.9094,0.0906,1,9.55
cust_105043,326,SaaS,netbanking,0.9085,0.0915,0,3.53
cust_105044,702,Financial Services,card,0.8282,0.1718,0,8.21
cust_105045,65,Edtech,netbanking,0.7558,0.2442,0,17.35
cust_105046,221,SaaS,netbanking,0.194,0.806,1,19.9
cust_105047,15,Gaming,netbanking,0.9765,0.0235,0,1.36
cust_105048,15,Edtech,UPI,0.8163,0.1837,1,2.28
cust_105049,226,SaaS,UPI,0.9414,0.0586,1,13.15
cust_105050,58,SaaS,UPI,0.148,0.852,1,51.78
cust_105051,126,Gaming,UPI,0.7326,0.2674,0,1.31
cust_105052,87,E-commerce,wallet,0.855,0.145,0,12.81
cust_105053,69,Gaming,card,0.7954,0.2046,0,6.36
cust_105054,471,Gaming,UPI,0.9201,0.0799,0,8.57
cust_105055,100,Edtech,card,0.8504,0.1496,0,0.17
cust_105056,277,Financial Services,netbanking,0.9404,0.0596,0,5.33
cust_105057,177,SaaS,wallet,0.8862,0.1138,2,24.59
cust_105058,253,E-commerce,UPI,0.9284,0.0716,0,6.16
cust_105059,129,E-commerce,UPI,0.9379,0.0621,0,1.52
cust_105060,70,SaaS,UPI,0.8019,0.1981,1,24.95
cust_105061,271,Financial Services,netbanking,0.7839,0.2161,1,5.76
cust_105062,17,SaaS,wallet,0.2426,0.7574,0,23.8
cust_105063,182,E-commerce,netbanking,0.9435,0.0565,1,6.27
cust_105064,112,Gaming,UPI,0.9384,0.0616,1,0.41
cust_105065,303,Edtech,UPI,0.5873,0.4127,2,0.63
cust_105066,35,Edtech,netbanking,0.7346,0.2654,1,5.8
cust_105067,24,Gaming,wallet,0.9241,0.0759,0,2.12
cust_105068,130,E-commerce,UPI,0.2557,0.7443,1,15.06
cust_105069,85,Gaming,UPI,0.9556,0.0444,0,6.82
cust_105070,64,SaaS,netbanking,0.8537,0.1463,0,37.41
cust_105071,118,Gaming,UPI,0.8529,0.1471,0,7.72
cust_105072,33,Gaming,UPI,0.7281,0.2719,0,10.5
cust_105073,97,Financial Services,UPI,0.7114,0.2886,0,15.66
cust_105074,11,Financial Services,netbanking,0.2666,0.7334,0,45.08
cust_105075,20,SaaS,wallet,0.1472,0.8528,0,23.38
cust_105076,87,Gaming,UPI,0.5457,0.4543,1,0.96
cust_105077,3,SaaS,UPI,0.8011,0.1989,0,9.52
cust_105078,84,Gaming,UPI,0.1794,0.8206,0,22.26
cust_105079,3,Gaming,UPI,0.7693,0.2307,0,23.04
cust_105080,156,Edtech,wallet,0.8816,0.1184,0,21.08
cust_105081,111,Gaming,UPI,0.7291,0.2709,0,13.41
cust_105082,282,SaaS,UPI,0.904,0.096,0,11.91
cust_105083,453,E-commerce,card,0.968,0.032,0,5.45
cust_105084,59,Gaming,netbanking,0.8142,0.1858,1,3.22
cust_105085,334,Gaming,card,0.8615,0.1385,1,17.21
cust_105086,202,E-commerce,UPI,0.7666,0.2334,1,14.64
cust_105087,405,Financial Services,UPI,0.8867,0.1133,0,8.26
cust_105088,173,E-commerce,netbanking,0.782,0.218,0,16.92
cust_105089,45,E-commerce,UPI,0.8654,0.1346,0,11.32
cust_105090,25,Gaming,card,0.7697,0.2303,0,15.88
cust_105091,5,SaaS,card,0.7714,0.2286,0,28.29
cust_105092,150,Gaming,card,0.9738,0.0262,1,3.43
cust_105093,245,Financial Services,card,0.9091,0.0909,0,12.4
cust_105094,243,E-commerce,wallet,0.928,0.072,1,5.48
cust_105095,14,Gaming,UPI,0.4355,0.5645,1,24.69
cust_105096,132,E-commerce,card,0.7646,0.2354,0,3.64
cust_105097,72,E-commerce,UPI,0.9048,0.0952,2,21.14
cust_105098,52,Financial Services,card,0.2091,0.7909,0,29.8
cust_105099,74,SaaS,UPI,0.8825,0.1175,0,5.15
cust_105100,167,SaaS,UPI,0.7039,0.2961,0,12.59
cust_105101,128,SaaS,card,0.8252,0.1748,0,8.85
cust_105102,340,E-commerce,card,0.92,0.08,0,13.33
cust_105103,49,Edtech,card,0.8151,0.1849,1,20.41
cust_105104,30,Gaming,UPI,0.8242,0.1758,2,28.2
cust_105105,72,E-commerce,card,0.7409,0.2591,0,4.32
cust_105106,68,Financial Services,card,0.9436,0.0564,0,16.82
cust_105107,165,E-commerce,UPI,0.9658,0.0342,0,5.74
cust_105108,74,Financial Services,netbanking,0.1015,0.8985,0,36.68
cust_105109,150,Financial Services,card,0.9188,0.0812,1,0.27
cust_105110,11,SaaS,UPI,0.8468,0.1532,0,41.52
cust_105111,94,E-commerce,card,0.9468,0.0532,0,3.88
cust_105112,50,E-commerce,card,0.7496,0.2504,0,7.29
cust_105113,108,SaaS,card,0.9135,0.0865,0,15.0
cust_105114,100,SaaS,card,0.7974,0.2026,0,5.27
cust_105115,32,E-commerce,wallet,0.8928,0.1072,0,55.41
cust_105116,81,Edtech,UPI,0.9698,0.0302,0,0.4
cust_105117,283,Edtech,netbanking,0.7618,0.2382,1,8.67
cust_105118,687,E-commerce,UPI,0.2172,0.7828,1,52.25
cust_105119,212,Financial Services,wallet,0.9762,0.0238,0,2.29
cust_105120,85,Gaming,card,0.9615,0.0385,1,7.03
cust_105121,33,SaaS,netbanking,0.8038,0.1962,0,10.98
cust_105122,38,Edtech,UPI,0.7761,0.2239,1,1.0
cust_105123,9,Gaming,card,0.909,0.091,0,3.96
cust_105124,141,SaaS,UPI,0.5786,0.4214,3,4.4
cust_105125,62,SaaS,card,0.7792,0.2208,0,3.77
cust_105126,16,E-commerce,UPI,0.8872,0.1128,0,2.37
cust_105127,4,Gaming,card,0.8608,0.1392,0,36.27
cust_105128,31,Gaming,card,0.8757,0.1243,0,0.62
cust_105129,77,Gaming,card,0.5793,0.4207,1,0.83
cust_105130,29,Edtech,UPI,0.9155,0.0845,0,6.1
cust_105131,499,Financial Services,card,0.7004,0.2996,1,18.97
cust_105132,30,E-commerce,card,0.9051,0.0949,1,4.26
cust_105133,422,Financial Services,card,0.9253,0.0747,0,8.3
cust_105134,63,Gaming,UPI,0.8125,0.1875,0,3.28
cust_105135,135,Gaming,card,0.7999,0.2001,1,17.31
cust_105136,36,Financial Services,UPI,0.755,0.245,1,2.19
cust_105137,21,E-commerce,UPI,0.9402,0.0598,2,20.96
cust_105138,166,Edtech,netbanking,0.7675,0.2325,0,26.58
cust_105139,61,Edtech,netbanking,0.8206,0.1794,0,12.56
cust_105140,160,Gaming,wallet,0.1381,0.8619,1,23.15
cust_105141,55,Gaming,UPI,0.7648,0.2352,0,2.51
cust_105142,96,SaaS,netbanking,0.8155,0.1845,1,0.83
cust_105143,34,SaaS,UPI,0.5949,0.4051,0,4.92
cust_105144,107,Gaming,card,0.738,0.262,0,4.14
cust_105145,148,E-commerce,netbanking,0.7271,0.2729,0,0.89
cust_105146,43,Edtech,UPI,0.3937,0.6063,0,16.7
cust_105147,75,SaaS,UPI,0.88,0.12,1,8.09
cust_105148,23,Financial Services,UPI,0.7262,0.2738,1,1.04
cust_105149,131,E-commerce,card,0.7262,0.2738,0,5.43
cust_105150,262,Edtech,UPI,0.8503,0.1497,0,3.99
cust_105151,177,E-commerce,netbanking,0.4445,0.5555,2,26.94
cust_105152,167,Gaming,wallet,0.9121,0.0879,0,10.05
cust_105153,162,SaaS,netbanking,0.8371,0.1629,3,0.07
cust_105154,2,E-commerce,card,0.9485,0.0515,0,6.0
cust_105155,62,SaaS,netbanking,0.3914,0.6086,0,34.4
cust_105156,280,Gaming,UPI,0.8196,0.1804,0,14.31
cust_105157,148,Edtech,UPI,0.9109,0.0891,0,3.08
cust_105158,17,Gaming,UPI,0.7075,0.2925,0,10.15
cust_105159,371,SaaS,card,0.8601,0.1399,2,5.35
cust_105160,48,Edtech,netbanking,0.9302,0.0698,1,0.09
cust_105161,189,E-commerce,UPI,0.9051,0.0949,0,16.35
cust_105162,88,E-commerce,card,0.7553,0.2447,1,7.0
cust_105163,42,Edtech,UPI,0.8853,0.1147,1,1.79
cust_105164,12,E-commerce,UPI,0.7088,0.2912,0,10.6
cust_105165,77,E-commerce,UPI,0.9118,0.0882,0,23.73
cust_105166,21,Edtech,card,0.8209,0.1791,0,13.81
cust_105167,20,SaaS,netbanking,0.7445,0.2555,0,18.78
cust_105168,34,Financial Services,card,0.2873,0.7127,1,19.84
cust_105169,129,Gaming,UPI,0.936,0.064,1,2.11
cust_105170,131,Financial Services,UPI,0.4822,0.5178,2,32.1
cust_105171,263,E-commerce,UPI,0.3075,0.6925,1,20.33
cust_105172,99,Financial Services,card,0.9275,0.0725,0,3.43
cust_105173,113,Edtech,UPI,0.8998,0.1002,1,2.67
cust_105174,19,Gaming,card,0.961,0.039,0,1.85
cust_105175,48,Gaming,UPI,0.9482,0.0518,0,7.92
cust_105176,174,E-commerce,card,0.8664,0.1336,1,5.72
cust_105177,113,Gaming,card,0.8257,0.1743,1,10.54
cust_105178,12,E-commerce,card,0.9225,0.0775,2,11.61
cust_105179,87,Edtech,netbanking,0.8698,0.1302,2,0.82
cust_105180,156,SaaS,card,0.7827,0.2173,1,10.61
cust_105181,43,Gaming,card,0.7255,0.2745,0,11.52
cust_105182,42,Gaming,UPI,0.4473,0.5527,0,16.2
cust_105183,130,SaaS,netbanking,0.8961,0.1039,1,16.57
cust_105184,53,SaaS,netbanking,0.8105,0.1895,1,5.23
cust_105185,50,Gaming,card,0.9287,0.0713,0,11.54
cust_105186,111,SaaS,wallet,0.8509,0.1491,1,12.86
cust_105187,213,E-commerce,netbanking,0.7673,0.2327,0,3.6
cust_105188,47,SaaS,UPI,0.8699,0.1301,0,6.86
cust_105189,131,SaaS,UPI,0.8546,0.1454,0,0.69
cust_105190,251,Edtech,netbanking,0.7262,0.2738,0,21.32
cust_105191,17,Edtech,card,0.7381,0.2619,0,5.24
cust_105192,47,E-commerce,card,0.3453,0.6547,0,25.14
cust_105193,55,E-commerce,netbanking,0.495,0.505,0,17.42
cust_105194,50,SaaS,netbanking,0.875,0.125,0,7.67
cust_105195,126,SaaS,UPI,0.8775,0.1225,0,6.45
cust_105196,30,SaaS,UPI,0.7901,0.2099,0,3.62
cust_105197,47,E-commerce,wallet,0.978,0.022,0,15.48
cust_105198,6,Edtech,UPI,0.4827,0.5173,1,17.12
cust_105199,63,SaaS,card,0.8934,0.1066,1,9.08
cust_105200,152,SaaS,wallet,0.1825,0.8175,1,27.36
cust_105201,173,Gaming,card,0.444,0.556,2,16.11
cust_105202,191,Financial Services,UPI,0.7275,0.2725,0,5.13
cust_105203,206,Gaming,UPI,0.716,0.284,1,1.16
cust_105204,52,Gaming,UPI,0.1749,0.8251,2,17.78
cust_105205,89,Edtech,UPI,0.8882,0.1118,0,7.26
cust_105206,160,Gaming,UPI,0.9107,0.0893,0,26.12
cust_105207,68,Edtech,netbanking,0.8528,0.1472,1,3.4
cust_105208,188,E-commerce,UPI,0.8614,0.1386,0,15.37
cust_105209,69,Financial Services,UPI,0.8462,0.1538,0,13.2
cust_105210,17,SaaS,UPI,0.9308,0.0692,0,4.78
cust_105211,173,Edtech,card,0.9207,0.0793,0,0.06
cust_105212,19,Edtech,UPI,0.7113,0.2887,0,1.58
cust_105213,64,Financial Services,UPI,0.7124,0.2876,1,8.54
cust_105214,12,SaaS,netbanking,0.2306,0.7694,1,27.2
cust_105215,222,E-commerce,card,0.8783,0.1217,0,6.51
cust_105216,87,SaaS,UPI,0.8444,0.1556,2,8.81
cust_105217,141,Gaming,UPI,0.2889,0.7111,0,38.6
cust_105218,101,SaaS,UPI,0.7418,0.2582,0,7.3
cust_105219,96,Edtech,UPI,0.9774,0.0226,0,0.71
cust_105220,19,Edtech,card,0.8025,0.1975,0,21.28
cust_105221,19,E-commerce,card,0.8051,0.1949,0,5.1
cust_105222,174,SaaS,UPI,0.711,0.289,1,8.99
cust_105223,172,Financial Services,card,0.204,0.796,0,30.57
cust_105224,358,Financial Services,UPI,0.872,0.128,0,0.9
cust_105225,54,Financial Services,UPI,0.9202,0.0798,1,13.13
cust_105226,3,SaaS,UPI,0.918,0.082,1,0.32
cust_105227,69,Gaming,card,0.7181,0.2819,0,6.16
cust_105228,133,Edtech,UPI,0.9599,0.0401,1,5.04
cust_105229,129,Financial Services,netbanking,0.848,0.152,1,4.45
cust_105230,16,Gaming,UPI,0.9068,0.0932,3,7.7
cust_105231,126,Edtech,card,0.7724,0.2276,0,14.7
cust_105232,54,E-commerce,UPI,0.8326,0.1674,0,0.12
cust_105233,52,E-commerce,UPI,0.8059,0.1941,0,9.89
cust_105234,270,E-commerce,netbanking,0.718,0.282,0,1.44
cust_105235,26,Edtech,wallet,0.8884,0.1116,0,2.02
cust_105236,221,E-commerce,UPI,0.8733,0.1267,1,5.0
cust_105237,85,Edtech,netbanking,0.8461,0.1539,1,2.51
cust_105238,62,Edtech,wallet,0.7444,0.2556,0,15.19
cust_105239,72,E-commerce,card,0.9118,0.0882,0,12.14
cust_105240,229,E-commerce,card,0.9031,0.0969,0,4.16
cust_105241,24,Gaming,netbanking,0.7291,0.2709,0,16.13
cust_105242,151,Edtech,card,0.5367,0.4633,1,22.82
cust_105243,23,Financial Services,card,0.975,0.025,1,13.5
cust_105244,181,Financial Services,netbanking,0.9649,0.0351,0,11.44
cust_105245,44,Edtech,card,0.9426,0.0574,0,9.1
cust_105246,65,SaaS,UPI,0.9208,0.0792,0,0.81
cust_105247,116,Edtech,netbanking,0.8913,0.1087,0,0.69
cust_105248,74,Edtech,card,0.9423,0.0577,0,3.17
cust_105249,32,SaaS,UPI,0.8316,0.1684,0,4.35
cust_105250,157,Edtech,card,0.7783,0.2217,0,10.15
cust_105251,78,Edtech,netbanking,0.9688,0.0312,0,12.95
cust_105252,158,Gaming,UPI,0.9571,0.0429,1,11.36
cust_105253,19,E-commerce,UPI,0.8031,0.1969,0,3.84
cust_105254,84,Gaming,UPI,0.8452,0.1548,0,6.68
cust_105255,1,Edtech,card,0.9723,0.0277,0,4.18
cust_105256,12,Financial Services,UPI,0.8952,0.1048,0,27.39
cust_105257,68,Edtech,UPI,0.4434,0.5566,0,15.82
cust_105258,107,SaaS,UPI,0.7816,0.2184,0,4.62
cust_105259,196,E-commerce,UPI,0.7585,0.2415,0,12.78
cust_105260,69,Edtech,card,0.8473,0.1527,0,5.29
cust_105261,85,Gaming,wallet,0.8985,0.1015,0,23.54
cust_105262,24,Financial Services,UPI,0.9259,0.0741,1,34.32
cust_105263,13,SaaS,netbanking,0.4557,0.5443,0,15.77
cust_105264,254,Financial Services,UPI,0.902,0.098,0,1.46
cust_105265,130,SaaS,wallet,0.8698,0.1302,0,6.2
cust_105266,24,E-commerce,card,0.7256,0.2744,0,2.74
cust_105267,27,E-commerce,card,0.7377,0.2623,1,0.6
cust_105268,100,Edtech,card,0.711,0.289,0,0.75
cust_105269,25,Financial Services,card,0.9025,0.0975,0,7.78
cust_105270,35,SaaS,UPI,0.8713,0.1287,1,23.19
cust_105271,105,Gaming,UPI,0.9693,0.0307,0,29.67
cust_105272,66,Financial Services,netbanking,0.5804,0.4196,0,8.46
cust_105273,223,Financial Services,netbanking,0.9017,0.0983,0,10.21
cust_105274,1,Gaming,UPI,0.703,0.297,0,0.98
cust_105275,40,E-commerce,UPI,0.7074,0.2926,1,5.55
cust_105276,532,SaaS,UPI,0.7937,0.2063,0,10.41
cust_105277,7,Financial Services,card,0.164,0.836,0,16.51
cust_105278,21,Gaming,netbanking,0.7037,0.2963,1,8.11
cust_105279,42,Financial Services,card,0.8783,0.1217,0,1.57
cust_105280,141,Financial Services,UPI,0.7794,0.2206,0,17.02
cust_105281,130,Gaming,card,0.4624,0.5376,0,20.05
cust_105282,141,Financial Services,card,0.947,0.053,0,34.82
cust_105283,375,E-commerce,UPI,0.8707,0.1293,1,7.17
cust_105284,7,Edtech,card,0.129,0.871,2,16.74
cust_105285,54,Edtech,UPI,0.9264,0.0736,0,8.66
cust_105286,55,Gaming,card,0.861,0.139,0,3.38
cust_105287,13,SaaS,netbanking,0.7632,0.2368,0,0.02
cust_105288,211,Financial Services,wallet,0.796,0.204,1,2.57
cust_105289,429,SaaS,netbanking,0.9118,0.0882,0,2.7
cust_105290,2,Financial Services,UPI,0.9282,0.0718,0,0.22
cust_105291,607,E-commerce,UPI,0.8698,0.1302,1,7.77
cust_105292,11,Gaming,card,0.2201,0.7799,0,15.9
cust_105293,227,Edtech,card,0.8171,0.1829,3,1.29
cust_105294,528,SaaS,UPI,0.7102,0.2898,0,14.68
cust_105295,37,Edtech,card,0.3681,0.6319,1,18.2
cust_105296,62,SaaS,UPI,0.8765,0.1235,0,1.83
cust_105297,73,Edtech,card,0.962,0.038,0,17.14
cust_105298,88,Financial Services,UPI,0.9214,0.0786,0,15.96
cust_105299,47,SaaS,card,0.7269,0.2731,0,4.18
cust_105300,288,E-commerce,netbanking,0.937,0.063,0,12.12
cust_105301,231,SaaS,wallet,0.945,0.055,0,8.25
cust_105302,65,SaaS,UPI,0.7569,0.2431,0,15.64
cust_105303,197,Financial Services,netbanking,0.8701,0.1299,0,7.49
cust_105304,14,SaaS,UPI,0.8918,0.1082,1,14.21
cust_105305,8,SaaS,UPI,0.9086,0.0914,1,3.94
cust_105306,9,SaaS,card,0.9149,0.0851,3,19.32
cust_105307,104,Edtech,card,0.7996,0.2004,0,17.04
cust_105308,25,Financial Services,UPI,0.7514,0.2486,1,37.65
cust_105309,157,Gaming,UPI,0.4132,0.5868,1,17.82
cust_105310,177,Financial Services,netbanking,0.8572,0.1428,0,0.43
cust_105311,28,E-commerce,UPI,0.9755,0.0245,0,12.95
cust_105312,58,Edtech,netbanking,0.9697,0.0303,0,6.04
cust_105313,123,SaaS,netbanking,0.951,0.049,0,4.68
cust_105314,243,SaaS,UPI,0.9758,0.0242,0,5.89
cust_105315,185,E-commerce,UPI,0.7665,0.2335,0,9.03
cust_105316,317,Gaming,UPI,0.848,0.152,0,5.81
cust_105317,53,Financial Services,card,0.2169,0.7831,0,29.23
cust_105318,206,Edtech,netbanking,0.7348,0.2652,0,41.8
cust_105319,30,SaaS,card,0.8264,0.1736,0,16.98
cust_105320,78,SaaS,card,0.7133,0.2867,2,0.7
cust_105321,28,Edtech,wallet,0.8626,0.1374,1,4.57
cust_105322,6,SaaS,UPI,0.78,0.22,0,2.38
cust_105323,23,E-commerce,card,0.9001,0.0999,0,2.74
cust_105324,107,Financial Services,netbanking,0.8632,0.1368,0,19.48
cust_105325,315,E-commerce,UPI,0.8674,0.1326,0,6.46
cust_105326,107,Gaming,UPI,0.8753,0.1247,0,10.24
cust_105327,1,Gaming,wallet,0.8052,0.1948,0,24.9
cust_105328,14,Edtech,UPI,0.8797,0.1203,0,55.6
cust_105329,1,Gaming,card,0.8893,0.1107,1,4.51
cust_105330,382,Financial Services,netbanking,0.3611,0.6389,0,23.52
cust_105331,412,E-commerce,wallet,0.8025,0.1975,0,18.8
cust_105332,44,Financial Services,UPI,0.8593,0.1407,0,2.35
cust_105333,129,E-commerce,card,0.7288,0.2712,0,5.16
cust_105334,57,SaaS,wallet,0.9485,0.0515,1,24.52
cust_105335,51,Gaming,card,0.973,0.027,1,11.39
cust_105336,43,E-commerce,UPI,0.9494,0.0506,0,38.76
cust_105337,73,SaaS,netbanking,0.9185,0.0815,1,5.14
cust_105338,124,E-commerce,card,0.7396,0.2604,0,50.67
cust_105339,168,Financial Services,UPI,0.8568,0.1432,0,0.92
cust_105340,83,SaaS,netbanking,0.8959,0.1041,1,7.58
cust_105341,144,Gaming,UPI,0.8114,0.1886,0,7.04
cust_105342,111,SaaS,UPI,0.817,0.183,0,2.32
cust_105343,52,SaaS,card,0.7487,0.2513,0,3.23
cust_105344,245,E-commerce,UPI,0.964,0.036,0,30.54
cust_105345,118,E-commerce,card,0.7617,0.2383,0,0.2
cust_105346,125,Gaming,card,0.8821,0.1179,0,6.2
cust_105347,297,Gaming,UPI,0.5485,0.4515,0,6.18
cust_105348,200,SaaS,netbanking,0.9747,0.0253,1,0.75
cust_105349,52,SaaS,card,0.9688,0.0312,2,10.01
cust_105350,93,SaaS,UPI,0.9526,0.0474,0,7.87
cust_105351,362,Gaming,UPI,0.7956,0.2044,1,2.78
cust_105352,26,Gaming,UPI,0.9195,0.0805,0,0.22
cust_105353,71,Financial Services,wallet,0.8004,0.1996,0,14.26
cust_105354,16,E-commerce,UPI,0.7745,0.2255,0,22.45
cust_105355,25,Gaming,UPI,0.8059,0.1941,0,7.22
cust_105356,213,Financial Services,UPI,0.9586,0.0414,0,15.71
cust_105357,91,E-commerce,UPI,0.341,0.659,0,29.0
cust_105358,430,Financial Services,card,0.5153,0.4847,1,2.64
cust_105359,2,E-commerce,card,0.926,0.074,0,15.24
cust_105360,143,Edtech,wallet,0.9745,0.0255,0,5.57
cust_105361,41,SaaS,UPI,0.7538,0.2462,1,38.12
cust_105362,601,Edtech,card,0.7417,0.2583,0,2.52
cust_105363,39,Gaming,UPI,0.787,0.213,0,0.59
cust_105364,153,Gaming,UPI,0.9517,0.0483,0,7.87
cust_105365,437,SaaS,card,0.746,0.254,0,15.0
cust_105366,161,E-commerce,netbanking,0.4339,0.5661,0,34.58
cust_105367,43,Gaming,netbanking,0.8094,0.1906,0,26.15
cust_105368,399,Financial Services,UPI,0.1276,0.8724,1,17.47
cust_105369,71,Financial Services,wallet,0.721,0.279,0,7.99
cust_105370,143,E-commerce,wallet,0.7938,0.2062,1,3.61
cust_105371,13,SaaS,card,0.1331,0.8669,0,17.98
cust_105372,263,Gaming,UPI,0.4241,0.5759,0,20.07
cust_105373,10,SaaS,UPI,0.8698,0.1302,0,22.6
cust_105374,48,Edtech,UPI,0.3039,0.6961,1,31.01
cust_105375,369,E-commerce,card,0.8461,0.1539,0,17.23
cust_105376,86,Gaming,UPI,0.8798,0.1202,0,2.53
cust_105377,19,E-commerce,UPI,0.2842,0.7158,0,36.93
cust_105378,321,Edtech,card,0.9508,0.0492,1,23.19
cust_105379,85,Financial Services,UPI,0.7788,0.2212,0,3.7
cust_105380,6,E-commerce,UPI,0.5715,0.4285,0,2.69
cust_105381,38,E-commerce,wallet,0.9136,0.0864,0,2.73
cust_105382,140,Financial Services,netbanking,0.867,0.133,0,20.84
cust_105383,50,Edtech,UPI,0.4993,0.5007,0,24.4
cust_105384,55,Financial Services,card,0.9313,0.0687,0,12.07
cust_105385,52,Financial Services,UPI,0.975,0.025,0,11.59
cust_105386,33,Gaming,netbanking,0.8685,0.1315,1,36.88
cust_105387,132,Edtech,UPI,0.5683,0.4317,0,7.62
cust_105388,22,Gaming,UPI,0.9717,0.0283,0,12.73
cust_105389,26,E-commerce,netbanking,0.765,0.235,0,5.87
cust_105390,178,E-commerce,card,0.788,0.212,0,4.88
cust_105391,44,E-commerce,card,0.9564,0.0436,0,12.94
cust_105392,105,Financial Services,UPI,0.3723,0.6277,0,17.5
cust_105393,60,SaaS,card,0.7574,0.2426,0,14.05
cust_105394,26,E-commerce,netbanking,0.722,0.278,0,3.57
cust_105395,139,E-commerce,netbanking,0.1563,0.8437,0,28.74
cust_105396,259,Financial Services,card,0.8437,0.1563,0,17.57
cust_105397,179,Edtech,card,0.3479,0.6521,2,15.7
cust_105398,75,Gaming,UPI,0.8053,0.1947,0,8.84
cust_105399,45,E-commerce,card,0.7208,0.2792,1,23.04
cust_105400,10,Gaming,netbanking,0.7741,0.2259,1,3.55
cust_105401,44,SaaS,netbanking,0.7472,0.2528,1,8.98
cust_105402,18,Gaming,UPI,0.7394,0.2606,1,29.48
cust_105403,209,Financial Services,wallet,0.712,0.288,0,2.4
cust_105404,3,SaaS,card,0.7797,0.2203,0,1.96
cust_105405,188,SaaS,UPI,0.7574,0.2426,0,5.49
cust_105406,12,Edtech,UPI,0.8115,0.1885,0,19.1
cust_105407,189,Gaming,UPI,0.1709,0.8291,1,19.17
cust_105408,156,Financial Services,card,0.8399,0.1601,0,9.62
cust_105409,138,Gaming,UPI,0.7523,0.2477,1,21.53
cust_105410,51,SaaS,UPI,0.8789,0.1211,0,4.72
cust_105411,203,Financial Services,UPI,0.8649,0.1351,0,3.69
cust_105412,29,E-commerce,UPI,0.1967,0.8033,0,25.7
cust_105413,104,Gaming,wallet,0.8176,0.1824,1,1.25
cust_105414,8,Gaming,UPI,0.9057,0.0943,0,7.46
cust_105415,88,Financial Services,card,0.8923,0.1077,2,1.26
cust_105416,50,Financial Services,UPI,0.8193,0.1807,0,7.87
cust_105417,97,E-commerce,UPI,0.851,0.149,1,0.21
cust_105418,61,SaaS,netbanking,0.7496,0.2504,0,4.27
cust_105419,36,Edtech,UPI,0.7948,0.2052,0,17.0
cust_105420,11,Gaming,UPI,0.9687,0.0313,0,15.2
cust_105421,5,SaaS,UPI,0.8968,0.1032,0,5.27
cust_105422,40,Gaming,UPI,0.82,0.18,2,0.4
cust_105423,5,SaaS,card,0.896,0.104,0,15.31
cust_105424,144,Financial Services,netbanking,0.839,0.161,2,3.68
cust_105425,85,Financial Services,card,0.9261,0.0739,0,2.06
cust_105426,128,SaaS,UPI,0.7006,0.2994,0,2.74
cust_105427,69,Gaming,UPI,0.4295,0.5705,1,17.55
cust_105428,6,E-commerce,card,0.8762,0.1238,0,45.64
cust_105429,92,Edtech,UPI,0.7241,0.2759,0,3.22
cust_105430,206,Financial Services,UPI,0.8847,0.1153,1,18.61
cust_105431,10,SaaS,UPI,0.8509,0.1491,1,2.16
cust_105432,53,Financial Services,UPI,0.8923,0.1077,0,4.22
cust_105433,45,Financial Services,UPI,0.9051,0.0949,0,2.18
cust_105434,395,Gaming,UPI,0.9624,0.0376,1,4.75
cust_105435,32,SaaS,card,0.7388,0.2612,1,0.57
cust_105436,301,Gaming,wallet,0.8279,0.1721,0,9.51
cust_105437,72,Gaming,UPI,0.8561,0.1439,0,6.09
cust_105438,205,Gaming,UPI,0.7752,0.2248,0,21.27
cust_105439,30,Financial Services,UPI,0.8517,0.1483,1,2.13
cust_105440,57,Gaming,UPI,0.9669,0.0331,1,5.21
cust_105441,92,E-commerce,wallet,0.7106,0.2894,0,2.33
cust_105442,395,Edtech,wallet,0.9664,0.0336,0,1.57
cust_105443,66,E-commerce,UPI,0.8518,0.1482,0,0.81
cust_105444,8,Gaming,UPI,0.7702,0.2298,1,4.41
cust_105445,744,Edtech,card,0.7835,0.2165,0,4.88
cust_105446,27,Gaming,card,0.9059,0.0941,0,3.16
cust_105447,21,Gaming,UPI,0.7185,0.2815,0,0.6
cust_105448,21,SaaS,netbanking,0.8265,0.1735,0,0.66
cust_105449,142,Gaming,UPI,0.9695,0.0305,1,10.53
cust_105450,159,SaaS,UPI,0.8236,0.1764,1,4.15
cust_105451,344,Edtech,card,0.7659,0.2341,1,6.49
cust_105452,8,Gaming,card,0.8093,0.1907,0,1.93
cust_105453,36,E-commerce,card,0.9722,0.0278,0,18.75
cust_105454,17,E-commerce,UPI,0.4078,0.5922,0,53.84
cust_105455,15,Edtech,UPI,0.7218,0.2782,1,12.63
cust_105456,27,Gaming,UPI,0.4139,0.5861,0,21.01
cust_105457,176,Financial Services,card,0.849,0.151,0,26.36
cust_105458,37,Financial Services,UPI,0.94,0.06,0,9.71
cust_105459,6,Gaming,card,0.8416,0.1584,0,13.76
cust_105460,199,E-commerce,card,0.7363,0.2637,0,10.12
cust_105461,166,Gaming,UPI,0.8383,0.1617,0,33.73
cust_105462,43,SaaS,UPI,0.849,0.151,0,8.18
cust_105463,359,Gaming,card,0.4218,0.5782,0,25.18
cust_105464,118,E-commerce,card,0.8947,0.1053,0,10.07
cust_105465,68,SaaS,UPI,0.943,0.057,0,45.34
cust_105466,52,Financial Services,wallet,0.8735,0.1265,0,13.18
cust_105467,15,Financial Services,UPI,0.7086,0.2914,0,8.98
cust_105468,180,SaaS,card,0.9519,0.0481,0,24.34
cust_105469,73,E-commerce,UPI,0.7959,0.2041,0,5.11
cust_105470,150,Edtech,UPI,0.7511,0.2489,0,1.12
cust_105471,106,Gaming,UPI,0.8662,0.1338,0,8.98
cust_105472,172,E-commerce,UPI,0.5132,0.4868,0,1.03
cust_105473,329,Gaming,UPI,0.8787,0.1213,3,7.84
cust_105474,11,E-commerce,netbanking,0.907,0.093,2,7.39
cust_105475,88,Edtech,UPI,0.9325,0.0675,0,10.09
cust_105476,325,E-commerce,card,0.7545,0.2455,2,4.27
cust_105477,123,Gaming,UPI,0.7953,0.2047,0,4.75
cust_105478,616,E-commerce,UPI,0.8917,0.1083,1,10.46
cust_105479,102,Edtech,card,0.9132,0.0868,0,0.96
cust_105480,394,Financial Services,UPI,0.9646,0.0354,0,7.58
cust_105481,7,Financial Services,wallet,0.8611,0.1389,1,39.98
cust_105482,161,Financial Services,UPI,0.7621,0.2379,0,1.13
cust_105483,99,E-commerce,UPI,0.8702,0.1298,0,8.05
cust_105484,249,Edtech,card,0.5302,0.4698,0,21.93
cust_105485,103,Gaming,card,0.4553,0.5447,0,34.5
cust_105486,321,Edtech,card,0.9665,0.0335,1,19.74
cust_105487,81,Financial Services,UPI,0.9678,0.0322,0,11.52
cust_105488,41,Gaming,UPI,0.8708,0.1292,0,5.1
cust_105489,23,Financial Services,UPI,0.7804,0.2196,0,32.65
cust_105490,174,Edtech,UPI,0.7544,0.2456,1,6.08
cust_105491,76,Gaming,UPI,0.4377,0.5623,0,19.89
cust_105492,91,Gaming,card,0.7209,0.2791,1,12.62
cust_105493,104,SaaS,wallet,0.8677,0.1323,0,23.15
cust_105494,207,E-commerce,card,0.3608,0.6392,0,15.88
cust_105495,361,Edtech,UPI,0.7754,0.2246,0,4.01
cust_105496,68,SaaS,card,0.2821,0.7179,1,59.01
cust_105497,108,Financial Services,UPI,0.7911,0.2089,0,12.59
cust_105498,7,Financial Services,UPI,0.5138,0.4862,0,5.68
cust_105499,167,E-commerce,UPI,0.4645,0.5355,0,17.9
cust_105500,55,Edtech,UPI,0.7601,0.2399,0,9.35
cust_105501,8,Financial Services,UPI,0.9368,0.0632,0,4.06
cust_105502,98,Gaming,UPI,0.4994,0.5006,0,30.97
cust_105503,22,Financial Services,card,0.7128,0.2872,0,3.64
cust_105504,157,Gaming,card,0.937,0.063,0,11.02
cust_105505,195,SaaS,wallet,0.9155,0.0845,0,20.75
cust_105506,1,SaaS,card,0.2769,0.7231,0,15.99
cust_105507,92,Financial Services,card,0.8482,0.1518,0,11.09
cust_105508,81,SaaS,UPI,0.8466,0.1534,0,4.82
cust_105509,52,Gaming,card,0.4663,0.5337,0,15.97
cust_105510,130,E-commerce,card,0.7019,0.2981,0,1.65
cust_105511,64,Edtech,card,0.5224,0.4776,1,0.62
cust_105512,134,Gaming,UPI,0.9148,0.0852,0,2.18
cust_105513,180,Financial Services,card,0.7383,0.2617,0,11.03
cust_105514,33,Edtech,UPI,0.9556,0.0444,0,10.12
cust_105515,189,Financial Services,UPI,0.9676,0.0324,1,11.09
cust_105516,73,Gaming,netbanking,0.9218,0.0782,0,11.24
cust_105517,104,Financial Services,UPI,0.7783,0.2217,0,16.05
cust_105518,21,E-commerce,UPI,0.4531,0.5469,2,23.94
cust_105519,92,Gaming,netbanking,0.9074,0.0926,1,2.38
cust_105520,123,Edtech,UPI,0.7951,0.2049,0,12.5
cust_105521,3,Gaming,card,0.8018,0.1982,1,0.46
cust_105522,151,Edtech,netbanking,0.9356,0.0644,1,2.61
cust_105523,2,Edtech,card,0.7361,0.2639,0,19.53
cust_105524,76,Gaming,card,0.9709,0.0291,1,10.29
cust_105525,335,Financial Services,wallet,0.7071,0.2929,2,10.89
cust_105526,14,SaaS,UPI,0.712,0.288,0,1.48
cust_105527,70,Edtech,UPI,0.7643,0.2357,2,2.86
cust_105528,206,E-commerce,netbanking,0.2182,0.7818,3,17.88
cust_105529,171,SaaS,UPI,0.9432,0.0568,1,15.8
cust_105530,39,SaaS,card,0.7907,0.2093,0,28.67
cust_105531,38,Financial Services,netbanking,0.202,0.798,1,30.46
cust_105532,112,Financial Services,UPI,0.751,0.249,0,20.12
cust_105533,155,SaaS,UPI,0.7796,0.2204,0,5.93
cust_105534,21,Gaming,card,0.8073,0.1927,0,1.01
cust_105535,76,Gaming,card,0.9007,0.0993,0,5.14
cust_105536,36,E-commerce,UPI,0.9381,0.0619,0,1.5
cust_105537,25,E-commerce,netbanking,0.9517,0.0483,0,1.59
cust_105538,13,Financial Services,UPI,0.7819,0.2181,1,1.74
cust_105539,63,Financial Services,card,0.1032,0.8968,0,24.88
cust_105540,61,Edtech,UPI,0.9757,0.0243,1,9.91
cust_105541,51,E-commerce,card,0.7806,0.2194,0,12.06
cust_105542,106,SaaS,UPI,0.9255,0.0745,0,11.62
cust_105543,56,E-commerce,netbanking,0.9262,0.0738,1,23.46
cust_105544,70,SaaS,card,0.7533,0.2467,1,5.09
cust_105545,297,SaaS,UPI,0.4033,0.5967,0,19.49
cust_105546,236,SaaS,netbanking,0.8747,0.1253,0,19.94
cust_105547,36,SaaS,wallet,0.7023,0.2977,0,0.07
cust_105548,5,SaaS,UPI,0.8163,0.1837,0,14.59
cust_105549,31,Financial Services,wallet,0.9009,0.0991,0,11.79
cust_105550,30,Financial Services,netbanking,0.8491,0.1509,0,19.98
cust_105551,377,Financial Services,UPI,0.8977,0.1023,0,16.27
cust_105552,242,Financial Services,card,0.7506,0.2494,0,10.57
cust_105553,44,Edtech,UPI,0.7898,0.2102,0,2.44
cust_105554,80,Edtech,wallet,0.7744,0.2256,2,4.38
cust_105555,201,E-commerce,netbanking,0.9416,0.0584,1,2.37
cust_105556,5,SaaS,UPI,0.8732,0.1268,1,19.31
cust_105557,76,Gaming,card,0.9394,0.0606,0,2.88
cust_105558,69,Financial Services,card,0.8841,0.1159,0,14.46
cust_105559,55,E-commerce,netbanking,0.8099,0.1901,0,11.39
cust_105560,42,Gaming,card,0.9011,0.0989,0,10.95
cust_105561,327,SaaS,UPI,0.7492,0.2508,0,14.71
cust_105562,125,Financial Services,UPI,0.7555,0.2445,0,0.43
cust_105563,26,E-commerce,UPI,0.8835,0.1165,1,8.83
cust_105564,249,E-commerce,UPI,0.9593,0.0407,1,2.26
cust_105565,53,Edtech,wallet,0.7435,0.2565,1,0.69
cust_105566,38,Gaming,UPI,0.7599,0.2401,0,9.64
cust_105567,276,Financial Services,UPI,0.9675,0.0325,1,0.43
cust_105568,85,Financial Services,UPI,0.884,0.116,0,22.71
cust_105569,34,Gaming,card,0.2516,0.7484,0,15.46
cust_105570,98,Gaming,netbanking,0.7662,0.2338,0,9.6
cust_105571,277,E-commerce,card,0.8018,0.1982,0,13.22
cust_105572,84,E-commerce,card,0.9396,0.0604,0,1.37
cust_105573,102,Gaming,UPI,0.8557,0.1443,0,21.11
cust_105574,271,Edtech,UPI,0.7342,0.2658,0,7.24
cust_105575,88,Financial Services,wallet,0.9471,0.0529,0,3.25
cust_105576,91,E-commerce,card,0.8101,0.1899,0,8.8
cust_105577,24,E-commerce,UPI,0.8599,0.1401,0,5.58
cust_105578,8,Edtech,netbanking,0.8617,0.1383,0,24.49
cust_105579,21,Financial Services,UPI,0.903,0.097,0,2.1
cust_105580,333,E-commerce,UPI,0.869,0.131,0,26.14
cust_105581,59,Gaming,UPI,0.7523,0.2477,0,6.89
cust_105582,25,E-commerce,UPI,0.7454,0.2546,2,1.75
cust_105583,39,Edtech,card,0.9523,0.0477,0,18.58
cust_105584,152,Financial Services,UPI,0.955,0.045,0,1.2
cust_105585,36,SaaS,UPI,0.8982,0.1018,0,9.58
cust_105586,100,Edtech,UPI,0.5756,0.4244,1,1.02
cust_105587,16,Gaming,card,0.7418,0.2582,1,29.77
cust_105588,71,SaaS,UPI,0.2822,0.7178,0,26.95
cust_105589,55,SaaS,netbanking,0.7485,0.2515,0,5.79
cust_105590,86,SaaS,card,0.8552,0.1448,0,5.58
cust_105591,80,Gaming,card,0.8921,0.1079,1,4.18
cust_105592,901,Financial Services,netbanking,0.8417,0.1583,0,2.17
cust_105593,46,Gaming,UPI,0.8914,0.1086,1,19.05
cust_105594,39,Edtech,card,0.8001,0.1999,0,1.15
cust_105595,139,E-commerce,UPI,0.8104,0.1896,0,10.44
cust_105596,200,SaaS,UPI,0.9583,0.0417,2,13.94
cust_105597,131,SaaS,UPI,0.7779,0.2221,1,9.98
cust_105598,191,Edtech,UPI,0.8086,0.1914,0,8.19
cust_105599,37,SaaS,UPI,0.9395,0.0605,0,4.83
cust_105600,199,Gaming,card,0.8289,0.1711,0,6.35
cust_105601,42,Edtech,UPI,0.7456,0.2544,0,26.88
cust_105602,6,E-commerce,card,0.8597,0.1403,2,7.58
cust_105603,6,SaaS,UPI,0.1746,0.8254,0,33.2
cust_105604,15,Gaming,card,0.9595,0.0405,0,35.63
cust_105605,128,Gaming,UPI,0.8859,0.1141,0,1.37
cust_105606,170,SaaS,card,0.8338,0.1662,0,0.42
cust_105607,173,Gaming,card,0.8714,0.1286,1,3.62
cust_105608,58,E-commerce,UPI,0.8614,0.1386,1,2.24
cust_105609,21,Financial Services,UPI,0.4434,0.5566,1,19.22
cust_105610,40,Financial Services,UPI,0.5837,0.4163,1,2.02
cust_105611,140,E-commerce,UPI,0.8773,0.1227,1,0.07
cust_105612,87,E-commerce,UPI,0.1787,0.8213,0,26.98
cust_105613,159,Financial Services,UPI,0.9107,0.0893,1,9.94
cust_105614,109,E-commerce,card,0.4029,0.5971,0,18.13
cust_105615,70,SaaS,UPI,0.2913,0.7087,1,16.77
cust_105616,35,SaaS,UPI,0.1904,0.8096,1,27.33
cust_105617,65,SaaS,netbanking,0.7089,0.2911,1,19.94
cust_105618,86,E-commerce,netbanking,0.8853,0.1147,2,15.11
cust_105619,94,Gaming,UPI,0.9611,0.0389,0,22.44
cust_105620,7,E-commerce,card,0.9091,0.0909,0,4.89
cust_105621,260,E-commerce,netbanking,0.3859,0.6141,0,18.19
cust_105622,78,Financial Services,UPI,0.7584,0.2416,0,1.08
cust_105623,94,SaaS,UPI,0.8275,0.1725,0,3.84
cust_105624,68,Edtech,UPI,0.729,0.271,1,0.25
cust_105625,94,Edtech,netbanking,0.7252,0.2748,1,1.5
cust_105626,129,SaaS,card,0.8913,0.1087,0,22.33
cust_105627,39,Gaming,UPI,0.2686,0.7314,1,15.01
cust_105628,53,SaaS,netbanking,0.7915,0.2085,0,0.03
cust_105629,40,E-commerce,netbanking,0.7803,0.2197,1,8.06
cust_105630,49,E-commerce,UPI,0.5116,0.4884,1,6.68
cust_105631,121,E-commerce,UPI,0.8027,0.1973,0,8.62
cust_105632,163,Edtech,UPI,0.9351,0.0649,0,8.43
cust_105633,490,SaaS,UPI,0.9061,0.0939,2,0.94
cust_105634,43,SaaS,UPI,0.7601,0.2399,0,39.79
cust_105635,14,Gaming,card,0.7359,0.2641,0,12.47
cust_105636,27,Gaming,UPI,0.7048,0.2952,0,14.74
cust_105637,14,SaaS,UPI,0.827,0.173,0,34.55
cust_105638,108,E-commerce,card,0.8187,0.1813,0,1.56
cust_105639,109,Edtech,UPI,0.8511,0.1489,0,8.42
cust_105640,99,Financial Services,UPI,0.9587,0.0413,0,16.01
cust_105641,156,E-commerce,UPI,0.7726,0.2274,0,22.31
cust_105642,176,SaaS,wallet,0.918,0.082,0,6.69
cust_105643,33,SaaS,card,0.3409,0.6591,0,16.36
cust_105644,9,SaaS,card,0.8013,0.1987,0,9.62
cust_105645,254,E-commerce,card,0.8561,0.1439,0,41.58
cust_105646,74,Edtech,UPI,0.3995,0.6005,1,22.98
cust_105647,45,SaaS,card,0.902,0.098,0,2.75
cust_105648,98,SaaS,card,0.9414,0.0586,0,4.84
cust_105649,38,SaaS,netbanking,0.7364,0.2636,1,1.86
cust_105650,10,Edtech,UPI,0.9646,0.0354,0,7.62
cust_105651,425,SaaS,UPI,0.7731,0.2269,1,26.16
cust_105652,24,E-commerce,netbanking,0.8916,0.1084,0,29.61
cust_105653,27,SaaS,UPI,0.8989,0.1011,0,4.79
cust_105654,133,Edtech,wallet,0.1293,0.8707,0,27.78
cust_105655,12,SaaS,card,0.9542,0.0458,0,21.7
cust_105656,59,Financial Services,card,0.858,0.142,0,3.0
cust_105657,57,Financial Services,UPI,0.9501,0.0499,0,0.51
cust_105658,218,Edtech,UPI,0.8038,0.1962,1,0.67
cust_105659,100,Gaming,card,0.9795,0.0205,0,8.55
cust_105660,41,Edtech,card,0.9362,0.0638,0,4.08
cust_105661,211,E-commerce,card,0.9356,0.0644,0,18.81
cust_105662,304,E-commerce,card,0.7703,0.2297,0,24.74
cust_105663,26,Financial Services,UPI,0.1221,0.8779,0,27.98
cust_105664,309,SaaS,card,0.9232,0.0768,1,0.63
cust_105665,112,Gaming,wallet,0.2036,0.7964,0,15.53
cust_105666,31,Financial Services,UPI,0.7281,0.2719,0,0.45
cust_105667,283,Financial Services,card,0.9641,0.0359,1,0.56
cust_105668,106,Financial Services,netbanking,0.8446,0.1554,0,21.02
cust_105669,200,Gaming,UPI,0.1487,0.8513,0,25.72
cust_105670,71,Edtech,UPI,0.7415,0.2585,0,5.89
cust_105671,290,SaaS,UPI,0.7303,0.2697,0,7.71
cust_105672,144,Edtech,card,0.8298,0.1702,2,2.42
cust_105673,72,E-commerce,card,0.8144,0.1856,2,7.48
cust_105674,3,SaaS,UPI,0.8293,0.1707,0,0.56
cust_105675,62,E-commerce,UPI,0.9713,0.0287,0,7.67
cust_105676,109,Edtech,UPI,0.8486,0.1514,0,30.54
cust_105677,11,Edtech,netbanking,0.7559,0.2441,0,7.19
cust_105678,14,Financial Services,UPI,0.8971,0.1029,0,13.54
cust_105679,38,SaaS,card,0.3175,0.6825,0,19.92
cust_105680,285,Edtech,netbanking,0.8479,0.1521,0,2.72
cust_105681,26,Edtech,wallet,0.897,0.103,0,16.51
cust_105682,56,Gaming,wallet,0.7083,0.2917,0,4.33
cust_105683,122,SaaS,wallet,0.7935,0.2065,2,8.29
cust_105684,170,E-commerce,netbanking,0.7438,0.2562,0,9.67
cust_105685,93,Financial Services,card,0.9347,0.0653,1,2.33
cust_105686,74,Financial Services,UPI,0.7417,0.2583,0,23.38
cust_105687,116,Edtech,netbanking,0.8469,0.1531,0,23.11
cust_105688,111,E-commerce,UPI,0.833,0.167,0,30.24
cust_105689,10,SaaS,card,0.233,0.767,1,24.97
cust_105690,78,Financial Services,UPI,0.787,0.213,0,0.54
cust_105691,168,Edtech,UPI,0.707,0.293,0,7.01
cust_105692,57,SaaS,UPI,0.7142,0.2858,3,21.56
cust_105693,305,Gaming,UPI,0.8309,0.1691,0,1.03
cust_105694,79,Edtech,netbanking,0.4745,0.5255,0,26.01
cust_105695,15,Edtech,UPI,0.8523,0.1477,0,30.21
cust_105696,54,Gaming,netbanking,0.4575,0.5425,0,24.6
cust_105697,111,Edtech,netbanking,0.7882,0.2118,0,2.11
cust_105698,30,SaaS,netbanking,0.7482,0.2518,0,0.38
cust_105699,92,Edtech,card,0.8405,0.1595,2,26.59
cust_105700,155,Gaming,UPI,0.9324,0.0676,1,5.35
cust_105701,137,Financial Services,UPI,0.8106,0.1894,0,12.69
cust_105702,209,Gaming,card,0.838,0.162,0,31.38
cust_105703,4,E-commerce,UPI,0.7556,0.2444,0,0.49
cust_105704,63,Gaming,card,0.7337,0.2663,3,12.86
cust_105705,223,Financial Services,UPI,0.8558,0.1442,1,4.89
cust_105706,90,Edtech,card,0.554,0.446,1,8.47
cust_105707,289,SaaS,wallet,0.3425,0.6575,0,17.14
cust_105708,136,SaaS,UPI,0.8599,0.1401,0,4.26
cust_105709,198,E-commerce,card,0.7488,0.2512,0,6.4
cust_105710,104,Edtech,UPI,0.7591,0.2409,0,0.11
cust_105711,78,Gaming,UPI,0.8666,0.1334,1,4.79
cust_105712,1,Gaming,UPI,0.7319,0.2681,0,0.75
cust_105713,14,Gaming,card,0.7041,0.2959,1,6.73
cust_105714,350,Edtech,netbanking,0.8206,0.1794,0,16.61
cust_105715,109,E-commerce,wallet,0.3336,0.6664,0,29.9
cust_105716,176,Gaming,UPI,0.9531,0.0469,1,1.3
cust_105717,67,E-commerce,netbanking,0.3054,0.6946,0,25.09
cust_105718,118,E-commerce,UPI,0.8846,0.1154,0,12.27
cust_105719,430,Edtech,UPI,0.5654,0.4346,0,1.0
cust_105720,34,Gaming,UPI,0.9238,0.0762,0,2.62
cust_105721,31,E-commerce,card,0.8965,0.1035,1,11.65
cust_105722,36,Gaming,netbanking,0.8667,0.1333,1,0.51
cust_105723,110,Gaming,card,0.741,0.259,0,3.04
cust_105724,105,SaaS,card,0.3222,0.6778,0,23.38
cust_105725,23,SaaS,UPI,0.8505,0.1495,0,3.72
cust_105726,70,Gaming,UPI,0.9598,0.0402,0,6.35
cust_105727,398,Gaming,UPI,0.5102,0.4898,1,7.11
cust_105728,97,SaaS,UPI,0.9599,0.0401,0,3.28
cust_105729,1,Edtech,UPI,0.7387,0.2613,1,3.29
cust_105730,63,SaaS,UPI,0.9464,0.0536,0,15.11
cust_105731,112,Edtech,UPI,0.9065,0.0935,0,16.97
cust_105732,29,E-commerce,UPI,0.8233,0.1767,0,8.24
cust_105733,75,Gaming,netbanking,0.9611,0.0389,0,13.53
cust_105734,21,Gaming,card,0.9273,0.0727,1,12.88
cust_105735,207,Edtech,UPI,0.8173,0.1827,1,8.59
cust_105736,25,Edtech,UPI,0.7262,0.2738,0,1.09
cust_105737,87,E-commerce,UPI,0.8065,0.1935,0,5.8
cust_105738,78,SaaS,card,0.8129,0.1871,1,0.84
cust_105739,8,SaaS,UPI,0.8431,0.1569,0,13.71
cust_105740,31,Financial Services,netbanking,0.8653,0.1347,0,5.91
cust_105741,182,E-commerce,card,0.8186,0.1814,0,27.36
cust_105742,66,Gaming,netbanking,0.9033,0.0967,0,18.22
cust_105743,37,Financial Services,UPI,0.9797,0.0203,1,2.6
cust_105744,44,Financial Services,card,0.714,0.286,1,17.59
cust_105745,95,SaaS,UPI,0.7642,0.2358,0,8.08
cust_105746,48,SaaS,UPI,0.9213,0.0787,0,10.98
cust_105747,59,Gaming,netbanking,0.7993,0.2007,1,42.12
cust_105748,42,SaaS,card,0.8545,0.1455,1,15.58
cust_105749,65,E-commerce,card,0.7796,0.2204,0,42.52
cust_105750,194,Gaming,netbanking,0.7933,0.2067,1,0.32
cust_105751,240,Financial Services,UPI,0.9181,0.0819,0,8.25
cust_105752,66,Financial Services,card,0.9405,0.0595,0,11.95
cust_105753,231,Financial Services,UPI,0.8792,0.1208,0,5.74
cust_105754,393,Gaming,UPI,0.8966,0.1034,0,10.6
cust_105755,66,Edtech,wallet,0.8054,0.1946,1,10.35
cust_105756,8,Gaming,card,0.7742,0.2258,1,2.48
cust_105757,296,Gaming,UPI,0.7744,0.2256,0,0.34
cust_105758,65,Gaming,netbanking,0.7181,0.2819,0,9.24
cust_105759,29,SaaS,UPI,0.7946,0.2054,1,23.22
cust_105760,279,Financial Services,netbanking,0.5906,0.4094,1,27.18
cust_105761,18,Edtech,UPI,0.7681,0.2319,0,4.29
cust_105762,117,Financial Services,UPI,0.8531,0.1469,0,6.47
cust_105763,71,SaaS,card,0.8607,0.1393,0,2.45
cust_105764,36,E-commerce,UPI,0.812,0.188,0,6.38
cust_105765,50,Gaming,UPI,0.7115,0.2885,0,35.9
cust_105766,32,Financial Services,netbanking,0.2293,0.7707,1,64.87
cust_105767,170,Financial Services,card,0.9765,0.0235,0,8.1
cust_105768,36,Gaming,UPI,0.8612,0.1388,2,15.47
cust_105769,163,Financial Services,UPI,0.5165,0.4835,0,5.49
cust_105770,172,SaaS,netbanking,0.76,0.24,0,8.28
cust_105771,173,SaaS,card,0.9119,0.0881,0,7.46
cust_105772,234,E-commerce,UPI,0.9115,0.0885,0,16.31
cust_105773,12,Gaming,netbanking,0.7457,0.2543,0,0.01
cust_105774,33,E-commerce,UPI,0.7302,0.2698,0,11.8
cust_105775,29,E-commerce,netbanking,0.8141,0.1859,0,6.16
cust_105776,69,SaaS,card,0.9747,0.0253,0,1.38
cust_105777,255,SaaS,UPI,0.7899,0.2101,0,7.54
cust_105778,126,Gaming,UPI,0.2662,0.7338,1,25.51
cust_105779,66,SaaS,wallet,0.8009,0.1991,0,8.62
cust_105780,45,Edtech,card,0.8388,0.1612,0,0.47
cust_105781,200,Edtech,UPI,0.1487,0.8513,0,24.35
cust_105782,146,Edtech,UPI,0.9445,0.0555,0,31.74
cust_105783,107,Edtech,UPI,0.9206,0.0794,1,2.77
cust_105784,28,Financial Services,UPI,0.7177,0.2823,1,2.47
cust_105785,269,Financial Services,UPI,0.9608,0.0392,0,2.4
cust_105786,112,SaaS,UPI,0.7355,0.2645,0,8.73
cust_105787,138,Edtech,card,0.8605,0.1395,0,6.94
cust_105788,88,Gaming,card,0.8531,0.1469,1,8.84
cust_105789,21,SaaS,UPI,0.8293,0.1707,0,25.22
cust_105790,171,Gaming,card,0.2357,0.7643,0,16.18
cust_105791,275,Financial Services,netbanking,0.8448,0.1552,0,15.96
cust_105792,72,SaaS,UPI,0.9351,0.0649,1,15.14
cust_105793,10,Gaming,UPI,0.8105,0.1895,0,4.0
cust_105794,84,Financial Services,UPI,0.8529,0.1471,0,4.59
cust_105795,160,Gaming,card,0.8729,0.1271,0,2.36
cust_105796,48,E-commerce,UPI,0.8629,0.1371,0,3.08
cust_105797,9,Gaming,card,0.7873,0.2127,1,17.22
cust_105798,16,Gaming,card,0.7875,0.2125,0,23.3
cust_105799,15,SaaS,UPI,0.8647,0.1353,0,5.23
cust_105800,292,Edtech,card,0.7138,0.2862,1,21.5
cust_105801,72,SaaS,UPI,0.9023,0.0977,1,0.55
cust_105802,17,E-commerce,card,0.4437,0.5563,0,18.01
cust_105803,156,Financial Services,card,0.769,0.231,1,15.12
cust_105804,168,Financial Services,UPI,0.7125,0.2875,0,6.51
cust_105805,3,SaaS,UPI,0.1393,0.8607,0,16.14
cust_105806,17,SaaS,UPI,0.8669,0.1331,1,7.9
cust_105807,78,Gaming,UPI,0.758,0.242,0,1.58
cust_105808,189,Edtech,UPI,0.9732,0.0268,1,2.16
cust_105809,86,E-commerce,UPI,0.3896,0.6104,0,22.82
cust_105810,483,Edtech,netbanking,0.7156,0.2844,1,1.51
cust_105811,11,Financial Services,UPI,0.1124,0.8876,0,25.27
cust_105812,84,Gaming,netbanking,0.738,0.262,1,19.17
cust_105813,79,Gaming,UPI,0.7701,0.2299,1,21.41
cust_105814,134,SaaS,netbanking,0.8054,0.1946,1,0.98
cust_105815,22,Financial Services,UPI,0.7767,0.2233,0,16.89
cust_105816,43,Gaming,wallet,0.8208,0.1792,1,6.46
cust_105817,76,Financial Services,UPI,0.4946,0.5054,0,15.32
cust_105818,140,Edtech,UPI,0.9297,0.0703,1,2.62
cust_105819,6,Edtech,card,0.9422,0.0578,1,3.01
cust_105820,21,Financial Services,UPI,0.7952,0.2048,0,5.51
cust_105821,128,SaaS,UPI,0.9191,0.0809,0,4.67
cust_105822,233,Edtech,UPI,0.9701,0.0299,1,3.23
cust_105823,26,E-commerce,card,0.9255,0.0745,0,9.26
cust_105824,169,SaaS,card,0.7679,0.2321,0,16.22
cust_105825,92,Edtech,UPI,0.8132,0.1868,0,9.48
cust_105826,20,Financial Services,UPI,0.9392,0.0608,0,4.31
cust_105827,12,E-commerce,UPI,0.7942,0.2058,0,4.67
cust_105828,270,Edtech,UPI,0.2982,0.7018,0,18.73
cust_105829,186,Edtech,UPI,0.7972,0.2028,0,2.37
cust_105830,595,SaaS,card,0.566,0.434,0,3.18
cust_105831,23,Financial Services,UPI,0.7523,0.2477,1,9.98
cust_105832,49,E-commerce,card,0.7507,0.2493,0,3.68
cust_105833,127,Financial Services,UPI,0.9468,0.0532,0,19.12
cust_105834,16,Financial Services,netbanking,0.7376,0.2624,0,4.29
cust_105835,114,Edtech,card,0.8092,0.1908,0,16.04
cust_105836,435,SaaS,UPI,0.2405,0.7595,1,42.48
cust_105837,24,SaaS,card,0.5554,0.4446,0,21.47
cust_105838,135,Gaming,UPI,0.7703,0.2297,0,16.96
cust_105839,111,Gaming,UPI,0.9781,0.0219,0,17.52
cust_105840,50,SaaS,UPI,0.9742,0.0258,1,4.28
cust_105841,28,SaaS,netbanking,0.3944,0.6056,0,25.12
cust_105842,256,Financial Services,UPI,0.8385,0.1615,1,10.73
cust_105843,56,Gaming,card,0.5373,0.4627,0,0.22
cust_105844,355,E-commerce,UPI,0.9471,0.0529,1,4.98
cust_105845,208,Edtech,UPI,0.92,0.08,1,4.56
cust_105846,131,SaaS,UPI,0.7765,0.2235,0,13.22
cust_105847,45,E-commerce,UPI,0.8144,0.1856,1,6.88
cust_105848,90,Edtech,card,0.8788,0.1212,0,5.4
cust_105849,634,Financial Services,UPI,0.4652,0.5348,0,36.7
cust_105850,140,E-commerce,netbanking,0.3644,0.6356,0,18.17
cust_105851,229,E-commerce,UPI,0.9477,0.0523,1,14.1
cust_105852,96,Edtech,UPI,0.7968,0.2032,0,11.94
cust_105853,2,Gaming,card,0.9426,0.0574,0,2.49
cust_105854,168,Gaming,UPI,0.3771,0.6229,0,21.37
cust_105855,136,E-commerce,netbanking,0.7741,0.2259,0,5.05
cust_105856,9,Gaming,card,0.7358,0.2642,0,12.27
cust_105857,47,Gaming,netbanking,0.7651,0.2349,0,28.75
cust_105858,10,Edtech,card,0.8014,0.1986,1,0.23
cust_105859,431,Edtech,UPI,0.4379,0.5621,0,21.65
cust_105860,94,Financial Services,card,0.8828,0.1172,0,5.8
cust_105861,92,Edtech,UPI,0.7948,0.2052,2,0.0
cust_105862,278,E-commerce,UPI,0.9367,0.0633,0,1.65
cust_105863,24,SaaS,netbanking,0.5722,0.4278,0,31.26
cust_105864,32,E-commerce,UPI,0.9757,0.0243,2,2.09
cust_105865,177,Edtech,UPI,0.8721,0.1279,0,9.39
cust_105866,113,Financial Services,card,0.8738,0.1262,0,0.71
cust_105867,74,SaaS,card,0.9523,0.0477,0,3.76
cust_105868,16,Financial Services,UPI,0.768,0.232,1,7.58
cust_105869,164,Edtech,UPI,0.89,0.11,1,20.33
cust_105870,5,E-commerce,UPI,0.7086,0.2914,0,4.24
cust_105871,226,Gaming,UPI,0.8918,0.1082,0,1.41
cust_105872,208,SaaS,card,0.799,0.201,0,2.39
cust_105873,121,SaaS,UPI,0.717,0.283,0,9.85
cust_105874,569,SaaS,netbanking,0.8084,0.1916,0,7.73
cust_105875,772,E-commerce,card,0.7714,0.2286,0,24.03
cust_105876,33,E-commerce,UPI,0.4044,0.5956,0,16.01
cust_105877,57,E-commerce,UPI,0.8527,0.1473,0,47.87
cust_105878,30,E-commerce,UPI,0.9503,0.0497,0,9.36
cust_105879,157,Edtech,UPI,0.9467,0.0533,0,9.7
cust_105880,93,SaaS,UPI,0.5604,0.4396,0,5.71
cust_105881,487,SaaS,netbanking,0.9002,0.0998,1,13.3
cust_105882,281,Financial Services,UPI,0.8414,0.1586,0,13.74
cust_105883,106,Gaming,UPI,0.9359,0.0641,0,3.82
cust_105884,37,Edtech,UPI,0.7781,0.2219,0,19.3
cust_105885,163,Edtech,netbanking,0.9675,0.0325,1,4.25
cust_105886,8,Edtech,netbanking,0.715,0.285,0,13.51
cust_105887,57,Gaming,netbanking,0.8498,0.1502,0,16.96
cust_105888,40,Edtech,UPI,0.833,0.167,0,62.06
cust_105889,88,Gaming,netbanking,0.8973,0.1027,1,5.73
cust_105890,59,Gaming,UPI,0.4209,0.5791,3,17.81
cust_105891,538,Edtech,UPI,0.8668,0.1332,1,5.43
cust_105892,215,E-commerce,UPI,0.9689,0.0311,0,30.37
cust_105893,145,Gaming,card,0.9448,0.0552,1,2.27
cust_105894,82,Financial Services,UPI,0.859,0.141,0,15.21
cust_105895,2,Financial Services,card,0.8478,0.1522,0,0.65
cust_105896,63,E-commerce,netbanking,0.914,0.086,0,8.09
cust_105897,137,Gaming,UPI,0.5966,0.4034,0,24.24
cust_105898,87,Edtech,UPI,0.8969,0.1031,0,8.97
cust_105899,4,Financial Services,UPI,0.5199,0.4801,0,1.47
cust_105900,37,E-commerce,UPI,0.7651,0.2349,0,22.13
cust_105901,114,SaaS,netbanking,0.9762,0.0238,0,0.94
cust_105902,75,Gaming,netbanking,0.8068,0.1932,0,0.96
cust_105903,48,Edtech,UPI,0.737,0.263,0,1.45
cust_105904,35,E-commerce,card,0.8816,0.1184,0,10.01
cust_105905,93,Gaming,card,0.846,0.154,0,7.37
cust_105906,3,E-commerce,UPI,0.7289,0.2711,0,2.01
cust_105907,36,SaaS,UPI,0.8847,0.1153,0,4.27
cust_105908,464,Financial Services,UPI,0.56,0.44,0,10.59
cust_105909,126,E-commerce,netbanking,0.8586,0.1414,2,2.62
cust_105910,116,E-commerce,netbanking,0.8441,0.1559,0,37.91
cust_105911,13,SaaS,UPI,0.856,0.144,1,13.45
cust_105912,4,E-commerce,card,0.7339,0.2661,1,0.22
cust_105913,4,SaaS,netbanking,0.215,0.785,1,15.56
cust_105914,197,SaaS,netbanking,0.4458,0.5542,0,18.59
cust_105915,182,Financial Services,card,0.8062,0.1938,1,11.3
cust_105916,86,SaaS,netbanking,0.8422,0.1578,0,2.61
cust_105917,48,Gaming,netbanking,0.8563,0.1437,0,4.37
cust_105918,95,Financial Services,UPI,0.7341,0.2659,0,3.29
cust_105919,112,Gaming,card,0.2477,0.7523,2,28.49
cust_105920,10,Edtech,UPI,0.726,0.274,0,5.95
cust_105921,29,SaaS,UPI,0.7659,0.2341,0,4.44
cust_105922,98,Gaming,UPI,0.7894,0.2106,0,0.77
cust_105923,33,E-commerce,UPI,0.7238,0.2762,0,15.88
cust_105924,50,Gaming,UPI,0.9201,0.0799,1,1.27
cust_105925,84,Edtech,card,0.9103,0.0897,0,12.51
cust_105926,8,Gaming,UPI,0.7546,0.2454,0,14.23
cust_105927,248,Edtech,UPI,0.9751,0.0249,0,2.92
cust_105928,14,Edtech,UPI,0.9212,0.0788,0,36.37
cust_105929,62,SaaS,UPI,0.4667,0.5333,0,16.9
cust_105930,26,SaaS,card,0.9104,0.0896,0,59.53
cust_105931,89,E-commerce,card,0.5087,0.4913,0,11.72
cust_105932,77,Edtech,UPI,0.9667,0.0333,0,25.99
cust_105933,42,Gaming,UPI,0.9335,0.0665,0,0.9
cust_105934,25,Edtech,UPI,0.4445,0.5555,1,30.23
cust_105935,149,Financial Services,UPI,0.9511,0.0489,0,13.58
cust_105936,121,Financial Services,card,0.7258,0.2742,1,13.15
cust_105937,39,SaaS,card,0.81,0.19,0,18.25
cust_105938,79,Edtech,card,0.7242,0.2758,2,1.61
cust_105939,232,SaaS,card,0.9497,0.0503,0,25.43
cust_105940,35,E-commerce,UPI,0.7004,0.2996,0,13.9
cust_105941,72,Financial Services,card,0.7282,0.2718,0,9.43
cust_105942,208,Gaming,UPI,0.9566,0.0434,1,5.93
cust_105943,47,Edtech,UPI,0.8314,0.1686,1,4.42
cust_105944,50,Gaming,UPI,0.8028,0.1972,1,4.99
cust_105945,131,Gaming,card,0.8204,0.1796,0,1.02
cust_105946,271,Gaming,card,0.8551,0.1449,0,0.61
cust_105947,205,Financial Services,card,0.8589,0.1411,4,21.69
cust_105948,10,Gaming,netbanking,0.8088,0.1912,0,9.42
cust_105949,5,Financial Services,card,0.8478,0.1522,0,5.29
cust_105950,205,Gaming,card,0.8555,0.1445,0,5.16
cust_105951,6,Gaming,card,0.3646,0.6354,1,17.54
cust_105952,53,Financial Services,wallet,0.7203,0.2797,0,8.24
cust_105953,62,SaaS,card,0.8656,0.1344,1,10.8
cust_105954,96,E-commerce,UPI,0.9363,0.0637,0,7.74
cust_105955,21,Gaming,netbanking,0.8056,0.1944,0,0.99
cust_105956,51,Gaming,UPI,0.7062,0.2938,0,5.1
cust_105957,154,SaaS,wallet,0.5406,0.4594,1,27.41
cust_105958,60,Edtech,UPI,0.9697,0.0303,0,3.29
cust_105959,271,Gaming,UPI,0.9327,0.0673,0,2.74
cust_105960,192,E-commerce,card,0.7848,0.2152,0,11.44
cust_105961,147,SaaS,card,0.7016,0.2984,0,8.54
cust_105962,11,Gaming,card,0.739,0.261,0,5.77
cust_105963,236,SaaS,UPI,0.8011,0.1989,0,1.29
cust_105964,5,Gaming,UPI,0.9681,0.0319,1,10.9
cust_105965,16,Financial Services,card,0.7814,0.2186,1,18.84
cust_105966,723,SaaS,card,0.7386,0.2614,0,11.19
cust_105967,224,Edtech,UPI,0.7518,0.2482,0,3.84
cust_105968,40,SaaS,netbanking,0.4365,0.5635,0,19.14
cust_105969,112,Gaming,UPI,0.146,0.854,0,22.35
cust_105970,64,Gaming,UPI,0.7386,0.2614,0,7.36
cust_105971,204,Edtech,netbanking,0.7395,0.2605,0,9.15
cust_105972,233,Financial Services,UPI,0.8645,0.1355,2,3.0
cust_105973,24,Financial Services,UPI,0.4536,0.5464,2,24.0
cust_105974,100,Edtech,UPI,0.8026,0.1974,0,29.44
cust_105975,23,E-commerce,UPI,0.3768,0.6232,0,19.52
cust_105976,50,Edtech,UPI,0.9334,0.0666,0,14.18
cust_105977,60,SaaS,UPI,0.9183,0.0817,2,3.78
cust_105978,210,E-commerce,UPI,0.389,0.611,0,20.95
cust_105979,25,E-commerce,UPI,0.8028,0.1972,0,14.05
cust_105980,221,SaaS,wallet,0.7051,0.2949,0,2.44
cust_105981,170,SaaS,card,0.2996,0.7004,0,17.3
cust_105982,40,Edtech,UPI,0.9662,0.0338,0,33.31
cust_105983,14,Financial Services,wallet,0.9316,0.0684,1,13.46
cust_105984,134,Edtech,UPI,0.8316,0.1684,0,7.2
cust_105985,122,E-commerce,card,0.9575,0.0425,0,5.85
cust_105986,83,Gaming,UPI,0.9019,0.0981,0,21.89
cust_105987,121,Edtech,card,0.1445,0.8555,0,25.3
cust_105988,104,Gaming,UPI,0.9555,0.0445,1,5.03
cust_105989,14,Gaming,UPI,0.8929,0.1071,1,16.15
cust_105990,39,Financial Services,UPI,0.7381,0.2619,0,9.57
cust_105991,203,Financial Services,UPI,0.5708,0.4292,0,36.34
cust_105992,15,Gaming,UPI,0.9226,0.0774,0,1.03
cust_105993,38,Edtech,UPI,0.133,0.867,1,31.87
cust_105994,89,Edtech,card,0.8796,0.1204,1,0.96
cust_105995,49,SaaS,card,0.3872,0.6128,2,17.15
cust_105996,16,SaaS,netbanking,0.9363,0.0637,0,2.17
cust_105997,326,SaaS,UPI,0.8839,0.1161,1,0.92
cust_105998,50,Edtech,UPI,0.7226,0.2774,0,6.48
cust_105999,1,SaaS,wallet,0.7637,0.2363,0,2.99
cust_106000,31,Financial Services,UPI,0.3848,0.6152,1,20.2
cust_106001,247,E-commerce,card,0.3312,0.6688,0,37.86
cust_106002,167,Financial Services,UPI,0.8905,0.1095,0,25.56
cust_106003,83,SaaS,card,0.7718,0.2282,2,2.8
cust_106004,109,SaaS,UPI,0.8607,0.1393,1,6.11
cust_106005,146,Edtech,card,0.7916,0.2084,0,0.8
cust_106006,109,Edtech,netbanking,0.8808,0.1192,1,1.37
cust_106007,204,Gaming,netbanking,0.8157,0.1843,0,13.04
cust_106008,64,Gaming,card,0.9423,0.0577,1,7.56
cust_106009,29,Financial Services,UPI,0.8666,0.1334,0,0.28
cust_106010,109,Edtech,UPI,0.9145,0.0855,0,1.53
cust_106011,160,Financial Services,card,0.7247,0.2753,2,0.28
cust_106012,128,Gaming,card,0.8441,0.1559,0,1.31
cust_106013,106,E-commerce,netbanking,0.7566,0.2434,1,4.85
cust_106014,6,Edtech,UPI,0.7231,0.2769,1,6.91
cust_106015,13,SaaS,UPI,0.2661,0.7339,1,18.85
cust_106016,165,E-commerce,card,0.8572,0.1428,1,7.23
cust_106017,76,Gaming,netbanking,0.8917,0.1083,1,1.43
cust_106018,189,SaaS,UPI,0.7831,0.2169,0,0.62
cust_106019,136,Edtech,UPI,0.8467,0.1533,1,0.22
cust_106020,140,E-commerce,UPI,0.9572,0.0428,0,9.8
cust_106021,248,Financial Services,UPI,0.8136,0.1864,1,5.35
cust_106022,84,Edtech,card,0.8219,0.1781,0,22.15
cust_106023,177,Financial Services,UPI,0.8647,0.1353,1,24.54
cust_106024,48,E-commerce,card,0.979,0.021,0,13.34
cust_106025,21,Edtech,UPI,0.8409,0.1591,0,20.04
cust_106026,43,Gaming,card,0.7495,0.2505,2,22.35
cust_106027,27,E-commerce,card,0.9748,0.0252,1,2.49
cust_106028,82,Edtech,UPI,0.7386,0.2614,1,27.64
cust_106029,74,SaaS,wallet,0.7149,0.2851,1,1.11
cust_106030,106,Financial Services,UPI,0.8973,0.1027,0,9.77
cust_106031,156,Financial Services,UPI,0.8736,0.1264,0,8.33
cust_106032,10,Edtech,card,0.5805,0.4195,1,14.28
cust_106033,104,E-commerce,netbanking,0.7512,0.2488,0,17.91
cust_106034,12,SaaS,UPI,0.8514,0.1486,0,20.88
cust_106035,147,Edtech,UPI,0.7909,0.2091,0,3.44
cust_106036,19,SaaS,card,0.896,0.104,0,28.46
cust_106037,365,SaaS,card,0.868,0.132,0,4.45
cust_106038,87,E-commerce,UPI,0.1417,0.8583,0,47.33
cust_106039,260,SaaS,UPI,0.8421,0.1579,0,17.9
cust_106040,209,Financial Services,UPI,0.5931,0.4069,1,6.42
cust_106041,27,SaaS,netbanking,0.5027,0.4973,1,12.2
cust_106042,163,Financial Services,netbanking,0.7151,0.2849,0,44.88
cust_106043,20,E-commerce,card,0.7067,0.2933,0,5.43
cust_106044,78,Gaming,netbanking,0.7655,0.2345,0,6.87
cust_106045,17,Edtech,UPI,0.7233,0.2767,0,31.28
cust_106046,174,E-commerce,wallet,0.95,0.05,0,11.4
cust_106047,6,E-commerce,card,0.9523,0.0477,0,1.01
cust_106048,101,Gaming,UPI,0.9694,0.0306,0,10.73
cust_106049,147,SaaS,wallet,0.817,0.183,0,6.26
cust_106050,196,SaaS,card,0.1555,0.8445,0,33.52
cust_106051,7,E-commerce,UPI,0.9605,0.0395,0,0.81
cust_106052,4,Edtech,UPI,0.8833,0.1167,0,2.91
cust_106053,17,Gaming,card,0.8774,0.1226,0,0.19
cust_106054,66,Gaming,UPI,0.8227,0.1773,0,5.89
cust_106055,133,SaaS,card,0.8378,0.1622,1,6.4
cust_106056,29,Financial Services,card,0.9365,0.0635,0,6.76
cust_106057,66,Financial Services,card,0.7139,0.2861,2,3.04
cust_106058,201,Edtech,card,0.8652,0.1348,0,12.4
cust_106059,111,Edtech,wallet,0.9558,0.0442,0,6.27
cust_106060,94,SaaS,netbanking,0.5913,0.4087,0,10.41
cust_106061,427,Edtech,card,0.8742,0.1258,0,11.75
cust_106062,130,Edtech,UPI,0.7034,0.2966,0,13.58
cust_106063,83,Gaming,card,0.2387,0.7613,0,55.94
cust_106064,42,E-commerce,UPI,0.9459,0.0541,0,7.8
cust_106065,52,Financial Services,UPI,0.4058,0.5942,1,24.98
cust_106066,182,Edtech,card,0.3714,0.6286,0,23.39
cust_106067,72,Gaming,netbanking,0.9675,0.0325,1,0.96
cust_106068,23,Edtech,UPI,0.8726,0.1274,0,10.69
cust_106069,49,E-commerce,card,0.8006,0.1994,1,1.73
cust_106070,105,E-commerce,card,0.8921,0.1079,1,5.5
cust_106071,110,Edtech,card,0.2807,0.7193,1,23.29
cust_106072,16,SaaS,UPI,0.3038,0.6962,0,16.71
cust_106073,45,Financial Services,card,0.8617,0.1383,0,0.95
cust_106074,104,SaaS,UPI,0.82,0.18,0,6.15
cust_106075,14,Gaming,wallet,0.3734,0.6266,0,30.2
cust_106076,213,Financial Services,wallet,0.7123,0.2877,0,20.72
cust_106077,380,E-commerce,UPI,0.8403,0.1597,0,0.62
cust_106078,117,E-commerce,card,0.9678,0.0322,0,15.99
cust_106079,5,E-commerce,netbanking,0.7809,0.2191,0,10.7
cust_106080,10,Gaming,UPI,0.9762,0.0238,1,7.16
cust_106081,297,E-commerce,UPI,0.2963,0.7037,1,16.36
cust_106082,16,Financial Services,wallet,0.9375,0.0625,0,22.71
cust_106083,565,E-commerce,UPI,0.7023,0.2977,0,15.1
cust_106084,60,E-commerce,UPI,0.932,0.068,0,14.78
cust_106085,183,SaaS,UPI,0.9759,0.0241,0,25.33
cust_106086,6,Edtech,card,0.9517,0.0483,0,18.2
cust_106087,283,E-commerce,UPI,0.8286,0.1714,0,6.55
cust_106088,43,Edtech,UPI,0.7171,0.2829,0,2.36
cust_106089,53,E-commerce,card,0.8604,0.1396,0,3.95
cust_106090,131,E-commerce,card,0.762,0.238,0,2.74
cust_106091,1,Edtech,netbanking,0.7195,0.2805,1,0.8
cust_106092,106,SaaS,netbanking,0.8801,0.1199,0,2.21
cust_106093,107,Financial Services,netbanking,0.713,0.287,0,9.09
cust_106094,124,E-commerce,card,0.4822,0.5178,0,24.98
cust_106095,17,Gaming,UPI,0.8159,0.1841,0,0.18
cust_106096,121,Edtech,card,0.7424,0.2576,0,9.12
cust_106097,92,SaaS,UPI,0.2963,0.7037,0,39.04
cust_106098,67,E-commerce,card,0.8726,0.1274,0,0.81
cust_106099,11,SaaS,card,0.8899,0.1101,0,2.58
cust_106100,166,Financial Services,UPI,0.9454,0.0546,0,5.64
cust_106101,49,Gaming,card,0.975,0.025,0,4.99
cust_106102,239,Financial Services,netbanking,0.8584,0.1416,2,10.39
cust_106103,98,E-commerce,card,0.3967,0.6033,0,16.18
cust_106104,200,Gaming,card,0.7873,0.2127,1,3.17
cust_106105,43,Financial Services,card,0.5766,0.4234,0,4.87
cust_106106,25,E-commerce,UPI,0.9251,0.0749,1,0.23
cust_106107,101,E-commerce,UPI,0.9477,0.0523,0,12.21
cust_106108,160,E-commerce,netbanking,0.799,0.201,0,19.65
cust_106109,22,E-commerce,UPI,0.331,0.669,0,30.97
cust_106110,32,Financial Services,UPI,0.8946,0.1054,0,0.8
cust_106111,6,E-commerce,UPI,0.3225,0.6775,0,26.94
cust_106112,100,SaaS,UPI,0.9357,0.0643,0,16.66
cust_106113,84,E-commerce,card,0.8542,0.1458,0,2.71
cust_106114,423,E-commerce,card,0.8961,0.1039,0,5.21
cust_106115,48,E-commerce,UPI,0.4976,0.5024,2,19.34
cust_106116,173,E-commerce,UPI,0.5535,0.4465,0,12.03
cust_106117,128,Gaming,card,0.8462,0.1538,2,21.09
cust_106118,3,Financial Services,UPI,0.8922,0.1078,0,10.53
cust_106119,13,Gaming,netbanking,0.1532,0.8468,0,15.29
cust_106120,151,SaaS,netbanking,0.7592,0.2408,0,0.31
cust_106121,235,Edtech,card,0.8542,0.1458,0,3.98
cust_106122,79,Gaming,netbanking,0.8593,0.1407,0,1.06
cust_106123,240,Financial Services,UPI,0.8317,0.1683,1,7.1
cust_106124,18,SaaS,netbanking,0.8447,0.1553,2,2.04
cust_106125,45,SaaS,UPI,0.9165,0.0835,0,26.1
cust_106126,59,E-commerce,card,0.9144,0.0856,1,19.86
cust_106127,66,Gaming,card,0.7188,0.2812,0,4.06
cust_106128,4,Financial Services,wallet,0.7433,0.2567,1,76.19
cust_106129,112,Gaming,netbanking,0.7483,0.2517,0,4.93
cust_106130,133,Gaming,UPI,0.9692,0.0308,0,5.85
cust_106131,30,Edtech,UPI,0.8841,0.1159,1,2.4
cust_106132,93,Gaming,card,0.4612,0.5388,1,15.38
cust_106133,61,Financial Services,card,0.7151,0.2849,1,0.54
cust_106134,61,Gaming,UPI,0.7825,0.2175,1,2.05
cust_106135,65,E-commerce,UPI,0.9348,0.0652,0,6.22
cust_106136,150,E-commerce,UPI,0.5728,0.4272,0,3.61
cust_106137,53,SaaS,card,0.7777,0.2223,0,12.84
cust_106138,99,Financial Services,netbanking,0.8834,0.1166,0,6.75
cust_106139,134,E-commerce,UPI,0.9409,0.0591,0,9.8
cust_106140,4,SaaS,UPI,0.587,0.413,0,34.23
cust_106141,252,Edtech,UPI,0.899,0.101,0,0.58
cust_106142,34,SaaS,card,0.906,0.094,0,2.98
cust_106143,346,SaaS,netbanking,0.417,0.583,2,16.28
cust_106144,88,SaaS,UPI,0.9,0.1,0,17.96
cust_106145,75,E-commerce,UPI,0.7367,0.2633,0,2.6
cust_106146,263,Financial Services,card,0.9381,0.0619,0,7.07
cust_106147,127,E-commerce,card,0.7289,0.2711,0,27.85
cust_106148,452,Edtech,wallet,0.7116,0.2884,0,26.97
cust_106149,63,E-commerce,netbanking,0.817,0.183,3,1.73
cust_106150,49,SaaS,card,0.8108,0.1892,0,6.51
cust_106151,100,SaaS,card,0.931,0.069,1,15.43
cust_106152,105,Edtech,netbanking,0.8666,0.1334,0,2.36
cust_106153,313,Financial Services,card,0.7996,0.2004,1,4.73
cust_106154,98,Gaming,UPI,0.3686,0.6314,0,21.08
cust_106155,93,E-commerce,card,0.8915,0.1085,1,21.52
cust_106156,98,E-commerce,card,0.7251,0.2749,0,1.43
cust_106157,105,SaaS,UPI,0.8059,0.1941,1,21.4
cust_106158,431,Gaming,UPI,0.5724,0.4276,0,10.94
cust_106159,44,Gaming,UPI,0.8486,0.1514,2,7.42
cust_106160,71,SaaS,card,0.7082,0.2918,0,6.99
cust_106161,28,E-commerce,netbanking,0.9077,0.0923,1,29.94
cust_106162,41,Edtech,UPI,0.2935,0.7065,2,15.61
cust_106163,182,E-commerce,UPI,0.7227,0.2773,0,3.25
cust_106164,296,E-commerce,UPI,0.8175,0.1825,1,4.9
cust_106165,353,SaaS,UPI,0.8027,0.1973,0,4.92
cust_106166,179,Gaming,UPI,0.9713,0.0287,0,12.0
cust_106167,63,Financial Services,UPI,0.9541,0.0459,1,0.11
cust_106168,114,Financial Services,netbanking,0.9456,0.0544,0,8.93
cust_106169,157,SaaS,UPI,0.8961,0.1039,0,6.24
cust_106170,188,E-commerce,UPI,0.3561,0.6439,1,19.04
cust_106171,88,Financial Services,wallet,0.7169,0.2831,0,6.92
cust_106172,118,Gaming,UPI,0.9137,0.0863,0,0.14
cust_106173,48,Edtech,UPI,0.7101,0.2899,2,5.67
cust_106174,4,Financial Services,UPI,0.755,0.245,0,5.0
cust_106175,338,Edtech,UPI,0.7528,0.2472,0,2.82
cust_106176,1,E-commerce,netbanking,0.7963,0.2037,0,33.31
cust_106177,17,Edtech,card,0.8055,0.1945,1,5.52
cust_106178,182,Financial Services,UPI,0.937,0.063,1,2.7
cust_106179,21,Financial Services,netbanking,0.541,0.459,0,0.41
cust_106180,107,SaaS,UPI,0.5843,0.4157,0,1.27
cust_106181,166,Edtech,card,0.8151,0.1849,0,1.88
cust_106182,109,E-commerce,card,0.9069,0.0931,0,0.26
cust_106183,29,Gaming,card,0.7746,0.2254,1,3.66
cust_106184,8,E-commerce,UPI,0.3573,0.6427,0,40.37
cust_106185,11,Gaming,card,0.9674,0.0326,0,16.67
cust_106186,87,Gaming,UPI,0.9658,0.0342,1,9.11
cust_106187,253,Gaming,UPI,0.873,0.127,0,17.39
cust_106188,516,Gaming,card,0.7413,0.2587,0,12.03
cust_106189,147,E-commerce,card,0.9541,0.0459,1,1.15
cust_106190,123,SaaS,wallet,0.8599,0.1401,0,32.33
cust_106191,334,Financial Services,netbanking,0.7563,0.2437,2,11.87
cust_106192,3,Edtech,UPI,0.9485,0.0515,0,0.24
cust_106193,15,Edtech,netbanking,0.9728,0.0272,0,3.74
cust_106194,190,E-commerce,UPI,0.8867,0.1133,0,21.59
cust_106195,50,Edtech,card,0.763,0.237,0,6.93
cust_106196,204,Edtech,UPI,0.9658,0.0342,1,7.64
cust_106197,298,SaaS,netbanking,0.7674,0.2326,0,1.55
cust_106198,155,SaaS,UPI,0.8024,0.1976,0,15.91
cust_106199,99,Gaming,UPI,0.7078,0.2922,0,25.42
cust_106200,116,Edtech,card,0.8307,0.1693,0,2.09
cust_106201,36,Financial Services,card,0.8578,0.1422,0,7.81
cust_106202,148,Edtech,card,0.9229,0.0771,0,13.88
cust_106203,135,Financial Services,UPI,0.9506,0.0494,0,10.39
cust_106204,59,Edtech,UPI,0.964,0.036,0,1.74
cust_106205,380,Edtech,card,0.8009,0.1991,0,28.39
cust_106206,116,E-commerce,card,0.858,0.142,0,8.89
cust_106207,19,Edtech,UPI,0.9607,0.0393,0,2.44
cust_106208,10,Gaming,UPI,0.807,0.193,1,17.82
cust_106209,129,SaaS,card,0.9537,0.0463,0,25.53
cust_106210,7,E-commerce,card,0.2716,0.7284,0,20.82
cust_106211,33,Edtech,UPI,0.4489,0.5511,3,19.9
cust_106212,3,SaaS,netbanking,0.9591,0.0409,0,5.18
cust_106213,287,Gaming,card,0.7858,0.2142,0,1.94
cust_106214,83,SaaS,netbanking,0.7519,0.2481,0,2.95
cust_106215,4,Financial Services,UPI,0.7905,0.2095,0,0.44
cust_106216,113,Edtech,card,0.8112,0.1888,1,15.18
cust_106217,89,Financial Services,UPI,0.939,0.061,1,7.79
cust_106218,47,E-commerce,card,0.5351,0.4649,0,0.94
cust_106219,130,Edtech,card,0.284,0.716,1,18.53
cust_106220,127,Gaming,UPI,0.7744,0.2256,1,4.08
cust_106221,226,Financial Services,card,0.5068,0.4932,0,20.44
cust_106222,149,SaaS,card,0.967,0.033,2,5.26
cust_106223,280,Gaming,UPI,0.7694,0.2306,0,2.19
cust_106224,14,E-commerce,UPI,0.9286,0.0714,1,1.85
cust_106225,187,Edtech,card,0.9481,0.0519,0,4.5
cust_106226,240,E-commerce,UPI,0.7156,0.2844,0,3.61
cust_106227,151,Gaming,card,0.8842,0.1158,0,1.19
cust_106228,130,Financial Services,card,0.9691,0.0309,0,18.5
cust_106229,460,SaaS,UPI,0.4228,0.5772,0,15.05
cust_106230,150,SaaS,UPI,0.8486,0.1514,0,13.95
cust_106231,200,Edtech,UPI,0.7398,0.2602,0,4.07
cust_106232,119,SaaS,card,0.4649,0.5351,0,23.69
cust_106233,194,Financial Services,card,0.5663,0.4337,0,7.26
cust_106234,255,Edtech,UPI,0.7586,0.2414,0,1.37
cust_106235,206,Edtech,UPI,0.7493,0.2507,0,39.82
cust_106236,314,Gaming,wallet,0.7727,0.2273,0,22.19
cust_106237,48,Financial Services,UPI,0.3486,0.6514,0,22.12
cust_106238,14,E-commerce,card,0.9615,0.0385,1,4.35
cust_106239,50,SaaS,netbanking,0.8151,0.1849,0,5.89
cust_106240,37,Edtech,netbanking,0.9297,0.0703,0,5.3
cust_106241,63,E-commerce,netbanking,0.8296,0.1704,0,10.35
cust_106242,18,E-commerce,wallet,0.8121,0.1879,0,9.84
cust_106243,69,Edtech,UPI,0.7546,0.2454,0,9.26
cust_106244,371,SaaS,UPI,0.5555,0.4445,1,27.51
cust_106245,52,SaaS,UPI,0.8762,0.1238,0,12.67
cust_106246,153,Edtech,UPI,0.9278,0.0722,0,0.3
cust_106247,44,Gaming,UPI,0.5638,0.4362,0,8.17
cust_106248,149,Edtech,card,0.8454,0.1546,0,14.7
cust_106249,3,SaaS,card,0.5604,0.4396,0,13.08
cust_106250,90,Financial Services,UPI,0.7499,0.2501,1,2.53
cust_106251,115,E-commerce,netbanking,0.1932,0.8068,0,17.99
cust_106252,88,Financial Services,card,0.9647,0.0353,0,20.93
cust_106253,89,SaaS,UPI,0.8692,0.1308,0,5.99
cust_106254,144,E-commerce,UPI,0.8938,0.1062,1,7.6
cust_106255,3,SaaS,netbanking,0.7609,0.2391,1,27.07
cust_106256,46,Financial Services,card,0.8757,0.1243,1,24.96
cust_106257,240,SaaS,wallet,0.7461,0.2539,0,3.64
cust_106258,122,SaaS,card,0.7555,0.2445,0,0.77
cust_106259,222,Gaming,wallet,0.8986,0.1014,0,2.55
cust_106260,3,Gaming,UPI,0.7493,0.2507,1,0.98
cust_106261,97,SaaS,card,0.7522,0.2478,0,8.44
cust_106262,151,Financial Services,netbanking,0.7963,0.2037,0,13.78
cust_106263,44,Edtech,UPI,0.7986,0.2014,0,4.45
cust_106264,5,E-commerce,UPI,0.7415,0.2585,0,10.44
cust_106265,10,E-commerce,UPI,0.9158,0.0842,0,3.84
cust_106266,65,Financial Services,card,0.8725,0.1275,0,3.24
cust_106267,19,Gaming,UPI,0.7488,0.2512,1,7.49
cust_106268,159,Edtech,UPI,0.8326,0.1674,0,17.85
cust_106269,238,E-commerce,UPI,0.7631,0.2369,0,14.14
cust_106270,42,E-commerce,UPI,0.7244,0.2756,0,4.9
cust_106271,7,Edtech,UPI,0.8315,0.1685,1,0.75
cust_106272,70,SaaS,card,0.8543,0.1457,0,0.62
cust_106273,56,Financial Services,UPI,0.1937,0.8063,1,18.39
cust_106274,147,Gaming,UPI,0.9687,0.0313,0,2.71
cust_106275,124,Gaming,UPI,0.9323,0.0677,0,2.34
cust_106276,27,E-commerce,card,0.7276,0.2724,1,10.38
cust_106277,298,Financial Services,UPI,0.2982,0.7018,0,20.35
cust_106278,56,Edtech,UPI,0.9666,0.0334,0,1.62
cust_106279,86,Gaming,netbanking,0.9696,0.0304,0,0.44
cust_106280,147,Gaming,UPI,0.7512,0.2488,0,3.92
cust_106281,155,SaaS,netbanking,0.838,0.162,0,3.89
cust_106282,45,Financial Services,UPI,0.9134,0.0866,1,0.27
cust_106283,131,Gaming,UPI,0.9182,0.0818,2,12.73
cust_106284,80,Financial Services,UPI,0.8239,0.1761,1,0.31
cust_106285,125,Edtech,card,0.2049,0.7951,0,19.29
cust_106286,106,E-commerce,UPI,0.9751,0.0249,1,1.09
cust_106287,15,E-commerce,card,0.9575,0.0425,0,5.17
cust_106288,41,Gaming,netbanking,0.1531,0.8469,0,18.29
cust_106289,5,Gaming,UPI,0.9792,0.0208,0,2.17
cust_106290,38,Edtech,netbanking,0.8877,0.1123,0,15.15
cust_106291,135,Gaming,UPI,0.9284,0.0716,0,5.88
cust_106292,17,E-commerce,netbanking,0.9683,0.0317,0,21.22
cust_106293,209,Financial Services,UPI,0.1915,0.8085,0,16.57
cust_106294,214,Gaming,netbanking,0.7945,0.2055,0,1.1
cust_106295,18,Edtech,netbanking,0.9521,0.0479,1,0.11
cust_106296,49,E-commerce,UPI,0.8779,0.1221,1,10.27
cust_106297,64,Financial Services,UPI,0.7685,0.2315,0,14.72
cust_106298,143,SaaS,UPI,0.776,0.224,0,0.01
cust_106299,8,Financial Services,card,0.9317,0.0683,0,5.71
cust_106300,211,SaaS,card,0.7883,0.2117,0,1.76
cust_106301,207,Gaming,card,0.9162,0.0838,0,10.47
cust_106302,67,Gaming,netbanking,0.7038,0.2962,1,13.15
cust_106303,7,SaaS,card,0.8079,0.1921,1,9.0
cust_106304,276,Financial Services,UPI,0.8424,0.1576,0,11.73
cust_106305,208,Edtech,netbanking,0.7642,0.2358,0,17.91
cust_106306,145,Financial Services,UPI,0.8081,0.1919,1,2.7
cust_106307,61,Edtech,UPI,0.9214,0.0786,0,1.85
cust_106308,42,SaaS,UPI,0.7704,0.2296,0,14.64
cust_106309,238,SaaS,netbanking,0.9623,0.0377,0,13.11
cust_106310,41,SaaS,UPI,0.8199,0.1801,1,16.18
cust_106311,115,Edtech,UPI,0.3831,0.6169,1,31.48
cust_106312,179,Edtech,UPI,0.7761,0.2239,0,1.94
cust_106313,12,Gaming,UPI,0.7256,0.2744,0,23.73
cust_106314,247,Financial Services,card,0.7592,0.2408,0,4.18
cust_106315,138,Edtech,UPI,0.8391,0.1609,2,12.24
cust_106316,20,E-commerce,card,0.5017,0.4983,0,1.63
cust_106317,149,E-commerce,card,0.1844,0.8156,0,21.49
cust_106318,135,E-commerce,card,0.7199,0.2801,3,8.54
cust_106319,16,Financial Services,UPI,0.4645,0.5355,1,24.53
cust_106320,70,SaaS,UPI,0.1366,0.8634,0,20.46
cust_106321,80,E-commerce,netbanking,0.9105,0.0895,0,7.32
cust_106322,56,Financial Services,wallet,0.8737,0.1263,1,80.97
cust_106323,87,Financial Services,UPI,0.8812,0.1188,0,2.56
cust_106324,122,Financial Services,netbanking,0.5774,0.4226,1,3.52
cust_106325,9,Financial Services,UPI,0.7462,0.2538,0,6.92
cust_106326,148,Financial Services,card,0.7648,0.2352,0,4.15
cust_106327,41,Gaming,UPI,0.7519,0.2481,0,3.56
cust_106328,121,Financial Services,netbanking,0.889,0.111,0,13.73
cust_106329,19,SaaS,netbanking,0.795,0.205,0,2.13
cust_106330,14,Gaming,UPI,0.8497,0.1503,0,44.22
cust_106331,190,Financial Services,UPI,0.8177,0.1823,0,9.76
cust_106332,208,E-commerce,card,0.9621,0.0379,0,11.06
cust_106333,165,Gaming,UPI,0.8955,0.1045,0,11.67
cust_106334,228,Edtech,UPI,0.8687,0.1313,1,5.39
cust_106335,58,Financial Services,netbanking,0.7527,0.2473,0,6.36
cust_106336,25,Gaming,card,0.92,0.08,1,16.65
cust_106337,291,Edtech,UPI,0.7349,0.2651,1,1.93
cust_106338,111,SaaS,card,0.8641,0.1359,0,0.4
cust_106339,288,Edtech,card,0.9169,0.0831,0,6.87
cust_106340,4,Financial Services,UPI,0.7762,0.2238,0,7.28
cust_106341,29,Edtech,card,0.8277,0.1723,0,8.68
cust_106342,39,Edtech,UPI,0.8991,0.1009,0,10.02
cust_106343,67,SaaS,UPI,0.5841,0.4159,0,6.37
cust_106344,25,Financial Services,card,0.7866,0.2134,0,10.63
cust_106345,366,Financial Services,card,0.7834,0.2166,1,25.48
cust_106346,29,Financial Services,netbanking,0.9585,0.0415,1,3.77
cust_106347,365,SaaS,card,0.7564,0.2436,0,15.69
cust_106348,44,Edtech,UPI,0.9774,0.0226,0,8.35
cust_106349,210,Edtech,UPI,0.7092,0.2908,1,8.57
cust_106350,29,Financial Services,UPI,0.7881,0.2119,1,16.62
cust_106351,40,E-commerce,UPI,0.7105,0.2895,0,13.7
cust_106352,37,Financial Services,card,0.8582,0.1418,1,6.44
cust_106353,63,Gaming,netbanking,0.83,0.17,0,2.03
cust_106354,55,SaaS,card,0.4175,0.5825,1,36.35
cust_106355,41,Edtech,UPI,0.448,0.552,2,20.88
cust_106356,276,E-commerce,UPI,0.7139,0.2861,0,23.49
cust_106357,195,Edtech,UPI,0.9013,0.0987,0,4.35
cust_106358,293,E-commerce,wallet,0.7308,0.2692,1,0.1
cust_106359,144,Gaming,UPI,0.8158,0.1842,0,9.33
cust_106360,79,E-commerce,netbanking,0.7657,0.2343,0,12.45
cust_106361,64,SaaS,card,0.8719,0.1281,1,3.36
cust_106362,26,Gaming,UPI,0.8567,0.1433,1,6.44
cust_106363,35,Gaming,card,0.8713,0.1287,1,9.24
cust_106364,210,Edtech,UPI,0.8159,0.1841,1,1.31
cust_106365,95,Financial Services,UPI,0.9723,0.0277,1,1.04
cust_106366,89,Edtech,card,0.9638,0.0362,1,18.44
cust_106367,368,Edtech,UPI,0.7861,0.2139,1,0.72
cust_106368,48,Edtech,UPI,0.9217,0.0783,1,10.1
cust_106369,41,Edtech,card,0.8107,0.1893,0,15.38
cust_106370,15,Gaming,netbanking,0.9108,0.0892,1,0.7
cust_106371,29,E-commerce,netbanking,0.9645,0.0355,0,1.7
cust_106372,95,Edtech,UPI,0.8262,0.1738,0,8.58
cust_106373,56,E-commerce,UPI,0.7755,0.2245,0,4.89
cust_106374,160,Financial Services,UPI,0.8472,0.1528,0,5.74
cust_106375,63,Gaming,UPI,0.7629,0.2371,0,18.82
cust_106376,48,Gaming,card,0.8176,0.1824,1,5.06
cust_106377,38,Gaming,netbanking,0.9026,0.0974,1,5.55
cust_106378,224,E-commerce,card,0.8873,0.1127,0,9.15
cust_106379,68,Gaming,UPI,0.9471,0.0529,1,7.13
cust_106380,50,Gaming,UPI,0.7755,0.2245,0,58.17
cust_106381,63,E-commerce,UPI,0.9709,0.0291,0,2.7
cust_106382,14,Gaming,UPI,0.7171,0.2829,0,5.64
cust_106383,67,E-commerce,UPI,0.3394,0.6606,1,39.69
cust_106384,107,SaaS,UPI,0.7844,0.2156,1,5.98
cust_106385,41,Gaming,card,0.7804,0.2196,0,1.42
cust_106386,14,Financial Services,card,0.8323,0.1677,0,1.48
cust_106387,84,Gaming,netbanking,0.4889,0.5111,0,18.24
cust_106388,216,SaaS,UPI,0.712,0.288,0,31.01
cust_106389,221,Edtech,UPI,0.9375,0.0625,0,1.54
cust_106390,358,Financial Services,wallet,0.7415,0.2585,0,11.08
cust_106391,222,Gaming,UPI,0.7153,0.2847,0,0.11
cust_106392,64,SaaS,netbanking,0.4686,0.5314,1,17.29
cust_106393,63,Edtech,card,0.4894,0.5106,0,22.21
cust_106394,108,E-commerce,UPI,0.8292,0.1708,0,48.36
cust_106395,12,Financial Services,card,0.8481,0.1519,0,7.76
cust_106396,103,Gaming,card,0.7926,0.2074,1,7.26
cust_106397,2,Edtech,card,0.9351,0.0649,0,16.96
cust_106398,38,SaaS,UPI,0.8205,0.1795,0,42.46
cust_106399,47,SaaS,UPI,0.8707,0.1293,0,3.72
cust_106400,5,SaaS,card,0.8009,0.1991,0,7.33
cust_106401,19,Edtech,UPI,0.8948,0.1052,0,0.64
cust_106402,62,Financial Services,UPI,0.7237,0.2763,0,9.28
cust_106403,107,E-commerce,card,0.8542,0.1458,0,3.36
cust_106404,29,SaaS,card,0.7831,0.2169,0,4.01
cust_106405,186,E-commerce,UPI,0.8141,0.1859,1,14.83
cust_106406,56,E-commerce,netbanking,0.2243,0.7757,0,19.7
cust_106407,50,Edtech,wallet,0.7513,0.2487,1,9.94
cust_106408,93,Financial Services,UPI,0.7302,0.2698,0,45.33
cust_106409,73,Edtech,UPI,0.8262,0.1738,0,3.12
cust_106410,86,Gaming,UPI,0.9076,0.0924,0,1.82
cust_106411,48,Financial Services,UPI,0.8513,0.1487,1,14.14
cust_106412,52,SaaS,UPI,0.4957,0.5043,0,26.92
cust_106413,224,Edtech,UPI,0.9512,0.0488,0,11.44
cust_106414,27,Gaming,card,0.8068,0.1932,0,9.68
cust_106415,87,Gaming,UPI,0.7428,0.2572,0,5.92
cust_106416,30,SaaS,UPI,0.9722,0.0278,0,0.96
cust_106417,380,Financial Services,card,0.718,0.282,0,17.31
cust_106418,47,Edtech,card,0.7105,0.2895,0,13.22
cust_106419,155,E-commerce,card,0.7164,0.2836,0,2.93
cust_106420,58,E-commerce,UPI,0.9216,0.0784,0,11.53
cust_106421,214,Edtech,UPI,0.7457,0.2543,0,17.88
cust_106422,266,Gaming,UPI,0.7785,0.2215,0,11.87
cust_106423,184,Financial Services,UPI,0.8256,0.1744,0,8.88
cust_106424,58,Edtech,card,0.9111,0.0889,0,11.29
cust_106425,88,E-commerce,UPI,0.7374,0.2626,0,13.35
cust_106426,438,E-commerce,UPI,0.7655,0.2345,0,44.2
cust_106427,118,E-commerce,netbanking,0.2651,0.7349,0,19.19
cust_106428,18,Gaming,netbanking,0.7603,0.2397,1,2.07
cust_106429,17,SaaS,card,0.7614,0.2386,0,11.87
cust_106430,44,Edtech,UPI,0.8235,0.1765,0,9.42
cust_106431,67,SaaS,netbanking,0.8198,0.1802,0,5.09
cust_106432,37,Financial Services,netbanking,0.9284,0.0716,0,3.96
cust_106433,345,Financial Services,card,0.7398,0.2602,0,2.28
cust_106434,216,Financial Services,UPI,0.7973,0.2027,0,2.13
cust_106435,21,Edtech,wallet,0.9095,0.0905,0,10.16
cust_106436,371,E-commerce,UPI,0.8037,0.1963,0,9.14
cust_106437,86,SaaS,UPI,0.5518,0.4482,0,6.06
cust_106438,41,E-commerce,UPI,0.8557,0.1443,0,4.04
cust_106439,53,Edtech,UPI,0.7478,0.2522,2,39.66
cust_106440,568,SaaS,UPI,0.9007,0.0993,0,31.96
cust_106441,113,E-commerce,UPI,0.3701,0.6299,1,19.15
cust_106442,31,Financial Services,UPI,0.5861,0.4139,0,21.26
cust_106443,43,Gaming,UPI,0.9232,0.0768,0,8.12
cust_106444,595,SaaS,UPI,0.4588,0.5412,0,20.77
cust_106445,100,E-commerce,UPI,0.7371,0.2629,0,5.52
cust_106446,46,SaaS,netbanking,0.7164,0.2836,0,2.67
cust_106447,199,Financial Services,netbanking,0.7725,0.2275,0,36.41
cust_106448,142,Gaming,UPI,0.9173,0.0827,0,3.53
cust_106449,20,SaaS,UPI,0.8334,0.1666,0,17.49
cust_106450,55,Financial Services,UPI,0.7729,0.2271,0,10.34
cust_106451,168,SaaS,UPI,0.9331,0.0669,0,4.93
cust_106452,152,E-commerce,UPI,0.714,0.286,0,5.55
cust_106453,265,Edtech,card,0.7637,0.2363,1,6.17
cust_106454,66,Financial Services,card,0.8897,0.1103,2,10.26
cust_106455,358,E-commerce,UPI,0.9442,0.0558,2,13.06
cust_106456,57,SaaS,UPI,0.7887,0.2113,0,2.19
cust_106457,74,SaaS,netbanking,0.8638,0.1362,0,0.31
cust_106458,112,Edtech,UPI,0.9123,0.0877,0,5.2
cust_106459,11,Edtech,UPI,0.9562,0.0438,1,5.55
cust_106460,429,E-commerce,netbanking,0.8359,0.1641,0,7.1
cust_106461,158,E-commerce,card,0.9154,0.0846,1,1.93
cust_106462,76,SaaS,card,0.7279,0.2721,0,0.73
cust_106463,9,SaaS,wallet,0.1236,0.8764,0,18.49
cust_106464,176,Gaming,UPI,0.8438,0.1562,0,6.3
cust_106465,101,E-commerce,UPI,0.9751,0.0249,1,10.83
cust_106466,15,Gaming,UPI,0.9571,0.0429,1,8.91
cust_106467,20,Gaming,UPI,0.5582,0.4418,0,11.24
cust_106468,15,SaaS,netbanking,0.7139,0.2861,0,1.28
cust_106469,28,Financial Services,UPI,0.7101,0.2899,0,15.99
cust_106470,83,E-commerce,UPI,0.7987,0.2013,1,1.83
cust_106471,39,Gaming,UPI,0.8728,0.1272,0,3.45
cust_106472,88,Edtech,card,0.7891,0.2109,1,2.3
cust_106473,15,SaaS,card,0.7483,0.2517,0,0.89
cust_106474,90,E-commerce,UPI,0.9647,0.0353,1,38.5
cust_106475,171,Edtech,UPI,0.8561,0.1439,0,8.27
cust_106476,143,E-commerce,UPI,0.801,0.199,0,4.59
cust_106477,39,Edtech,netbanking,0.1565,0.8435,0,15.66
cust_106478,22,E-commerce,netbanking,0.7897,0.2103,0,15.09
cust_106479,199,Edtech,netbanking,0.8809,0.1191,0,1.95
cust_106480,20,E-commerce,card,0.9072,0.0928,0,8.17
cust_106481,83,SaaS,card,0.9286,0.0714,0,0.33
cust_106482,154,E-commerce,UPI,0.7824,0.2176,0,7.91
cust_106483,481,Financial Services,netbanking,0.9334,0.0666,0,9.58
cust_106484,15,Edtech,UPI,0.8452,0.1548,1,6.63
cust_106485,24,Gaming,netbanking,0.9583,0.0417,0,17.17
cust_106486,114,SaaS,UPI,0.7058,0.2942,0,2.65
cust_106487,264,E-commerce,netbanking,0.2871,0.7129,0,21.28
cust_106488,126,Financial Services,UPI,0.8916,0.1084,0,3.67
cust_106489,219,SaaS,card,0.945,0.055,0,17.76
cust_106490,81,E-commerce,UPI,0.8255,0.1745,0,12.03
cust_106491,241,Edtech,netbanking,0.9531,0.0469,0,1.52
cust_106492,12,Financial Services,UPI,0.8842,0.1158,2,14.36
cust_106493,103,E-commerce,UPI,0.8674,0.1326,0,16.4
cust_106494,39,Edtech,netbanking,0.775,0.225,0,0.8
cust_106495,21,Financial Services,netbanking,0.8328,0.1672,0,15.94
cust_106496,91,E-commerce,UPI,0.8004,0.1996,1,16.2
cust_106497,13,E-commerce,card,0.1403,0.8597,1,17.54
cust_106498,112,Financial Services,UPI,0.7234,0.2766,0,1.13
cust_106499,18,Gaming,netbanking,0.4271,0.5729,1,32.63
cust_106500,11,Gaming,card,0.7441,0.2559,2,13.67
cust_106501,67,Gaming,netbanking,0.72,0.28,0,14.48
cust_106502,10,Financial Services,card,0.7425,0.2575,0,9.42
cust_106503,143,Edtech,netbanking,0.8862,0.1138,1,17.48
cust_106504,16,Gaming,card,0.822,0.178,1,18.95
cust_106505,193,Financial Services,card,0.9275,0.0725,0,5.2
cust_106506,416,Financial Services,UPI,0.8743,0.1257,0,0.87
cust_106507,30,Edtech,card,0.9671,0.0329,0,42.52
cust_106508,84,SaaS,card,0.7213,0.2787,0,31.36
cust_106509,23,Edtech,card,0.7076,0.2924,0,5.37
cust_106510,124,Gaming,card,0.7545,0.2455,0,6.92
cust_106511,188,SaaS,UPI,0.8507,0.1493,0,3.76
cust_106512,29,SaaS,UPI,0.3869,0.6131,0,22.79
cust_106513,10,E-commerce,card,0.744,0.256,3,0.23
cust_106514,216,SaaS,UPI,0.7425,0.2575,0,7.86
cust_106515,24,E-commerce,netbanking,0.8042,0.1958,1,16.94
cust_106516,30,Edtech,card,0.9553,0.0447,0,10.99
cust_106517,16,SaaS,card,0.8507,0.1493,1,0.99
cust_106518,16,Financial Services,UPI,0.85,0.15,0,16.45
cust_106519,78,Financial Services,UPI,0.7024,0.2976,1,4.36
cust_106520,170,Gaming,card,0.2634,0.7366,0,16.55
cust_106521,29,Gaming,UPI,0.809,0.191,0,11.04
cust_106522,212,Edtech,UPI,0.9344,0.0656,0,4.59
cust_106523,85,SaaS,card,0.2941,0.7059,1,15.91
cust_106524,119,Gaming,UPI,0.9564,0.0436,0,1.25
cust_106525,99,Financial Services,UPI,0.8468,0.1532,1,2.39
cust_106526,119,E-commerce,UPI,0.8458,0.1542,0,6.59
cust_106527,73,Financial Services,card,0.7789,0.2211,0,23.47
cust_106528,189,Financial Services,UPI,0.917,0.083,0,3.28
cust_106529,49,SaaS,card,0.9028,0.0972,0,24.58
cust_106530,13,E-commerce,UPI,0.7505,0.2495,0,2.97
cust_106531,219,Gaming,card,0.5651,0.4349,0,20.54
cust_106532,194,E-commerce,card,0.7541,0.2459,1,6.96
cust_106533,57,SaaS,UPI,0.7179,0.2821,0,22.03
cust_106534,109,Edtech,netbanking,0.7708,0.2292,0,11.88
cust_106535,126,E-commerce,card,0.7316,0.2684,0,2.51
cust_106536,19,Financial Services,wallet,0.9568,0.0432,0,6.31
cust_106537,67,Gaming,UPI,0.896,0.104,1,23.56
cust_106538,61,SaaS,card,0.5314,0.4686,3,1.55
cust_106539,3,Financial Services,netbanking,0.9129,0.0871,1,3.28
cust_106540,123,Gaming,UPI,0.9735,0.0265,0,4.82
cust_106541,294,Edtech,UPI,0.8475,0.1525,0,4.48
cust_106542,131,E-commerce,card,0.7558,0.2442,1,2.49
cust_106543,175,Gaming,UPI,0.2097,0.7903,0,22.0
cust_106544,127,Financial Services,UPI,0.7059,0.2941,0,16.58
cust_106545,89,E-commerce,UPI,0.7175,0.2825,0,10.19
cust_106546,27,Edtech,netbanking,0.9094,0.0906,1,24.72
cust_106547,60,Gaming,UPI,0.8523,0.1477,0,8.52
cust_106548,50,E-commerce,UPI,0.7011,0.2989,0,3.44
cust_106549,149,SaaS,card,0.7502,0.2498,0,5.07
cust_106550,55,E-commerce,UPI,0.9518,0.0482,0,3.12
cust_106551,47,Gaming,card,0.9619,0.0381,1,28.96
cust_106552,211,Gaming,wallet,0.959,0.041,1,9.12
cust_106553,17,Gaming,card,0.9179,0.0821,0,7.07
cust_106554,142,Gaming,UPI,0.3256,0.6744,0,20.08
cust_106555,152,Gaming,netbanking,0.7459,0.2541,1,0.14
cust_106556,292,Financial Services,UPI,0.9614,0.0386,1,5.79
cust_106557,167,E-commerce,card,0.8556,0.1444,0,11.35
cust_106558,96,E-commerce,UPI,0.8404,0.1596,0,2.28
cust_106559,143,Financial Services,UPI,0.9472,0.0528,0,5.13
cust_106560,44,E-commerce,card,0.8354,0.1646,0,33.61
cust_106561,215,SaaS,card,0.8778,0.1222,0,4.98
cust_106562,4,Gaming,UPI,0.91,0.09,1,6.19
cust_106563,39,Financial Services,UPI,0.8274,0.1726,0,9.51
cust_106564,72,E-commerce,card,0.7853,0.2147,0,16.04
cust_106565,167,SaaS,card,0.1372,0.8628,0,19.37
cust_106566,326,E-commerce,UPI,0.9215,0.0785,0,5.44
cust_106567,115,E-commerce,UPI,0.9007,0.0993,1,6.63
cust_106568,67,E-commerce,card,0.3703,0.6297,0,16.15
cust_106569,42,Gaming,card,0.7627,0.2373,0,6.54
cust_106570,102,E-commerce,card,0.868,0.132,0,1.03
cust_106571,273,SaaS,card,0.7911,0.2089,1,14.13
cust_106572,106,SaaS,UPI,0.9508,0.0492,1,1.48
cust_106573,12,Financial Services,card,0.8822,0.1178,1,24.74
cust_106574,52,Financial Services,card,0.9025,0.0975,0,38.86
cust_106575,45,Gaming,wallet,0.8777,0.1223,0,14.44
cust_106576,121,Gaming,netbanking,0.9398,0.0602,0,0.81
cust_106577,9,Edtech,card,0.721,0.279,0,23.66
cust_106578,76,E-commerce,UPI,0.8245,0.1755,0,0.08
cust_106579,180,Financial Services,netbanking,0.5591,0.4409,1,0.19
cust_106580,33,SaaS,card,0.8662,0.1338,1,1.3
cust_106581,146,Gaming,card,0.8801,0.1199,0,16.77
cust_106582,17,Gaming,netbanking,0.798,0.202,0,0.85
cust_106583,50,Financial Services,UPI,0.8892,0.1108,0,11.61
cust_106584,82,E-commerce,card,0.8055,0.1945,0,0.28
cust_106585,439,Financial Services,netbanking,0.9138,0.0862,0,5.96
cust_106586,121,Gaming,UPI,0.8609,0.1391,0,7.63
cust_106587,29,SaaS,UPI,0.3241,0.6759,1,17.8
cust_106588,161,Edtech,card,0.8661,0.1339,0,20.6
cust_106589,140,E-commerce,UPI,0.7626,0.2374,0,12.97
cust_106590,29,Edtech,UPI,0.8759,0.1241,0,7.75
cust_106591,113,SaaS,card,0.9067,0.0933,0,5.28
cust_106592,92,E-commerce,card,0.8702,0.1298,0,5.56
cust_106593,440,Financial Services,UPI,0.8331,0.1669,0,4.18
cust_106594,32,Gaming,card,0.8653,0.1347,0,1.95
cust_106595,42,Edtech,card,0.3189,0.6811,2,23.33
cust_106596,4,Gaming,UPI,0.706,0.294,1,1.62
cust_106597,70,SaaS,UPI,0.8667,0.1333,0,6.69
cust_106598,52,Edtech,netbanking,0.8394,0.1606,0,18.51
cust_106599,172,Gaming,card,0.873,0.127,0,0.02
cust_106600,115,Gaming,UPI,0.7772,0.2228,0,5.88
cust_106601,160,Gaming,wallet,0.8703,0.1297,0,7.82
cust_106602,229,Gaming,UPI,0.7315,0.2685,0,3.31
cust_106603,276,Financial Services,UPI,0.9349,0.0651,0,6.25
cust_106604,226,Gaming,netbanking,0.7961,0.2039,0,26.88
cust_106605,22,Financial Services,UPI,0.8502,0.1498,1,2.06
cust_106606,81,Gaming,card,0.2904,0.7096,2,35.17
cust_106607,86,Gaming,card,0.7743,0.2257,1,0.76
cust_106608,52,Edtech,card,0.4025,0.5975,0,16.61
cust_106609,42,Gaming,UPI,0.9452,0.0548,1,1.33
cust_106610,145,Edtech,netbanking,0.7331,0.2669,0,2.66
cust_106611,349,SaaS,UPI,0.7391,0.2609,1,2.46
cust_106612,29,Financial Services,UPI,0.3001,0.6999,4,25.82
cust_106613,210,Gaming,UPI,0.7171,0.2829,0,10.24
cust_106614,250,Gaming,card,0.8497,0.1503,1,12.63
cust_106615,470,Edtech,UPI,0.7292,0.2708,1,10.31
cust_106616,253,E-commerce,UPI,0.5386,0.4614,0,7.49
cust_106617,3,Gaming,UPI,0.945,0.055,0,26.3
cust_106618,12,SaaS,UPI,0.7854,0.2146,2,8.9
cust_106619,40,Gaming,UPI,0.8733,0.1267,0,15.42
cust_106620,47,Financial Services,card,0.9393,0.0607,0,6.24
cust_106621,98,SaaS,netbanking,0.8165,0.1835,0,5.09
cust_106622,17,E-commerce,UPI,0.5627,0.4373,0,2.1
cust_106623,8,Financial Services,netbanking,0.9563,0.0437,0,1.45
cust_106624,7,SaaS,UPI,0.123,0.877,0,26.04
cust_106625,124,Edtech,UPI,0.9127,0.0873,0,5.19
cust_106626,76,Financial Services,netbanking,0.5443,0.4557,0,1.59
cust_106627,249,Gaming,UPI,0.7569,0.2431,0,12.26
cust_106628,139,Edtech,netbanking,0.7272,0.2728,0,4.34
cust_106629,17,Edtech,card,0.7536,0.2464,0,11.68
cust_106630,1,Financial Services,UPI,0.8862,0.1138,0,31.74
cust_106631,266,Edtech,wallet,0.8595,0.1405,0,0.48
cust_106632,44,Gaming,card,0.9559,0.0441,0,3.57
cust_106633,7,SaaS,UPI,0.8486,0.1514,0,0.96
cust_106634,64,E-commerce,UPI,0.88,0.12,0,13.82
cust_106635,15,SaaS,card,0.4155,0.5845,0,20.85
cust_106636,107,E-commerce,wallet,0.9488,0.0512,0,1.73
cust_106637,88,SaaS,UPI,0.2357,0.7643,0,17.2
cust_106638,84,Edtech,UPI,0.9713,0.0287,1,0.82
cust_106639,265,E-commerce,card,0.9627,0.0373,0,0.47
cust_106640,121,Financial Services,UPI,0.8863,0.1137,1,0.4
cust_106641,358,Financial Services,wallet,0.9602,0.0398,0,12.59
cust_106642,31,Edtech,card,0.9632,0.0368,1,2.73
cust_106643,3,Financial Services,UPI,0.4891,0.5109,0,31.13
cust_106644,43,SaaS,UPI,0.7964,0.2036,1,5.61
cust_106645,2,Gaming,card,0.8338,0.1662,0,14.47
cust_106646,36,Edtech,card,0.9151,0.0849,0,9.59
cust_106647,38,E-commerce,UPI,0.7506,0.2494,1,2.0
cust_106648,114,Gaming,netbanking,0.218,0.782,0,25.6
cust_106649,98,Edtech,UPI,0.7082,0.2918,0,16.81
cust_106650,587,Financial Services,UPI,0.9522,0.0478,0,5.35
cust_106651,2,Edtech,card,0.8917,0.1083,0,4.76
cust_106652,37,Edtech,UPI,0.7624,0.2376,0,4.45
cust_106653,97,Financial Services,UPI,0.727,0.273,0,19.23
cust_106654,31,E-commerce,card,0.7875,0.2125,0,8.32
cust_106655,55,Financial Services,card,0.9714,0.0286,0,4.62
cust_106656,92,Edtech,UPI,0.7974,0.2026,0,10.62
cust_106657,171,SaaS,UPI,0.9321,0.0679,1,4.51
cust_106658,35,Gaming,card,0.4705,0.5295,1,25.83
cust_106659,54,Financial Services,UPI,0.1924,0.8076,0,27.23
cust_106660,54,SaaS,UPI,0.719,0.281,0,19.23
cust_106661,161,Financial Services,UPI,0.9181,0.0819,1,0.51
cust_106662,17,E-commerce,UPI,0.8297,0.1703,0,10.83
cust_106663,111,E-commerce,card,0.7758,0.2242,1,2.32
cust_106664,117,Gaming,card,0.8729,0.1271,1,0.61
cust_106665,128,Gaming,card,0.889,0.111,0,8.46
cust_106666,8,Gaming,wallet,0.7507,0.2493,0,0.7
cust_106667,6,Edtech,UPI,0.9357,0.0643,0,13.65
cust_106668,275,E-commerce,UPI,0.7875,0.2125,0,0.43
cust_106669,59,Financial Services,UPI,0.3512,0.6488,0,25.35
cust_106670,17,Financial Services,netbanking,0.7235,0.2765,0,12.4
cust_106671,329,SaaS,netbanking,0.5581,0.4419,0,6.84
cust_106672,50,Gaming,card,0.7132,0.2868,0,27.01
cust_106673,33,Edtech,UPI,0.7723,0.2277,0,16.4
cust_106674,13,Financial Services,UPI,0.8321,0.1679,0,0.76
cust_106675,64,Edtech,card,0.7999,0.2001,0,7.13
cust_106676,385,E-commerce,wallet,0.9447,0.0553,0,7.24
cust_106677,41,Edtech,wallet,0.4947,0.5053,0,21.03
cust_106678,1,Financial Services,UPI,0.3903,0.6097,0,28.62
cust_106679,99,Gaming,card,0.7728,0.2272,0,16.87
cust_106680,1,Gaming,UPI,0.7933,0.2067,0,23.85
cust_106681,33,Financial Services,card,0.7085,0.2915,0,20.73
cust_106682,7,E-commerce,UPI,0.2089,0.7911,0,15.22
cust_106683,20,SaaS,wallet,0.7192,0.2808,0,27.34
cust_106684,28,E-commerce,netbanking,0.8804,0.1196,0,1.2
cust_106685,105,Gaming,UPI,0.8196,0.1804,0,5.8
cust_106686,66,SaaS,card,0.8417,0.1583,1,25.82
cust_106687,335,E-commerce,UPI,0.8559,0.1441,0,5.54
cust_106688,108,Edtech,UPI,0.8344,0.1656,0,11.34
cust_106689,111,Financial Services,UPI,0.7799,0.2201,1,4.5
cust_106690,139,Gaming,UPI,0.7885,0.2115,0,1.85
cust_106691,6,SaaS,UPI,0.7342,0.2658,0,10.04
cust_106692,135,Edtech,UPI,0.9329,0.0671,0,15.74
cust_106693,1,E-commerce,UPI,0.9041,0.0959,0,17.07
cust_106694,219,Financial Services,card,0.9196,0.0804,0,12.74
cust_106695,34,SaaS,UPI,0.3823,0.6177,0,26.36
cust_106696,7,SaaS,UPI,0.892,0.108,2,5.6
cust_106697,224,E-commerce,card,0.9434,0.0566,0,3.85
cust_106698,27,Financial Services,UPI,0.3396,0.6604,0,19.14
cust_106699,87,Financial Services,UPI,0.8659,0.1341,1,6.56
cust_106700,165,Financial Services,UPI,0.7183,0.2817,0,6.44
cust_106701,227,Edtech,wallet,0.9278,0.0722,0,15.77
cust_106702,2,E-commerce,netbanking,0.8612,0.1388,1,14.02
cust_106703,87,Financial Services,UPI,0.8204,0.1796,1,8.66
cust_106704,130,Edtech,netbanking,0.3938,0.6062,1,21.29
cust_106705,472,Gaming,card,0.8931,0.1069,2,4.3
cust_106706,44,SaaS,card,0.3978,0.6022,0,31.03
cust_106707,172,Edtech,UPI,0.8617,0.1383,1,3.91
cust_106708,64,Gaming,netbanking,0.9331,0.0669,0,3.39
cust_106709,53,Edtech,UPI,0.8972,0.1028,0,1.6
cust_106710,205,Gaming,UPI,0.8858,0.1142,0,1.34
cust_106711,461,Edtech,UPI,0.7477,0.2523,1,12.51
cust_106712,211,Edtech,UPI,0.9061,0.0939,1,15.41
cust_106713,378,Gaming,netbanking,0.7833,0.2167,0,4.61
cust_106714,55,Gaming,UPI,0.8632,0.1368,0,4.86
cust_106715,581,Financial Services,card,0.955,0.045,0,6.37
cust_106716,131,Edtech,wallet,0.9492,0.0508,0,0.67
cust_106717,82,Edtech,wallet,0.8599,0.1401,0,9.01
cust_106718,14,Gaming,UPI,0.3592,0.6408,1,18.64
cust_106719,59,SaaS,wallet,0.7144,0.2856,0,17.08
cust_106720,51,E-commerce,netbanking,0.4726,0.5274,1,16.39
cust_106721,19,Financial Services,card,0.8706,0.1294,0,3.02
cust_106722,28,SaaS,UPI,0.7838,0.2162,0,19.43
cust_106723,237,Gaming,UPI,0.8704,0.1296,0,10.27
cust_106724,166,Financial Services,card,0.8294,0.1706,0,9.98
cust_106725,146,Edtech,UPI,0.8482,0.1518,0,3.14
cust_106726,96,Edtech,UPI,0.927,0.073,0,5.21
cust_106727,218,Edtech,UPI,0.7577,0.2423,0,8.57
cust_106728,59,Financial Services,UPI,0.7448,0.2552,1,20.51
cust_106729,273,Financial Services,card,0.7293,0.2707,1,7.45
cust_106730,409,E-commerce,UPI,0.8787,0.1213,0,3.39
cust_106731,115,E-commerce,UPI,0.7957,0.2043,1,18.97
cust_106732,35,Financial Services,UPI,0.7319,0.2681,0,2.98
cust_106733,81,SaaS,netbanking,0.8707,0.1293,0,10.21
cust_106734,67,Financial Services,UPI,0.7223,0.2777,0,0.68
cust_106735,259,Edtech,card,0.9485,0.0515,0,10.22
cust_106736,15,SaaS,card,0.8728,0.1272,2,3.06
cust_106737,89,Gaming,wallet,0.7467,0.2533,1,15.13
cust_106738,306,SaaS,UPI,0.8616,0.1384,1,4.21
cust_106739,27,Edtech,card,0.8569,0.1431,1,1.32
cust_106740,35,Financial Services,card,0.8639,0.1361,0,8.6
cust_106741,10,E-commerce,card,0.8046,0.1954,1,12.69
cust_106742,295,Edtech,card,0.8508,0.1492,1,3.02
cust_106743,105,SaaS,netbanking,0.8301,0.1699,0,22.75
cust_106744,117,SaaS,UPI,0.8873,0.1127,0,5.14
cust_106745,219,E-commerce,UPI,0.2973,0.7027,1,25.8
cust_106746,732,SaaS,UPI,0.2206,0.7794,1,33.26
cust_106747,109,Gaming,netbanking,0.2243,0.7757,1,16.48
cust_106748,111,Gaming,card,0.3868,0.6132,0,16.39
cust_106749,100,Financial Services,UPI,0.881,0.119,2,0.16
cust_106750,6,Edtech,card,0.7681,0.2319,1,4.22
cust_106751,18,Financial Services,card,0.1295,0.8705,0,16.07
cust_106752,76,Gaming,card,0.8498,0.1502,0,11.22
cust_106753,204,SaaS,card,0.9008,0.0992,0,19.21
cust_106754,278,SaaS,UPI,0.7171,0.2829,0,17.03
cust_106755,29,E-commerce,netbanking,0.9001,0.0999,0,25.42
cust_106756,107,E-commerce,card,0.9536,0.0464,0,47.93
cust_106757,31,Gaming,UPI,0.8062,0.1938,0,28.21
cust_106758,74,Financial Services,card,0.3199,0.6801,1,25.93
cust_106759,100,E-commerce,card,0.8427,0.1573,1,1.16
cust_106760,10,Gaming,UPI,0.7687,0.2313,0,9.56
cust_106761,381,Edtech,UPI,0.8732,0.1268,1,2.49
cust_106762,115,SaaS,wallet,0.8525,0.1475,0,7.08
cust_106763,7,Financial Services,UPI,0.4164,0.5836,0,33.39
cust_106764,158,Edtech,UPI,0.769,0.231,1,14.02
cust_106765,78,Edtech,netbanking,0.9297,0.0703,2,11.03
cust_106766,161,E-commerce,card,0.8591,0.1409,0,0.11
cust_106767,37,Edtech,UPI,0.9456,0.0544,2,29.92
cust_106768,25,SaaS,UPI,0.7689,0.2311,0,19.68
cust_106769,167,Gaming,UPI,0.167,0.833,1,19.82
cust_106770,57,Gaming,UPI,0.832,0.168,1,3.28
cust_106771,34,E-commerce,UPI,0.9395,0.0605,0,7.48
cust_106772,40,Gaming,card,0.9791,0.0209,0,3.8
cust_106773,336,Financial Services,UPI,0.7961,0.2039,0,4.82
cust_106774,34,E-commerce,UPI,0.8459,0.1541,0,19.97
cust_106775,175,Financial Services,card,0.7718,0.2282,0,7.09
cust_106776,38,Financial Services,UPI,0.5467,0.4533,0,6.84
cust_106777,8,Gaming,UPI,0.8293,0.1707,0,4.57
cust_106778,60,Edtech,UPI,0.7573,0.2427,0,3.03
cust_106779,9,Gaming,UPI,0.8777,0.1223,0,12.16
cust_106780,59,Edtech,UPI,0.7744,0.2256,0,2.57
cust_106781,32,Edtech,wallet,0.7105,0.2895,1,9.59
cust_106782,36,Gaming,UPI,0.7379,0.2621,1,5.87
cust_106783,121,E-commerce,card,0.1714,0.8286,2,19.39
cust_106784,2,Financial Services,card,0.7376,0.2624,1,42.35
cust_106785,19,Gaming,UPI,0.7737,0.2263,0,6.45
cust_106786,192,Edtech,UPI,0.8269,0.1731,1,6.26
cust_106787,186,Gaming,UPI,0.7644,0.2356,1,3.3
cust_106788,110,Edtech,netbanking,0.9594,0.0406,0,10.47
cust_106789,180,Gaming,UPI,0.9232,0.0768,1,1.93
cust_106790,52,Financial Services,UPI,0.7728,0.2272,0,3.32
cust_106791,24,Gaming,card,0.8938,0.1062,0,10.45
cust_106792,51,SaaS,card,0.7485,0.2515,0,8.47
cust_106793,39,Gaming,card,0.7779,0.2221,0,15.63
cust_106794,267,Gaming,card,0.9143,0.0857,0,3.21
cust_106795,303,Edtech,UPI,0.7982,0.2018,1,30.32
cust_106796,313,E-commerce,card,0.9147,0.0853,0,5.11
cust_106797,291,Gaming,netbanking,0.827,0.173,0,5.09
cust_106798,217,Financial Services,card,0.2329,0.7671,2,16.25
cust_106799,19,E-commerce,UPI,0.5839,0.4161,1,0.66
cust_106800,47,Gaming,UPI,0.9758,0.0242,1,11.69
cust_106801,3,SaaS,netbanking,0.935,0.065,0,9.92
cust_106802,8,Edtech,UPI,0.9144,0.0856,0,8.35
cust_106803,120,SaaS,UPI,0.9652,0.0348,0,19.07
cust_106804,13,Gaming,UPI,0.8464,0.1536,0,18.47
cust_106805,36,SaaS,wallet,0.7576,0.2424,0,4.88
cust_106806,16,Financial Services,card,0.9093,0.0907,0,9.91
cust_106807,31,Gaming,UPI,0.7655,0.2345,1,1.68
cust_106808,113,Financial Services,card,0.833,0.167,0,6.27
cust_106809,37,SaaS,UPI,0.7264,0.2736,1,1.32
cust_106810,38,SaaS,wallet,0.8744,0.1256,1,5.13
cust_106811,36,SaaS,card,0.7977,0.2023,0,33.38
cust_106812,30,Gaming,card,0.9445,0.0555,1,5.23
cust_106813,140,SaaS,UPI,0.7358,0.2642,0,22.6
cust_106814,360,E-commerce,card,0.9205,0.0795,0,17.15
cust_106815,4,SaaS,UPI,0.719,0.281,0,3.44
cust_106816,363,E-commerce,UPI,0.7651,0.2349,0,11.33
cust_106817,176,SaaS,UPI,0.9028,0.0972,0,14.84
cust_106818,47,Edtech,UPI,0.7375,0.2625,0,0.95
cust_106819,427,Edtech,card,0.7186,0.2814,1,35.48
cust_106820,19,SaaS,UPI,0.8385,0.1615,0,6.25
cust_106821,11,Gaming,card,0.7762,0.2238,0,4.09
cust_106822,122,Gaming,UPI,0.7758,0.2242,1,24.64
cust_106823,55,E-commerce,wallet,0.8801,0.1199,0,36.27
cust_106824,4,SaaS,card,0.9001,0.0999,1,8.65
cust_106825,195,Edtech,card,0.4171,0.5829,0,26.82
cust_106826,8,E-commerce,netbanking,0.2385,0.7615,0,16.48
cust_106827,39,Financial Services,card,0.4651,0.5349,1,16.54
cust_106828,56,Gaming,netbanking,0.9084,0.0916,0,3.88
cust_106829,99,Edtech,UPI,0.8608,0.1392,0,4.04
cust_106830,196,E-commerce,netbanking,0.8045,0.1955,1,7.02
cust_106831,17,Financial Services,card,0.9222,0.0778,0,23.27
cust_106832,27,E-commerce,card,0.7742,0.2258,1,11.01
cust_106833,310,E-commerce,netbanking,0.7279,0.2721,1,20.58
cust_106834,129,Gaming,UPI,0.7145,0.2855,0,1.24
cust_106835,7,E-commerce,card,0.8472,0.1528,0,0.25
cust_106836,61,SaaS,UPI,0.7602,0.2398,0,0.45
cust_106837,26,Financial Services,card,0.3731,0.6269,0,23.1
cust_106838,19,Financial Services,UPI,0.7476,0.2524,0,1.06
cust_106839,23,E-commerce,UPI,0.7089,0.2911,0,13.83
cust_106840,10,Edtech,netbanking,0.7662,0.2338,1,3.7
cust_106841,208,Financial Services,UPI,0.7196,0.2804,0,0.46
cust_106842,337,Edtech,UPI,0.9684,0.0316,1,23.81
cust_106843,282,Gaming,netbanking,0.2695,0.7305,0,35.1
cust_106844,362,Financial Services,UPI,0.7084,0.2916,0,12.7
cust_106845,43,SaaS,card,0.7382,0.2618,0,7.41
cust_106846,16,Gaming,UPI,0.7073,0.2927,0,18.26
cust_106847,26,Financial Services,netbanking,0.8292,0.1708,1,2.66
cust_106848,31,E-commerce,UPI,0.7097,0.2903,0,7.58
cust_106849,367,Financial Services,UPI,0.7262,0.2738,0,32.64
cust_106850,237,E-commerce,netbanking,0.8066,0.1934,1,22.13
cust_106851,341,SaaS,UPI,0.8323,0.1677,0,5.35
cust_106852,49,SaaS,UPI,0.8388,0.1612,0,8.27
cust_106853,75,E-commerce,UPI,0.5021,0.4979,1,1.22
cust_106854,118,Edtech,UPI,0.9582,0.0418,0,4.39
cust_106855,178,Edtech,card,0.9219,0.0781,0,2.13
cust_106856,120,Financial Services,netbanking,0.1836,0.8164,0,31.76
cust_106857,89,SaaS,card,0.7018,0.2982,2,5.64
cust_106858,282,Edtech,card,0.814,0.186,1,10.73
cust_106859,227,E-commerce,UPI,0.9127,0.0873,0,17.43
cust_106860,41,Edtech,UPI,0.9606,0.0394,0,7.32
cust_106861,5,E-commerce,UPI,0.7404,0.2596,0,3.04
cust_106862,34,Financial Services,card,0.2712,0.7288,0,29.44
cust_106863,9,E-commerce,UPI,0.7756,0.2244,0,18.97
cust_106864,148,SaaS,netbanking,0.4663,0.5337,0,27.76
cust_106865,94,SaaS,netbanking,0.7854,0.2146,0,7.77
cust_106866,7,Financial Services,card,0.8328,0.1672,0,0.2
cust_106867,9,E-commerce,wallet,0.7063,0.2937,0,20.26
cust_106868,386,E-commerce,netbanking,0.8751,0.1249,2,1.64
cust_106869,123,Edtech,UPI,0.5615,0.4385,0,11.32
cust_106870,100,Financial Services,netbanking,0.8824,0.1176,0,8.53
cust_106871,70,Gaming,UPI,0.9017,0.0983,1,5.91
cust_106872,128,SaaS,UPI,0.8896,0.1104,0,3.39
cust_106873,32,Edtech,UPI,0.9316,0.0684,1,2.75
cust_106874,59,Edtech,UPI,0.7982,0.2018,1,39.32
cust_106875,52,Financial Services,netbanking,0.1529,0.8471,0,15.79
cust_106876,4,Gaming,card,0.7895,0.2105,0,5.86
cust_106877,205,Gaming,UPI,0.9356,0.0644,0,18.67
cust_106878,82,E-commerce,netbanking,0.8513,0.1487,0,5.08
cust_106879,22,Financial Services,netbanking,0.8969,0.1031,2,17.07
cust_106880,65,Gaming,UPI,0.9478,0.0522,1,2.49
cust_106881,46,Edtech,card,0.8198,0.1802,0,4.43
cust_106882,809,Gaming,UPI,0.7355,0.2645,0,9.76
cust_106883,195,Financial Services,UPI,0.7165,0.2835,0,0.36
cust_106884,90,SaaS,UPI,0.7754,0.2246,0,6.29
cust_106885,315,Financial Services,card,0.8431,0.1569,1,0.07
cust_106886,38,E-commerce,netbanking,0.8841,0.1159,0,39.98
cust_106887,21,SaaS,UPI,0.7307,0.2693,0,3.95
cust_106888,35,SaaS,UPI,0.8735,0.1265,0,3.73
cust_106889,10,Gaming,card,0.3186,0.6814,0,23.13
cust_106890,73,SaaS,netbanking,0.3856,0.6144,0,40.68
cust_106891,86,Gaming,UPI,0.9152,0.0848,0,7.38
cust_106892,91,E-commerce,card,0.9693,0.0307,0,10.75
cust_106893,181,E-commerce,card,0.9199,0.0801,0,47.89
cust_106894,63,E-commerce,UPI,0.7753,0.2247,1,12.49
cust_106895,24,Financial Services,UPI,0.9645,0.0355,0,4.73
cust_106896,14,SaaS,UPI,0.7328,0.2672,1,17.01
cust_106897,221,Gaming,UPI,0.8149,0.1851,1,6.36
cust_106898,153,Edtech,UPI,0.7414,0.2586,1,1.36
cust_106899,16,SaaS,UPI,0.9794,0.0206,2,3.46
cust_106900,30,E-commerce,netbanking,0.8377,0.1623,0,25.78
cust_106901,133,E-commerce,netbanking,0.8006,0.1994,0,11.73
cust_106902,116,Edtech,netbanking,0.2041,0.7959,1,25.01
cust_106903,306,E-commerce,netbanking,0.1103,0.8897,0,15.08
cust_106904,14,Gaming,netbanking,0.7696,0.2304,0,2.4
cust_106905,32,Edtech,card,0.9783,0.0217,0,3.42
cust_106906,28,Financial Services,card,0.7311,0.2689,1,1.43
cust_106907,124,SaaS,netbanking,0.3605,0.6395,1,36.84
cust_106908,30,Gaming,UPI,0.734,0.266,0,17.28
cust_106909,105,SaaS,wallet,0.7007,0.2993,1,0.62
cust_106910,14,Gaming,card,0.9381,0.0619,0,0.29
cust_106911,290,Financial Services,netbanking,0.9076,0.0924,0,15.15
cust_106912,6,E-commerce,UPI,0.7389,0.2611,0,14.4
cust_106913,2,Financial Services,UPI,0.8279,0.1721,0,67.09
cust_106914,134,Gaming,UPI,0.9646,0.0354,0,9.13
cust_106915,124,Gaming,netbanking,0.9072,0.0928,0,39.86
cust_106916,70,Gaming,UPI,0.1045,0.8955,0,22.33
cust_106917,332,Edtech,card,0.9769,0.0231,0,1.78
cust_106918,20,SaaS,card,0.9426,0.0574,1,2.56
cust_106919,13,Gaming,UPI,0.98,0.02,1,3.86
cust_106920,47,Financial Services,UPI,0.7142,0.2858,0,15.67
cust_106921,416,Gaming,card,0.9723,0.0277,0,11.49
cust_106922,170,Gaming,UPI,0.7614,0.2386,2,8.22
cust_106923,150,Financial Services,card,0.1484,0.8516,0,16.31
cust_106924,22,E-commerce,card,0.7231,0.2769,0,7.89
cust_106925,178,SaaS,UPI,0.7238,0.2762,1,4.73
cust_106926,49,SaaS,wallet,0.8555,0.1445,1,31.56
cust_106927,180,Edtech,UPI,0.7923,0.2077,0,3.68
cust_106928,118,E-commerce,card,0.9696,0.0304,0,5.9
cust_106929,29,Edtech,UPI,0.7051,0.2949,0,4.26
cust_106930,94,Edtech,netbanking,0.8861,0.1139,0,0.02
cust_106931,10,SaaS,UPI,0.7907,0.2093,1,6.83
cust_106932,53,E-commerce,UPI,0.8151,0.1849,0,9.46
cust_106933,23,Financial Services,card,0.9642,0.0358,0,3.14
cust_106934,84,Gaming,wallet,0.7793,0.2207,0,2.23
cust_106935,72,Edtech,card,0.8209,0.1791,0,26.8
cust_106936,124,E-commerce,netbanking,0.7267,0.2733,0,17.66
cust_106937,58,Gaming,UPI,0.5406,0.4594,1,28.63
cust_106938,74,SaaS,wallet,0.8978,0.1022,0,14.17
cust_106939,1,Gaming,UPI,0.8928,0.1072,1,1.72
cust_106940,66,E-commerce,UPI,0.8827,0.1173,0,5.85
cust_106941,198,Gaming,UPI,0.9583,0.0417,0,32.43
cust_106942,4,Edtech,card,0.7418,0.2582,1,12.59
cust_106943,156,Financial Services,UPI,0.3654,0.6346,0,30.28
cust_106944,12,Gaming,UPI,0.8391,0.1609,1,5.31
cust_106945,339,Edtech,card,0.8309,0.1691,2,14.05
cust_106946,133,Edtech,netbanking,0.7539,0.2461,1,2.66
cust_106947,38,Edtech,netbanking,0.9606,0.0394,1,8.69
cust_106948,211,Edtech,UPI,0.7049,0.2951,0,6.59
cust_106949,295,Edtech,card,0.4099,0.5901,0,15.67
cust_106950,122,Gaming,netbanking,0.8545,0.1455,0,5.54
cust_106951,16,Edtech,netbanking,0.1581,0.8419,0,17.54
cust_106952,204,Financial Services,wallet,0.8759,0.1241,0,9.8
cust_106953,47,Edtech,UPI,0.705,0.295,0,8.78
cust_106954,20,Financial Services,netbanking,0.1159,0.8841,0,22.38
cust_106955,87,Financial Services,card,0.7613,0.2387,0,20.68
cust_106956,71,Edtech,card,0.7066,0.2934,0,1.25
cust_106957,117,SaaS,card,0.2212,0.7788,2,15.85
cust_106958,42,E-commerce,wallet,0.7083,0.2917,0,11.17
cust_106959,113,E-commerce,card,0.9531,0.0469,0,2.57
cust_106960,68,Gaming,UPI,0.9591,0.0409,0,0.93
cust_106961,103,Financial Services,UPI,0.1448,0.8552,0,18.8
cust_106962,28,SaaS,UPI,0.7741,0.2259,0,11.97
cust_106963,16,Gaming,netbanking,0.7032,0.2968,0,28.73
cust_106964,215,Financial Services,card,0.791,0.209,1,1.94
cust_106965,35,Edtech,UPI,0.9031,0.0969,0,8.57
cust_106966,4,Edtech,UPI,0.9503,0.0497,0,9.33
cust_106967,506,Financial Services,card,0.7613,0.2387,0,4.59
cust_106968,185,Edtech,UPI,0.9706,0.0294,1,3.76
cust_106969,439,SaaS,netbanking,0.7932,0.2068,0,0.19
cust_106970,166,SaaS,UPI,0.9014,0.0986,0,1.73
cust_106971,89,E-commerce,card,0.7866,0.2134,0,27.93
cust_106972,26,E-commerce,UPI,0.7979,0.2021,0,18.93
cust_106973,368,Financial Services,card,0.5996,0.4004,0,38.01
cust_106974,303,Gaming,UPI,0.9633,0.0367,0,8.11
cust_106975,71,SaaS,wallet,0.7353,0.2647,0,9.87
cust_106976,28,Financial Services,card,0.7513,0.2487,1,5.0
cust_106977,362,Financial Services,card,0.8426,0.1574,0,2.51
cust_106978,67,Financial Services,card,0.8085,0.1915,1,10.85
cust_106979,12,Edtech,UPI,0.9193,0.0807,0,2.54
cust_106980,10,E-commerce,card,0.7773,0.2227,0,15.91
cust_106981,131,SaaS,card,0.874,0.126,0,3.06
cust_106982,111,Financial Services,UPI,0.8145,0.1855,1,2.57
cust_106983,118,Gaming,netbanking,0.9398,0.0602,0,1.16
cust_106984,223,Edtech,UPI,0.7822,0.2178,0,4.28
cust_106985,76,Financial Services,card,0.8855,0.1145,0,24.44
cust_106986,176,Gaming,wallet,0.2038,0.7962,0,15.88
cust_106987,374,SaaS,UPI,0.5875,0.4125,1,14.32
cust_106988,334,SaaS,UPI,0.7849,0.2151,0,2.57
cust_106989,82,Gaming,UPI,0.7844,0.2156,1,3.9
cust_106990,75,E-commerce,card,0.2566,0.7434,0,27.3
cust_106991,258,Edtech,UPI,0.7861,0.2139,0,14.29
cust_106992,25,Edtech,UPI,0.946,0.054,0,2.74
cust_106993,23,Financial Services,wallet,0.9653,0.0347,0,23.38
cust_106994,24,E-commerce,netbanking,0.4953,0.5047,0,15.82
cust_106995,159,Financial Services,netbanking,0.8693,0.1307,0,12.93
cust_106996,71,Edtech,card,0.7719,0.2281,1,1.97
cust_106997,77,E-commerce,netbanking,0.2998,0.7002,0,24.91
cust_106998,2,Edtech,card,0.88,0.12,0,12.57
cust_106999,283,SaaS,UPI,0.7283,0.2717,0,54.68
cust_107000,21,Gaming,card,0.7548,0.2452,1,2.58
cust_107001,30,Gaming,card,0.1734,0.8266,0,25.83
cust_107002,82,E-commerce,UPI,0.4343,0.5657,0,44.48
cust_107003,86,E-commerce,card,0.7945,0.2055,1,31.67
cust_107004,14,Gaming,netbanking,0.8401,0.1599,0,16.63
cust_107005,233,Gaming,UPI,0.9027,0.0973,0,12.95
cust_107006,13,Gaming,card,0.8643,0.1357,0,24.59
cust_107007,39,Financial Services,card,0.9781,0.0219,0,3.14
cust_107008,63,Financial Services,UPI,0.9168,0.0832,0,21.95
cust_107009,1,Edtech,card,0.9286,0.0714,0,7.42
cust_107010,29,SaaS,card,0.7451,0.2549,0,1.79
cust_107011,33,Edtech,UPI,0.8838,0.1162,0,0.14
cust_107012,30,Edtech,card,0.4631,0.5369,0,19.2
cust_107013,17,E-commerce,card,0.7332,0.2668,0,11.28
cust_107014,163,Financial Services,card,0.4057,0.5943,0,22.11
cust_107015,35,Gaming,netbanking,0.9307,0.0693,1,33.66
cust_107016,95,E-commerce,UPI,0.7281,0.2719,0,7.85
cust_107017,237,Gaming,netbanking,0.9765,0.0235,0,5.0
cust_107018,127,E-commerce,card,0.9799,0.0201,0,6.47
cust_107019,137,E-commerce,netbanking,0.3234,0.6766,1,16.33
cust_107020,230,Gaming,netbanking,0.9555,0.0445,0,8.78
cust_107021,284,SaaS,netbanking,0.5038,0.4962,1,13.1
cust_107022,13,SaaS,netbanking,0.7588,0.2412,0,10.86
cust_107023,114,Financial Services,card,0.7674,0.2326,0,0.61
cust_107024,147,Financial Services,UPI,0.8651,0.1349,0,47.88
cust_107025,108,Financial Services,card,0.8553,0.1447,0,14.7
cust_107026,168,SaaS,card,0.7294,0.2706,1,12.25
cust_107027,192,Financial Services,UPI,0.7436,0.2564,0,34.79
cust_107028,4,Edtech,UPI,0.8727,0.1273,0,0.01
cust_107029,276,SaaS,UPI,0.7723,0.2277,0,17.17
cust_107030,40,Gaming,card,0.9367,0.0633,1,15.23
cust_107031,12,Financial Services,UPI,0.792,0.208,0,0.37
cust_107032,84,Edtech,UPI,0.876,0.124,0,3.55
cust_107033,80,SaaS,UPI,0.8225,0.1775,0,10.48
cust_107034,135,E-commerce,netbanking,0.7464,0.2536,1,11.63
cust_107035,8,SaaS,UPI,0.5613,0.4387,1,4.39
cust_107036,19,Gaming,UPI,0.9428,0.0572,1,5.96
cust_107037,20,Financial Services,card,0.701,0.299,1,15.36
cust_107038,33,E-commerce,card,0.8676,0.1324,2,0.98
cust_107039,37,SaaS,UPI,0.831,0.169,0,4.07
cust_107040,65,Financial Services,netbanking,0.1137,0.8863,0,50.67
cust_107041,200,Gaming,netbanking,0.4078,0.5922,2,20.76
cust_107042,86,E-commerce,netbanking,0.2014,0.7986,0,15.43
cust_107043,173,Gaming,card,0.8647,0.1353,1,9.71
cust_107044,35,Financial Services,netbanking,0.8373,0.1627,0,18.52
cust_107045,12,SaaS,UPI,0.8358,0.1642,0,4.05
cust_107046,119,E-commerce,UPI,0.5392,0.4608,0,2.28
cust_107047,232,Gaming,UPI,0.9519,0.0481,0,9.98
cust_107048,294,SaaS,netbanking,0.7803,0.2197,1,18.38
cust_107049,182,SaaS,netbanking,0.9006,0.0994,0,24.28
cust_107050,62,Edtech,card,0.8303,0.1697,0,5.58
cust_107051,95,Gaming,UPI,0.1849,0.8151,1,26.7
cust_107052,32,Edtech,wallet,0.7821,0.2179,0,2.2
cust_107053,167,E-commerce,UPI,0.8107,0.1893,0,7.5
cust_107054,97,E-commerce,UPI,0.9308,0.0692,0,29.15
cust_107055,41,Financial Services,UPI,0.921,0.079,1,11.4
cust_107056,32,Financial Services,card,0.9138,0.0862,0,32.59
cust_107057,69,Gaming,card,0.8277,0.1723,2,17.98
cust_107058,58,Financial Services,card,0.7056,0.2944,0,5.13
cust_107059,21,Financial Services,card,0.7998,0.2002,0,2.1
cust_107060,94,Financial Services,wallet,0.7332,0.2668,1,24.78
cust_107061,103,Gaming,UPI,0.956,0.044,0,2.0
cust_107062,176,Edtech,wallet,0.9631,0.0369,0,5.71
cust_107063,66,E-commerce,UPI,0.1275,0.8725,1,15.66
cust_107064,220,SaaS,UPI,0.9505,0.0495,1,9.58
cust_107065,10,E-commerce,UPI,0.7012,0.2988,1,23.5
cust_107066,103,SaaS,netbanking,0.8019,0.1981,1,8.33
cust_107067,217,Gaming,UPI,0.95,0.05,1,12.93
cust_107068,10,E-commerce,card,0.7593,0.2407,0,16.36
cust_107069,86,SaaS,UPI,0.9424,0.0576,3,10.48
cust_107070,114,Gaming,card,0.3709,0.6291,0,18.45
cust_107071,289,Edtech,UPI,0.7617,0.2383,1,59.62
cust_107072,144,SaaS,card,0.73,0.27,0,23.75
cust_107073,95,Financial Services,card,0.9267,0.0733,0,9.99
cust_107074,254,SaaS,UPI,0.764,0.236,1,26.06
cust_107075,489,E-commerce,UPI,0.5558,0.4442,0,10.75
cust_107076,4,Financial Services,UPI,0.8021,0.1979,0,6.41
cust_107077,3,Gaming,UPI,0.8955,0.1045,0,9.65
cust_107078,99,Financial Services,UPI,0.7686,0.2314,0,21.56
cust_107079,39,Gaming,netbanking,0.7651,0.2349,0,0.34
cust_107080,57,Gaming,card,0.1016,0.8984,1,55.59
cust_107081,139,SaaS,UPI,0.9465,0.0535,0,2.0
cust_107082,81,Edtech,UPI,0.8178,0.1822,1,2.25
cust_107083,109,E-commerce,UPI,0.9297,0.0703,0,14.44
cust_107084,62,Gaming,netbanking,0.9395,0.0605,1,1.57
cust_107085,58,SaaS,UPI,0.7691,0.2309,0,17.24
cust_107086,120,Edtech,card,0.9142,0.0858,2,20.5
cust_107087,128,SaaS,UPI,0.4852,0.5148,2,33.53
cust_107088,37,Financial Services,UPI,0.7923,0.2077,0,7.34
cust_107089,83,SaaS,UPI,0.3961,0.6039,1,15.64
cust_107090,59,Gaming,UPI,0.7276,0.2724,0,2.98
cust_107091,50,Edtech,UPI,0.8054,0.1946,0,23.5
cust_107092,31,SaaS,card,0.9274,0.0726,0,4.37
cust_107093,47,Financial Services,netbanking,0.9056,0.0944,0,11.73
cust_107094,111,SaaS,UPI,0.9203,0.0797,1,0.46
cust_107095,43,Financial Services,UPI,0.9359,0.0641,0,9.68
cust_107096,52,Edtech,card,0.8184,0.1816,0,40.2
cust_107097,23,Financial Services,card,0.7103,0.2897,1,1.18
cust_107098,20,SaaS,UPI,0.7076,0.2924,0,11.21
cust_107099,66,E-commerce,card,0.35,0.65,0,34.75
cust_107100,23,SaaS,UPI,0.9255,0.0745,0,1.47
cust_107101,132,Financial Services,card,0.8795,0.1205,1,30.47
cust_107102,85,E-commerce,UPI,0.9023,0.0977,0,1.04
cust_107103,96,E-commerce,UPI,0.259,0.741,0,17.31
cust_107104,219,E-commerce,wallet,0.9174,0.0826,0,18.47
cust_107105,248,Financial Services,wallet,0.7204,0.2796,0,14.11
cust_107106,32,Edtech,card,0.7908,0.2092,1,2.32
cust_107107,227,Financial Services,UPI,0.8073,0.1927,0,7.82
cust_107108,239,E-commerce,wallet,0.7931,0.2069,1,1.45
cust_107109,10,Financial Services,UPI,0.8128,0.1872,0,4.13
cust_107110,15,E-commerce,netbanking,0.7521,0.2479,0,15.92
cust_107111,56,Gaming,UPI,0.9792,0.0208,0,5.77
cust_107112,114,Financial Services,UPI,0.7702,0.2298,2,2.74
cust_107113,349,SaaS,card,0.9499,0.0501,0,13.68
cust_107114,10,E-commerce,UPI,0.5728,0.4272,0,1.6
cust_107115,66,E-commerce,UPI,0.7583,0.2417,1,4.59
cust_107116,9,Gaming,card,0.8122,0.1878,0,13.6
cust_107117,195,Financial Services,card,0.8003,0.1997,0,15.46
cust_107118,45,E-commerce,UPI,0.8481,0.1519,0,25.59
cust_107119,43,Gaming,netbanking,0.8701,0.1299,0,0.87
cust_107120,144,Financial Services,UPI,0.8943,0.1057,0,1.47
cust_107121,49,Edtech,UPI,0.9621,0.0379,1,30.99
cust_107122,155,Financial Services,card,0.7655,0.2345,1,3.51
cust_107123,43,SaaS,card,0.9184,0.0816,0,24.31
cust_107124,92,E-commerce,UPI,0.7971,0.2029,1,33.04
cust_107125,489,SaaS,card,0.9642,0.0358,0,3.05
cust_107126,87,Gaming,netbanking,0.8328,0.1672,0,1.1
cust_107127,10,Gaming,card,0.7235,0.2765,1,2.39
cust_107128,142,Edtech,netbanking,0.8258,0.1742,1,1.39
cust_107129,61,Edtech,wallet,0.788,0.212,1,12.35
cust_107130,363,Edtech,UPI,0.7162,0.2838,0,11.05
cust_107131,387,Financial Services,card,0.9469,0.0531,1,1.01
cust_107132,23,Financial Services,wallet,0.7964,0.2036,0,0.12
cust_107133,374,E-commerce,UPI,0.7216,0.2784,1,1.07
cust_107134,115,SaaS,wallet,0.9188,0.0812,0,18.44
cust_107135,33,Edtech,UPI,0.1905,0.8095,0,37.91
cust_107136,85,E-commerce,UPI,0.9099,0.0901,1,0.9
cust_107137,3,E-commerce,card,0.7577,0.2423,0,20.88
cust_107138,83,SaaS,UPI,0.7491,0.2509,1,27.44
cust_107139,35,E-commerce,UPI,0.7298,0.2702,0,0.52
cust_107140,5,SaaS,UPI,0.9324,0.0676,0,0.09
cust_107141,43,Financial Services,UPI,0.7338,0.2662,0,1.46
cust_107142,105,Financial Services,card,0.1822,0.8178,1,16.48
cust_107143,84,Edtech,netbanking,0.9473,0.0527,0,2.18
cust_107144,12,Edtech,netbanking,0.2341,0.7659,1,18.5
cust_107145,271,Gaming,UPI,0.855,0.145,0,12.5
cust_107146,61,SaaS,UPI,0.9632,0.0368,0,23.21
cust_107147,89,Financial Services,netbanking,0.7022,0.2978,0,28.75
cust_107148,288,Gaming,UPI,0.7502,0.2498,0,9.2
cust_107149,135,SaaS,UPI,0.9091,0.0909,1,4.07
cust_107150,140,Gaming,UPI,0.7039,0.2961,0,33.17
cust_107151,118,Edtech,netbanking,0.8113,0.1887,1,8.96
cust_107152,19,Financial Services,card,0.717,0.283,0,66.24
cust_107153,38,Gaming,UPI,0.1357,0.8643,0,22.15
cust_107154,3,Financial Services,UPI,0.9127,0.0873,1,1.58
cust_107155,76,E-commerce,UPI,0.7225,0.2775,0,31.64
cust_107156,54,E-commerce,UPI,0.918,0.082,2,5.26
cust_107157,238,Edtech,UPI,0.9636,0.0364,0,7.65
cust_107158,62,Edtech,card,0.7584,0.2416,0,0.21
cust_107159,203,Financial Services,UPI,0.7514,0.2486,0,8.67
cust_107160,147,Edtech,UPI,0.7627,0.2373,1,10.6
cust_107161,211,SaaS,netbanking,0.8234,0.1766,0,3.75
cust_107162,22,Gaming,UPI,0.8242,0.1758,0,2.19
cust_107163,366,E-commerce,netbanking,0.7015,0.2985,0,8.25
cust_107164,187,E-commerce,UPI,0.7091,0.2909,0,5.21
cust_107165,27,Financial Services,card,0.791,0.209,1,8.04
cust_107166,48,SaaS,netbanking,0.7979,0.2021,1,23.02
cust_107167,20,Gaming,UPI,0.854,0.146,0,4.88
cust_107168,91,SaaS,card,0.7613,0.2387,0,3.47
cust_107169,75,Gaming,UPI,0.8294,0.1706,0,0.91
cust_107170,195,E-commerce,netbanking,0.8381,0.1619,0,2.87
cust_107171,127,Gaming,wallet,0.7448,0.2552,0,19.32
cust_107172,85,Gaming,wallet,0.2938,0.7062,0,51.37
cust_107173,70,Edtech,wallet,0.7836,0.2164,0,7.55
cust_107174,197,Gaming,card,0.7167,0.2833,0,5.4
cust_107175,189,Financial Services,netbanking,0.8267,0.1733,0,8.86
cust_107176,242,Edtech,card,0.827,0.173,2,12.62
cust_107177,402,E-commerce,netbanking,0.785,0.215,1,2.73
cust_107178,98,E-commerce,card,0.7741,0.2259,0,0.98
cust_107179,45,Gaming,card,0.8267,0.1733,2,4.66
cust_107180,63,SaaS,UPI,0.8529,0.1471,0,4.44
cust_107181,3,Edtech,UPI,0.8172,0.1828,0,0.29
cust_107182,77,Financial Services,UPI,0.911,0.089,0,3.25
cust_107183,112,SaaS,wallet,0.8528,0.1472,0,10.41
cust_107184,303,SaaS,UPI,0.9359,0.0641,0,3.32
cust_107185,62,E-commerce,card,0.7465,0.2535,0,19.2
cust_107186,10,SaaS,netbanking,0.9175,0.0825,3,12.25
cust_107187,28,Edtech,netbanking,0.7667,0.2333,0,3.96
cust_107188,300,SaaS,UPI,0.8518,0.1482,0,5.48
cust_107189,145,SaaS,card,0.7485,0.2515,0,21.2
cust_107190,16,E-commerce,card,0.7539,0.2461,1,5.95
cust_107191,3,E-commerce,UPI,0.9681,0.0319,0,4.2
cust_107192,16,E-commerce,UPI,0.7114,0.2886,0,15.1
cust_107193,247,Edtech,UPI,0.9255,0.0745,0,30.68
cust_107194,93,Edtech,wallet,0.7166,0.2834,0,19.82
cust_107195,83,Gaming,UPI,0.7633,0.2367,2,30.82
cust_107196,19,Edtech,card,0.9229,0.0771,0,2.83
cust_107197,182,SaaS,UPI,0.8133,0.1867,0,5.35
cust_107198,32,Gaming,card,0.9264,0.0736,0,18.47
cust_107199,38,Edtech,UPI,0.7583,0.2417,0,10.33
cust_107200,13,E-commerce,UPI,0.7688,0.2312,0,21.55
cust_107201,10,E-commerce,netbanking,0.769,0.231,0,0.93
cust_107202,28,E-commerce,UPI,0.737,0.263,0,44.41
cust_107203,5,Gaming,UPI,0.3822,0.6178,0,19.15
cust_107204,49,Gaming,netbanking,0.7645,0.2355,0,14.91
cust_107205,35,E-commerce,UPI,0.9208,0.0792,0,3.63
cust_107206,12,Edtech,UPI,0.5399,0.4601,0,17.25
cust_107207,18,SaaS,card,0.7933,0.2067,0,21.5
cust_107208,68,Gaming,UPI,0.9541,0.0459,1,8.38
cust_107209,102,Gaming,UPI,0.7375,0.2625,2,36.56
cust_107210,74,SaaS,UPI,0.2214,0.7786,1,17.11
cust_107211,80,Financial Services,netbanking,0.7211,0.2789,0,18.88
cust_107212,65,Financial Services,UPI,0.8041,0.1959,2,3.62
cust_107213,60,E-commerce,netbanking,0.1074,0.8926,0,17.54
cust_107214,147,E-commerce,UPI,0.9427,0.0573,0,20.58
cust_107215,300,SaaS,netbanking,0.9525,0.0475,0,24.36
cust_107216,161,Edtech,UPI,0.9231,0.0769,0,0.27
cust_107217,148,Gaming,card,0.2978,0.7022,1,24.9
cust_107218,24,SaaS,netbanking,0.728,0.272,1,2.07
cust_107219,131,Edtech,UPI,0.8122,0.1878,1,10.73
cust_107220,24,Financial Services,card,0.7767,0.2233,1,0.51
cust_107221,539,Edtech,UPI,0.9389,0.0611,1,3.49
cust_107222,24,Financial Services,UPI,0.7288,0.2712,2,1.09
cust_107223,259,E-commerce,UPI,0.9493,0.0507,0,5.23
cust_107224,55,Financial Services,card,0.5043,0.4957,0,6.28
cust_107225,273,E-commerce,UPI,0.3855,0.6145,0,18.57
cust_107226,168,E-commerce,UPI,0.9462,0.0538,0,16.15
cust_107227,25,Edtech,card,0.7385,0.2615,1,2.08
cust_107228,47,SaaS,netbanking,0.8974,0.1026,0,12.86
cust_107229,181,SaaS,card,0.7645,0.2355,1,7.26
cust_107230,140,Edtech,UPI,0.789,0.211,0,10.56
cust_107231,128,Edtech,UPI,0.9161,0.0839,1,21.31
cust_107232,160,SaaS,UPI,0.7294,0.2706,0,11.02
cust_107233,270,E-commerce,UPI,0.7138,0.2862,0,1.26
cust_107234,40,Financial Services,card,0.8656,0.1344,0,10.86
cust_107235,278,E-commerce,wallet,0.8695,0.1305,0,13.82
cust_107236,314,E-commerce,UPI,0.9075,0.0925,0,25.18
cust_107237,28,E-commerce,netbanking,0.7262,0.2738,0,1.05
cust_107238,72,Gaming,UPI,0.9292,0.0708,0,7.8
cust_107239,80,Edtech,UPI,0.8511,0.1489,0,16.21
cust_107240,79,SaaS,netbanking,0.9061,0.0939,1,0.04
cust_107241,291,SaaS,card,0.852,0.148,0,12.1
cust_107242,3,Financial Services,UPI,0.3464,0.6536,0,16.01
cust_107243,401,Financial Services,netbanking,0.7555,0.2445,0,0.66
cust_107244,48,E-commerce,UPI,0.9121,0.0879,0,1.85
cust_107245,104,Gaming,UPI,0.8563,0.1437,2,10.34
cust_107246,18,Edtech,UPI,0.5363,0.4637,1,2.1
cust_107247,102,SaaS,netbanking,0.8308,0.1692,0,2.06
cust_107248,342,Gaming,UPI,0.9688,0.0312,0,3.11
cust_107249,267,Edtech,netbanking,0.3599,0.6401,0,15.31
cust_107250,72,Gaming,UPI,0.8006,0.1994,0,4.99
cust_107251,13,Gaming,wallet,0.9323,0.0677,0,5.13
cust_107252,22,Gaming,card,0.917,0.083,0,7.91
cust_107253,178,Financial Services,wallet,0.8338,0.1662,1,0.93
cust_107254,158,Financial Services,UPI,0.705,0.295,0,37.56
cust_107255,206,Gaming,netbanking,0.835,0.165,1,13.62
cust_107256,54,Gaming,wallet,0.8015,0.1985,0,8.92
cust_107257,40,E-commerce,UPI,0.8785,0.1215,0,4.36
cust_107258,106,Edtech,card,0.7224,0.2776,0,1.32
cust_107259,70,Gaming,netbanking,0.8555,0.1445,0,5.87
cust_107260,82,E-commerce,netbanking,0.7981,0.2019,0,1.06
cust_107261,241,SaaS,netbanking,0.7987,0.2013,1,14.17
cust_107262,79,Financial Services,card,0.9472,0.0528,2,19.61
cust_107263,13,Edtech,UPI,0.8547,0.1453,0,10.55
cust_107264,20,E-commerce,UPI,0.7705,0.2295,0,9.22
cust_107265,232,E-commerce,card,0.7254,0.2746,0,50.82
cust_107266,131,E-commerce,netbanking,0.7688,0.2312,0,45.48
cust_107267,207,Edtech,card,0.3849,0.6151,0,26.46
cust_107268,108,E-commerce,card,0.9207,0.0793,0,5.6
cust_107269,98,Gaming,netbanking,0.8169,0.1831,1,2.82
cust_107270,4,E-commerce,UPI,0.8241,0.1759,0,16.06
cust_107271,283,E-commerce,UPI,0.7001,0.2999,0,12.24
cust_107272,367,Edtech,netbanking,0.7147,0.2853,0,2.85
cust_107273,7,Gaming,card,0.7544,0.2456,1,19.23
cust_107274,73,SaaS,wallet,0.7798,0.2202,0,1.16
cust_107275,44,SaaS,UPI,0.2158,0.7842,1,28.82
cust_107276,7,SaaS,UPI,0.4801,0.5199,2,50.05
cust_107277,119,Gaming,UPI,0.8038,0.1962,1,3.09
cust_107278,129,E-commerce,UPI,0.7497,0.2503,0,0.69
cust_107279,187,E-commerce,card,0.8298,0.1702,0,22.66
cust_107280,64,SaaS,card,0.7622,0.2378,2,11.41
cust_107281,65,SaaS,card,0.8176,0.1824,0,5.7
cust_107282,29,SaaS,UPI,0.7402,0.2598,0,19.98
cust_107283,4,Financial Services,UPI,0.7897,0.2103,0,10.96
cust_107284,23,Edtech,UPI,0.9586,0.0414,0,17.08
cust_107285,5,Financial Services,UPI,0.7154,0.2846,0,1.4
cust_107286,33,Financial Services,card,0.8095,0.1905,1,6.69
cust_107287,62,E-commerce,netbanking,0.8997,0.1003,0,8.35
cust_107288,225,Edtech,wallet,0.3862,0.6138,1,20.31
cust_107289,53,E-commerce,card,0.756,0.244,1,5.39
cust_107290,152,Financial Services,netbanking,0.5131,0.4869,1,10.13
cust_107291,91,E-commerce,UPI,0.8885,0.1115,0,6.65
cust_107292,21,E-commerce,card,0.9481,0.0519,0,7.46
cust_107293,5,Financial Services,UPI,0.4215,0.5785,0,16.67
cust_107294,552,Gaming,UPI,0.8995,0.1005,0,0.54
cust_107295,122,Financial Services,card,0.9628,0.0372,0,25.16
cust_107296,194,SaaS,UPI,0.7773,0.2227,0,6.13
cust_107297,52,Edtech,netbanking,0.4744,0.5256,0,20.37
cust_107298,68,Financial Services,UPI,0.8316,0.1684,1,1.09
cust_107299,116,Financial Services,UPI,0.8335,0.1665,0,5.56
cust_107300,30,Financial Services,UPI,0.9106,0.0894,0,0.97
cust_107301,99,Financial Services,UPI,0.7584,0.2416,1,11.88
cust_107302,200,Edtech,UPI,0.7504,0.2496,1,2.76
cust_107303,588,SaaS,UPI,0.9464,0.0536,0,15.14
cust_107304,26,SaaS,card,0.9403,0.0597,2,35.44
cust_107305,64,SaaS,UPI,0.8236,0.1764,0,10.49
cust_107306,74,SaaS,card,0.8384,0.1616,0,7.44
cust_107307,366,Gaming,UPI,0.7483,0.2517,0,14.22
cust_107308,50,E-commerce,netbanking,0.1844,0.8156,0,19.04
cust_107309,12,Gaming,UPI,0.7861,0.2139,0,4.87
cust_107310,247,Edtech,card,0.3481,0.6519,0,27.76
cust_107311,118,E-commerce,card,0.82,0.18,0,1.83
cust_107312,134,Edtech,UPI,0.8403,0.1597,0,25.45
cust_107313,54,Financial Services,card,0.8256,0.1744,0,1.0
cust_107314,73,SaaS,card,0.9448,0.0552,0,4.95
cust_107315,207,Gaming,UPI,0.7631,0.2369,0,16.7
cust_107316,304,E-commerce,UPI,0.859,0.141,1,2.5
cust_107317,225,Edtech,netbanking,0.7484,0.2516,0,0.61
cust_107318,12,Gaming,UPI,0.8977,0.1023,1,6.08
cust_107319,106,SaaS,netbanking,0.9742,0.0258,0,11.87
cust_107320,314,SaaS,UPI,0.7636,0.2364,1,0.15
cust_107321,32,Edtech,card,0.7876,0.2124,0,7.51
cust_107322,32,Edtech,card,0.8094,0.1906,0,4.93
cust_107323,56,Edtech,card,0.9185,0.0815,0,2.3
cust_107324,27,Gaming,UPI,0.499,0.501,0,24.34
cust_107325,159,Gaming,card,0.8335,0.1665,0,0.54
cust_107326,384,SaaS,UPI,0.8197,0.1803,0,24.41
cust_107327,144,Edtech,UPI,0.8813,0.1187,0,0.31
cust_107328,114,Financial Services,card,0.7822,0.2178,1,17.03
cust_107329,162,Financial Services,UPI,0.9538,0.0462,0,10.18
cust_107330,83,Edtech,UPI,0.828,0.172,0,15.21
cust_107331,21,Financial Services,UPI,0.7231,0.2769,1,9.28
cust_107332,79,Financial Services,card,0.9696,0.0304,0,34.37
cust_107333,31,Edtech,UPI,0.7718,0.2282,0,10.74
cust_107334,96,Financial Services,UPI,0.7368,0.2632,0,1.97
cust_107335,49,Financial Services,wallet,0.8132,0.1868,1,2.91
cust_107336,2,SaaS,card,0.7831,0.2169,0,51.19
cust_107337,159,SaaS,card,0.9286,0.0714,1,2.79
cust_107338,91,Gaming,card,0.9627,0.0373,0,1.97
cust_107339,31,E-commerce,UPI,0.9589,0.0411,0,24.88
cust_107340,140,E-commerce,card,0.7308,0.2692,0,11.69
cust_107341,482,Gaming,UPI,0.7115,0.2885,1,19.26
cust_107342,235,Financial Services,netbanking,0.9345,0.0655,0,3.54
cust_107343,18,Financial Services,UPI,0.5881,0.4119,0,2.96
cust_107344,155,Edtech,UPI,0.947,0.053,1,4.58
cust_107345,117,SaaS,card,0.7102,0.2898,0,18.72
cust_107346,110,E-commerce,netbanking,0.9562,0.0438,1,24.17
cust_107347,227,Gaming,wallet,0.7592,0.2408,2,2.38
cust_107348,290,Financial Services,card,0.8232,0.1768,0,4.17
cust_107349,140,E-commerce,UPI,0.3023,0.6977,0,16.53
cust_107350,165,SaaS,UPI,0.738,0.262,0,14.55
cust_107351,167,E-commerce,UPI,0.9486,0.0514,0,8.94
cust_107352,163,Financial Services,UPI,0.8799,0.1201,0,20.42
cust_107353,347,SaaS,UPI,0.9159,0.0841,0,2.98
cust_107354,32,Financial Services,UPI,0.842,0.158,0,8.75
cust_107355,16,Edtech,netbanking,0.9128,0.0872,0,9.09
cust_107356,524,Gaming,card,0.7131,0.2869,1,2.75
cust_107357,88,Financial Services,card,0.8603,0.1397,0,12.03
cust_107358,4,E-commerce,card,0.9277,0.0723,0,11.68
cust_107359,78,Gaming,wallet,0.9432,0.0568,0,40.5
cust_107360,9,Gaming,card,0.9765,0.0235,0,17.27
cust_107361,188,SaaS,netbanking,0.7882,0.2118,0,17.28
cust_107362,29,Edtech,UPI,0.9363,0.0637,0,6.53
cust_107363,163,Edtech,UPI,0.7389,0.2611,0,10.38
cust_107364,496,SaaS,card,0.7164,0.2836,1,15.25
cust_107365,447,Gaming,card,0.896,0.104,0,19.69
cust_107366,420,SaaS,UPI,0.8124,0.1876,0,15.72
cust_107367,92,Financial Services,UPI,0.2954,0.7046,0,18.15
cust_107368,52,E-commerce,wallet,0.9135,0.0865,0,20.63
cust_107369,198,Financial Services,card,0.8618,0.1382,1,10.14
cust_107370,108,SaaS,card,0.9642,0.0358,0,3.25
cust_107371,41,Gaming,card,0.9147,0.0853,2,3.64
cust_107372,5,Gaming,UPI,0.7224,0.2776,2,3.09
cust_107373,30,Gaming,UPI,0.9605,0.0395,1,15.42
cust_107374,105,Financial Services,UPI,0.177,0.823,0,15.09
cust_107375,183,Edtech,netbanking,0.9155,0.0845,1,14.36
cust_107376,6,E-commerce,UPI,0.8281,0.1719,0,6.47
cust_107377,204,SaaS,card,0.9303,0.0697,0,2.56
cust_107378,41,Edtech,UPI,0.7481,0.2519,0,13.04
cust_107379,34,Gaming,netbanking,0.7085,0.2915,0,3.9
cust_107380,64,Gaming,card,0.967,0.033,0,0.07
cust_107381,307,E-commerce,UPI,0.7244,0.2756,1,14.74
cust_107382,92,E-commerce,card,0.7847,0.2153,0,2.73
cust_107383,181,Gaming,netbanking,0.7316,0.2684,0,4.36
cust_107384,8,Edtech,card,0.8709,0.1291,0,0.57
cust_107385,132,Financial Services,UPI,0.9783,0.0217,0,1.18
cust_107386,145,Gaming,UPI,0.8727,0.1273,1,0.93
cust_107387,172,Gaming,card,0.7006,0.2994,0,5.21
cust_107388,3,Edtech,card,0.8485,0.1515,0,12.52
cust_107389,119,Edtech,card,0.9555,0.0445,1,5.43
cust_107390,60,Edtech,UPI,0.7687,0.2313,1,2.83
cust_107391,239,SaaS,card,0.9192,0.0808,0,0.18
cust_107392,58,SaaS,card,0.8509,0.1491,0,6.15
cust_107393,604,Financial Services,card,0.9408,0.0592,0,7.61
cust_107394,6,SaaS,wallet,0.8055,0.1945,1,1.04
cust_107395,28,Edtech,UPI,0.8898,0.1102,0,2.33
cust_107396,143,Edtech,card,0.8478,0.1522,0,13.63
cust_107397,26,SaaS,netbanking,0.4252,0.5748,0,19.13
cust_107398,2,Edtech,wallet,0.8627,0.1373,0,5.49
cust_107399,13,E-commerce,card,0.8831,0.1169,0,44.47
cust_107400,361,SaaS,card,0.7559,0.2441,1,3.28
cust_107401,36,Financial Services,UPI,0.732,0.268,1,19.43
cust_107402,176,SaaS,UPI,0.9737,0.0263,0,0.06
cust_107403,28,Financial Services,UPI,0.7119,0.2881,0,8.8
cust_107404,178,SaaS,UPI,0.8437,0.1563,0,16.1
cust_107405,49,Gaming,UPI,0.4203,0.5797,2,16.48
cust_107406,84,SaaS,UPI,0.8126,0.1874,1,2.2
cust_107407,264,Gaming,wallet,0.9648,0.0352,1,6.65
cust_107408,204,Gaming,card,0.9436,0.0564,0,1.89
cust_107409,240,Edtech,card,0.9359,0.0641,1,7.6
cust_107410,454,Edtech,UPI,0.7085,0.2915,1,1.3
cust_107411,184,SaaS,netbanking,0.8446,0.1554,0,1.72
cust_107412,34,Gaming,netbanking,0.9664,0.0336,0,17.08
cust_107413,41,E-commerce,netbanking,0.8307,0.1693,1,14.71
cust_107414,23,Edtech,UPI,0.3095,0.6905,0,23.59
cust_107415,48,SaaS,card,0.8659,0.1341,0,0.23
cust_107416,102,SaaS,card,0.9477,0.0523,1,22.78
cust_107417,74,Financial Services,UPI,0.748,0.252,0,11.24
cust_107418,89,Financial Services,card,0.7371,0.2629,0,1.61
cust_107419,132,Gaming,UPI,0.1667,0.8333,0,21.77
cust_107420,78,SaaS,card,0.7336,0.2664,0,45.74
cust_107421,152,SaaS,UPI,0.9253,0.0747,0,0.84
cust_107422,134,Financial Services,UPI,0.9524,0.0476,0,4.78
cust_107423,108,Edtech,card,0.7611,0.2389,0,19.9
cust_107424,30,Gaming,card,0.8823,0.1177,0,7.94
cust_107425,106,Edtech,UPI,0.8461,0.1539,0,17.56
cust_107426,20,Financial Services,UPI,0.7227,0.2773,1,12.91
cust_107427,211,SaaS,UPI,0.7827,0.2173,0,14.21
cust_107428,168,E-commerce,UPI,0.8841,0.1159,0,5.08
cust_107429,212,Edtech,UPI,0.8671,0.1329,3,4.97
cust_107430,9,Gaming,card,0.563,0.437,0,4.32
cust_107431,140,E-commerce,UPI,0.7696,0.2304,1,1.64
cust_107432,75,E-commerce,wallet,0.7746,0.2254,1,4.96
cust_107433,316,Financial Services,UPI,0.9286,0.0714,0,3.04
cust_107434,102,SaaS,UPI,0.8055,0.1945,0,9.92
cust_107435,13,Financial Services,card,0.5591,0.4409,0,6.81
cust_107436,9,Edtech,card,0.7891,0.2109,0,5.3
cust_107437,109,Edtech,card,0.2774,0.7226,0,16.34
cust_107438,33,Financial Services,card,0.9111,0.0889,0,14.17
cust_107439,162,Gaming,netbanking,0.9211,0.0789,0,4.23
cust_107440,214,Edtech,UPI,0.9719,0.0281,0,2.16
cust_107441,295,Financial Services,UPI,0.7762,0.2238,0,11.78
cust_107442,34,Gaming,netbanking,0.7333,0.2667,0,10.93
cust_107443,51,Gaming,netbanking,0.8396,0.1604,2,1.07
cust_107444,310,Gaming,card,0.9629,0.0371,1,2.25
cust_107445,113,Financial Services,UPI,0.9797,0.0203,1,1.65
cust_107446,465,E-commerce,netbanking,0.7108,0.2892,2,10.64
cust_107447,14,Financial Services,netbanking,0.8692,0.1308,1,26.22
cust_107448,97,Gaming,UPI,0.8142,0.1858,1,10.25
cust_107449,57,Gaming,card,0.2864,0.7136,1,22.23
cust_107450,43,Edtech,card,0.8357,0.1643,1,1.44
cust_107451,16,E-commerce,netbanking,0.1252,0.8748,0,45.32
cust_107452,105,Edtech,UPI,0.8468,0.1532,1,4.8
cust_107453,76,E-commerce,UPI,0.815,0.185,0,0.81
cust_107454,27,Gaming,UPI,0.2919,0.7081,1,19.26
cust_107455,9,Financial Services,card,0.3269,0.6731,0,35.06
cust_107456,206,Gaming,UPI,0.7495,0.2505,0,1.7
cust_107457,417,Edtech,card,0.9759,0.0241,0,1.47
cust_107458,80,Gaming,UPI,0.7432,0.2568,1,9.48
cust_107459,75,Gaming,UPI,0.9055,0.0945,0,12.62
cust_107460,56,E-commerce,card,0.9104,0.0896,1,7.88
cust_107461,52,Financial Services,card,0.8119,0.1881,0,11.1
cust_107462,14,Gaming,UPI,0.8387,0.1613,1,22.53
cust_107463,88,Gaming,card,0.9566,0.0434,1,0.38
cust_107464,32,Financial Services,UPI,0.1607,0.8393,0,43.73
cust_107465,197,Edtech,netbanking,0.7137,0.2863,1,2.58
cust_107466,99,Edtech,netbanking,0.9277,0.0723,0,7.04
cust_107467,18,SaaS,UPI,0.8689,0.1311,0,4.33
cust_107468,262,E-commerce,UPI,0.8679,0.1321,1,29.11
cust_107469,96,E-commerce,card,0.8127,0.1873,0,10.62
cust_107470,257,SaaS,UPI,0.1332,0.8668,0,18.62
cust_107471,22,Edtech,UPI,0.5894,0.4106,1,11.0
cust_107472,238,Financial Services,card,0.7411,0.2589,0,8.52
cust_107473,61,Gaming,UPI,0.9643,0.0357,0,26.51
cust_107474,163,Edtech,UPI,0.8852,0.1148,0,3.83
cust_107475,458,SaaS,wallet,0.9047,0.0953,0,4.34
cust_107476,110,Gaming,UPI,0.2503,0.7497,0,25.8
cust_107477,49,SaaS,card,0.9272,0.0728,0,12.05
cust_107478,133,Financial Services,card,0.9523,0.0477,1,1.23
cust_107479,25,Gaming,UPI,0.7093,0.2907,0,12.43
cust_107480,55,Gaming,UPI,0.8804,0.1196,1,6.02
cust_107481,35,Financial Services,UPI,0.9078,0.0922,0,21.65
cust_107482,26,E-commerce,card,0.7032,0.2968,1,5.8
cust_107483,152,Gaming,netbanking,0.8817,0.1183,0,20.54
cust_107484,87,SaaS,netbanking,0.7654,0.2346,1,9.29
cust_107485,113,E-commerce,card,0.5662,0.4338,1,13.22
cust_107486,184,Financial Services,card,0.9639,0.0361,1,5.83
cust_107487,205,SaaS,netbanking,0.7731,0.2269,0,8.66
cust_107488,196,Gaming,card,0.9563,0.0437,0,0.19
cust_107489,155,Gaming,card,0.9316,0.0684,1,5.64
cust_107490,610,Gaming,card,0.9741,0.0259,0,27.21
cust_107491,287,SaaS,netbanking,0.94,0.06,0,7.49
cust_107492,48,Financial Services,UPI,0.9462,0.0538,0,8.62
cust_107493,34,SaaS,netbanking,0.8021,0.1979,0,7.48
cust_107494,69,SaaS,UPI,0.8144,0.1856,1,10.29
cust_107495,113,SaaS,card,0.8206,0.1794,0,2.0
cust_107496,40,Edtech,card,0.7428,0.2572,1,2.28
cust_107497,12,Edtech,card,0.7019,0.2981,0,1.34
cust_107498,135,E-commerce,UPI,0.7861,0.2139,0,3.66
cust_107499,323,Edtech,UPI,0.1817,0.8183,0,47.06
cust_107500,47,E-commerce,card,0.8839,0.1161,0,1.17
cust_107501,119,Financial Services,netbanking,0.7884,0.2116,0,9.84
cust_107502,113,Financial Services,UPI,0.1259,0.8741,0,18.0
cust_107503,57,Financial Services,UPI,0.8799,0.1201,1,10.08
cust_107504,29,SaaS,UPI,0.9718,0.0282,0,14.37
cust_107505,75,SaaS,UPI,0.7241,0.2759,1,12.76
cust_107506,141,Gaming,card,0.7502,0.2498,2,4.36
cust_107507,60,SaaS,UPI,0.2668,0.7332,1,27.03
cust_107508,158,Gaming,netbanking,0.8635,0.1365,0,12.92
cust_107509,44,SaaS,card,0.8444,0.1556,0,23.31
cust_107510,22,E-commerce,UPI,0.7113,0.2887,0,14.95
cust_107511,166,Edtech,UPI,0.9269,0.0731,0,3.62
cust_107512,80,Edtech,card,0.8256,0.1744,0,10.88
cust_107513,67,Gaming,netbanking,0.9183,0.0817,0,9.87
cust_107514,114,Financial Services,UPI,0.8243,0.1757,0,4.55
cust_107515,23,Gaming,UPI,0.736,0.264,0,1.96
cust_107516,72,E-commerce,UPI,0.7184,0.2816,0,1.41
cust_107517,126,SaaS,card,0.8317,0.1683,1,1.25
cust_107518,7,Edtech,card,0.4785,0.5215,0,20.17
cust_107519,192,SaaS,card,0.8764,0.1236,1,0.6
cust_107520,39,Gaming,UPI,0.973,0.027,1,8.04
cust_107521,46,SaaS,UPI,0.7669,0.2331,0,3.86
cust_107522,115,E-commerce,wallet,0.8661,0.1339,0,7.61
cust_107523,5,SaaS,netbanking,0.8074,0.1926,0,23.67
cust_107524,93,Edtech,UPI,0.507,0.493,0,52.95
cust_107525,44,Gaming,UPI,0.8425,0.1575,0,9.09
cust_107526,12,Edtech,card,0.9078,0.0922,2,8.17
cust_107527,13,SaaS,card,0.9338,0.0662,1,20.56
cust_107528,195,Edtech,UPI,0.9242,0.0758,0,0.07
cust_107529,61,Financial Services,UPI,0.7697,0.2303,1,10.62
cust_107530,159,SaaS,card,0.7131,0.2869,1,11.59
cust_107531,96,Financial Services,card,0.7008,0.2992,0,2.99
cust_107532,321,Edtech,UPI,0.2229,0.7771,0,17.07
cust_107533,18,SaaS,UPI,0.7893,0.2107,0,25.14
cust_107534,48,Edtech,UPI,0.2381,0.7619,0,19.41
cust_107535,290,SaaS,UPI,0.7696,0.2304,0,7.62
cust_107536,183,Gaming,card,0.1407,0.8593,0,16.32
cust_107537,334,Gaming,netbanking,0.2045,0.7955,0,32.23
cust_107538,108,Financial Services,card,0.7449,0.2551,0,15.18
cust_107539,27,SaaS,card,0.8041,0.1959,0,15.91
cust_107540,3,Gaming,UPI,0.8917,0.1083,0,1.71
cust_107541,79,Edtech,UPI,0.8941,0.1059,1,8.36
cust_107542,30,SaaS,UPI,0.8496,0.1504,0,14.38
cust_107543,49,SaaS,card,0.7901,0.2099,0,44.88
cust_107544,23,Gaming,UPI,0.7254,0.2746,0,30.57
cust_107545,125,Financial Services,UPI,0.8225,0.1775,0,24.02
cust_107546,1,Gaming,UPI,0.757,0.243,2,47.75
cust_107547,12,E-commerce,card,0.8169,0.1831,1,15.77
cust_107548,300,E-commerce,UPI,0.1949,0.8051,0,19.5
cust_107549,134,Financial Services,UPI,0.938,0.062,1,0.1
cust_107550,86,Gaming,card,0.952,0.048,0,13.82
cust_107551,70,Financial Services,UPI,0.8416,0.1584,0,12.4
cust_107552,59,Gaming,netbanking,0.9779,0.0221,0,4.28
cust_107553,52,SaaS,UPI,0.7115,0.2885,0,8.73
cust_107554,194,SaaS,UPI,0.8722,0.1278,0,1.02
cust_107555,43,Gaming,UPI,0.9303,0.0697,1,15.27
cust_107556,48,Edtech,UPI,0.7221,0.2779,0,2.96
cust_107557,105,E-commerce,UPI,0.9549,0.0451,2,12.21
cust_107558,129,Financial Services,UPI,0.7269,0.2731,1,13.35
cust_107559,52,Gaming,UPI,0.7948,0.2052,0,19.99
cust_107560,19,SaaS,UPI,0.9241,0.0759,0,0.57
cust_107561,140,E-commerce,card,0.7334,0.2666,1,24.81
cust_107562,166,Gaming,netbanking,0.7091,0.2909,0,6.93
cust_107563,613,Financial Services,card,0.8882,0.1118,1,20.54
cust_107564,144,E-commerce,UPI,0.2568,0.7432,0,18.01
cust_107565,297,Gaming,card,0.8899,0.1101,1,27.59
cust_107566,75,Financial Services,UPI,0.7763,0.2237,0,50.85
cust_107567,49,Edtech,UPI,0.9034,0.0966,0,3.36
cust_107568,264,SaaS,card,0.8901,0.1099,0,25.56
cust_107569,87,E-commerce,netbanking,0.9507,0.0493,0,37.77
cust_107570,10,SaaS,card,0.7178,0.2822,0,2.13
cust_107571,60,Financial Services,UPI,0.9304,0.0696,0,8.79
cust_107572,608,Gaming,card,0.7683,0.2317,0,0.41
cust_107573,18,Edtech,card,0.9219,0.0781,2,7.83
cust_107574,97,Financial Services,card,0.737,0.263,1,0.25
cust_107575,346,Financial Services,UPI,0.7915,0.2085,0,25.2
cust_107576,81,Gaming,UPI,0.7008,0.2992,0,8.64
cust_107577,12,E-commerce,UPI,0.7386,0.2614,0,16.89
cust_107578,15,Financial Services,card,0.3673,0.6327,0,23.86
cust_107579,28,SaaS,card,0.3431,0.6569,1,32.39
cust_107580,238,Gaming,UPI,0.7017,0.2983,0,9.01
cust_107581,2,Financial Services,UPI,0.7136,0.2864,1,27.06
cust_107582,136,SaaS,UPI,0.7116,0.2884,0,12.81
cust_107583,98,Financial Services,UPI,0.9322,0.0678,0,16.62
cust_107584,168,Edtech,UPI,0.4655,0.5345,0,49.37
cust_107585,263,SaaS,UPI,0.8201,0.1799,1,2.19
cust_107586,24,SaaS,UPI,0.8646,0.1354,1,3.0
cust_107587,227,SaaS,netbanking,0.8643,0.1357,0,10.33
cust_107588,154,Gaming,card,0.1825,0.8175,1,18.78
cust_107589,224,E-commerce,netbanking,0.7401,0.2599,0,0.23
cust_107590,236,E-commerce,UPI,0.2311,0.7689,0,19.26
cust_107591,65,E-commerce,UPI,0.9149,0.0851,0,0.82
cust_107592,428,Financial Services,netbanking,0.8592,0.1408,2,2.5
cust_107593,7,Gaming,UPI,0.9401,0.0599,0,7.01
cust_107594,600,Gaming,UPI,0.7523,0.2477,0,11.88
cust_107595,24,Financial Services,netbanking,0.4116,0.5884,0,18.23
cust_107596,329,Gaming,card,0.7373,0.2627,0,8.68
cust_107597,166,Financial Services,UPI,0.9281,0.0719,2,11.47
cust_107598,236,Financial Services,UPI,0.8852,0.1148,2,11.31
cust_107599,89,Edtech,UPI,0.9748,0.0252,1,15.89
cust_107600,21,Gaming,card,0.7123,0.2877,2,19.98
cust_107601,35,Edtech,netbanking,0.9695,0.0305,0,2.21
cust_107602,14,Edtech,netbanking,0.9592,0.0408,0,1.49
cust_107603,34,E-commerce,card,0.7348,0.2652,1,7.9
cust_107604,22,SaaS,UPI,0.7338,0.2662,0,5.27
cust_107605,108,Gaming,UPI,0.7974,0.2026,2,0.18
cust_107606,188,Edtech,UPI,0.7794,0.2206,0,5.01
cust_107607,299,Edtech,card,0.8115,0.1885,0,0.15
cust_107608,27,Financial Services,UPI,0.747,0.253,0,18.19
cust_107609,46,Edtech,UPI,0.3467,0.6533,0,15.09
cust_107610,373,Financial Services,UPI,0.4497,0.5503,0,16.38
cust_107611,81,Financial Services,netbanking,0.5848,0.4152,0,5.81
cust_107612,3,Financial Services,card,0.31,0.69,0,27.03
cust_107613,77,E-commerce,netbanking,0.8185,0.1815,0,7.22
cust_107614,143,Financial Services,card,0.3245,0.6755,0,18.81
cust_107615,12,E-commerce,UPI,0.9525,0.0475,0,1.26
cust_107616,120,Financial Services,netbanking,0.1984,0.8016,0,17.51
cust_107617,269,SaaS,card,0.8022,0.1978,0,5.24
cust_107618,135,SaaS,card,0.7557,0.2443,0,8.37
cust_107619,192,SaaS,UPI,0.2152,0.7848,2,30.66
cust_107620,34,SaaS,UPI,0.9265,0.0735,1,2.45
cust_107621,80,Edtech,UPI,0.7971,0.2029,0,2.14
cust_107622,9,Financial Services,UPI,0.8046,0.1954,0,8.26
cust_107623,111,E-commerce,card,0.721,0.279,0,14.46
cust_107624,12,E-commerce,UPI,0.7861,0.2139,1,6.8
cust_107625,48,Gaming,card,0.8987,0.1013,0,51.51
cust_107626,54,Edtech,card,0.8023,0.1977,1,8.34
cust_107627,102,SaaS,UPI,0.7896,0.2104,1,21.64
cust_107628,106,Financial Services,netbanking,0.7894,0.2106,0,20.35
cust_107629,16,Financial Services,card,0.5668,0.4332,0,11.43
cust_107630,119,SaaS,UPI,0.9611,0.0389,0,3.25
cust_107631,99,Gaming,card,0.8217,0.1783,0,7.25
cust_107632,116,Edtech,UPI,0.8133,0.1867,1,2.02
cust_107633,14,E-commerce,card,0.8087,0.1913,0,2.14
cust_107634,4,SaaS,card,0.7545,0.2455,0,1.53
cust_107635,111,Edtech,wallet,0.8386,0.1614,3,1.7
cust_107636,71,Gaming,card,0.8531,0.1469,1,6.53
cust_107637,126,SaaS,UPI,0.8312,0.1688,0,2.55
cust_107638,519,E-commerce,UPI,0.9783,0.0217,0,2.47
cust_107639,87,Financial Services,UPI,0.9244,0.0756,0,3.23
cust_107640,1,SaaS,card,0.7684,0.2316,0,22.9
cust_107641,5,SaaS,UPI,0.7281,0.2719,1,0.02
cust_107642,24,E-commerce,netbanking,0.869,0.131,1,11.03
cust_107643,85,Financial Services,netbanking,0.7608,0.2392,0,16.78
cust_107644,23,E-commerce,UPI,0.869,0.131,0,12.13
cust_107645,137,Financial Services,card,0.8911,0.1089,1,14.98
cust_107646,33,E-commerce,UPI,0.941,0.059,0,5.61
cust_107647,146,Edtech,card,0.7521,0.2479,1,10.85
cust_107648,55,Gaming,netbanking,0.7902,0.2098,0,9.24
cust_107649,167,E-commerce,netbanking,0.9617,0.0383,0,4.47
cust_107650,68,Financial Services,UPI,0.9407,0.0593,0,26.99
cust_107651,17,E-commerce,card,0.823,0.177,1,6.81
cust_107652,241,E-commerce,netbanking,0.8986,0.1014,0,0.25
cust_107653,14,E-commerce,card,0.9429,0.0571,0,1.62
cust_107654,178,E-commerce,card,0.2191,0.7809,1,17.21
cust_107655,215,E-commerce,card,0.147,0.853,3,18.72
cust_107656,102,SaaS,card,0.4084,0.5916,0,29.74
cust_107657,12,E-commerce,card,0.7491,0.2509,0,6.89
cust_107658,238,Edtech,UPI,0.7595,0.2405,0,1.74
cust_107659,271,Edtech,netbanking,0.7198,0.2802,2,2.04
cust_107660,44,Gaming,UPI,0.949,0.051,0,15.24
cust_107661,31,SaaS,UPI,0.8353,0.1647,0,1.72
cust_107662,142,Edtech,card,0.7919,0.2081,1,33.44
cust_107663,1,Edtech,UPI,0.7355,0.2645,1,0.87
cust_107664,10,Financial Services,card,0.563,0.437,1,9.25
cust_107665,51,Edtech,UPI,0.8931,0.1069,0,21.92
cust_107666,13,Gaming,wallet,0.3756,0.6244,0,26.23
cust_107667,358,E-commerce,UPI,0.1019,0.8981,1,18.64
cust_107668,28,Financial Services,netbanking,0.9757,0.0243,0,3.33
cust_107669,826,E-commerce,UPI,0.7516,0.2484,0,46.11
cust_107670,56,Financial Services,UPI,0.9029,0.0971,1,2.66
cust_107671,67,E-commerce,card,0.838,0.162,0,4.68
cust_107672,52,Financial Services,UPI,0.7571,0.2429,0,3.42
cust_107673,112,SaaS,card,0.9033,0.0967,0,3.1
cust_107674,23,SaaS,UPI,0.8125,0.1875,0,11.17
cust_107675,22,Edtech,card,0.7079,0.2921,1,6.74
cust_107676,159,Financial Services,UPI,0.3793,0.6207,2,32.27
cust_107677,58,SaaS,UPI,0.9233,0.0767,0,0.74
cust_107678,89,Edtech,UPI,0.7475,0.2525,1,6.14
cust_107679,27,Gaming,UPI,0.7379,0.2621,0,13.29
cust_107680,27,Edtech,card,0.512,0.488,0,10.7
cust_107681,94,Financial Services,UPI,0.7833,0.2167,1,17.22
cust_107682,157,SaaS,card,0.348,0.652,2,15.71
cust_107683,101,SaaS,UPI,0.9432,0.0568,0,10.42
cust_107684,125,Financial Services,card,0.8027,0.1973,1,2.13
cust_107685,120,E-commerce,UPI,0.8177,0.1823,1,2.13
cust_107686,99,Edtech,card,0.7007,0.2993,0,5.25
cust_107687,5,Financial Services,UPI,0.7039,0.2961,0,8.6
cust_107688,240,SaaS,UPI,0.8134,0.1866,0,12.33
cust_107689,233,Gaming,UPI,0.7999,0.2001,0,1.73
cust_107690,14,Financial Services,card,0.9227,0.0773,1,41.87
cust_107691,69,Financial Services,netbanking,0.7792,0.2208,0,1.25
cust_107692,146,Financial Services,UPI,0.8666,0.1334,0,11.13
cust_107693,49,Gaming,card,0.8464,0.1536,0,15.31
cust_107694,45,E-commerce,card,0.8957,0.1043,0,15.69
cust_107695,117,Gaming,UPI,0.9096,0.0904,0,3.04
cust_107696,104,Gaming,card,0.9358,0.0642,0,11.84
cust_107697,264,Gaming,UPI,0.7722,0.2278,0,9.0
cust_107698,106,Gaming,UPI,0.865,0.135,0,0.64
cust_107699,101,Gaming,card,0.9279,0.0721,0,4.05
cust_107700,49,SaaS,netbanking,0.8672,0.1328,0,7.95
cust_107701,184,E-commerce,netbanking,0.3085,0.6915,0,18.56
cust_107702,208,Financial Services,card,0.7357,0.2643,1,0.44
cust_107703,143,E-commerce,netbanking,0.772,0.228,1,7.87
cust_107704,44,Financial Services,card,0.1504,0.8496,1,44.32
cust_107705,55,Gaming,UPI,0.9617,0.0383,1,11.95
cust_107706,248,Gaming,UPI,0.7209,0.2791,1,15.81
cust_107707,9,SaaS,card,0.7807,0.2193,1,11.62
cust_107708,308,Edtech,card,0.7046,0.2954,1,7.51
cust_107709,37,SaaS,wallet,0.8261,0.1739,0,4.44
cust_107710,43,E-commerce,UPI,0.1966,0.8034,1,39.89
cust_107711,67,Gaming,netbanking,0.8969,0.1031,0,3.73
cust_107712,72,Edtech,UPI,0.784,0.216,0,3.42
cust_107713,25,E-commerce,UPI,0.9002,0.0998,0,4.89
cust_107714,150,Gaming,wallet,0.718,0.282,0,6.21
cust_107715,22,Gaming,UPI,0.8474,0.1526,1,2.01
cust_107716,57,E-commerce,netbanking,0.8472,0.1528,0,31.6
cust_107717,282,Gaming,UPI,0.7162,0.2838,0,5.09
cust_107718,89,Gaming,card,0.7812,0.2188,0,1.33
cust_107719,6,Financial Services,netbanking,0.8076,0.1924,1,2.4
cust_107720,12,SaaS,netbanking,0.756,0.244,1,3.62
cust_107721,55,Edtech,card,0.8036,0.1964,1,30.16
cust_107722,13,Edtech,card,0.9743,0.0257,0,4.74
cust_107723,149,Gaming,netbanking,0.9436,0.0564,1,13.89
cust_107724,47,Edtech,card,0.9109,0.0891,1,7.7
cust_107725,172,Edtech,netbanking,0.8923,0.1077,0,16.17
cust_107726,202,Gaming,UPI,0.917,0.083,1,0.98
cust_107727,103,Financial Services,netbanking,0.8899,0.1101,0,17.52
cust_107728,85,E-commerce,netbanking,0.9398,0.0602,2,18.51
cust_107729,24,Financial Services,UPI,0.8106,0.1894,0,13.56
cust_107730,21,SaaS,UPI,0.3715,0.6285,1,35.82
cust_107731,19,Gaming,UPI,0.8168,0.1832,0,0.1
cust_107732,41,Financial Services,UPI,0.7021,0.2979,0,8.36
cust_107733,58,Financial Services,UPI,0.9522,0.0478,1,17.99
cust_107734,80,Financial Services,wallet,0.8138,0.1862,1,5.89
cust_107735,1,Edtech,card,0.8863,0.1137,0,27.73
cust_107736,109,Gaming,wallet,0.7903,0.2097,2,1.62
cust_107737,192,Edtech,card,0.7986,0.2014,0,14.47
cust_107738,105,E-commerce,UPI,0.8207,0.1793,0,26.76
cust_107739,85,SaaS,card,0.2932,0.7068,0,28.02
cust_107740,353,Financial Services,UPI,0.9203,0.0797,0,10.4
cust_107741,298,Financial Services,UPI,0.9396,0.0604,0,1.7
cust_107742,83,Edtech,card,0.8001,0.1999,1,8.37
cust_107743,260,Financial Services,UPI,0.7715,0.2285,1,4.01
cust_107744,22,SaaS,card,0.9497,0.0503,0,3.1
cust_107745,436,Edtech,card,0.9156,0.0844,1,28.04
cust_107746,190,Gaming,netbanking,0.9612,0.0388,0,6.65
cust_107747,108,SaaS,card,0.524,0.476,1,23.44
cust_107748,333,E-commerce,card,0.8138,0.1862,0,17.06
cust_107749,96,Gaming,netbanking,0.7048,0.2952,1,9.34
cust_107750,80,E-commerce,netbanking,0.9298,0.0702,0,2.31
cust_107751,273,SaaS,UPI,0.8267,0.1733,1,8.39
cust_107752,115,E-commerce,UPI,0.7128,0.2872,1,4.97
cust_107753,68,Gaming,card,0.9623,0.0377,0,1.02
cust_107754,354,E-commerce,UPI,0.8436,0.1564,0,5.92
cust_107755,30,Financial Services,UPI,0.1226,0.8774,0,16.82
cust_107756,27,Edtech,UPI,0.8514,0.1486,0,9.91
cust_107757,1,Gaming,netbanking,0.9753,0.0247,2,10.93
cust_107758,23,Edtech,netbanking,0.7595,0.2405,0,3.95
cust_107759,81,Gaming,card,0.4851,0.5149,0,16.08
cust_107760,66,SaaS,netbanking,0.8332,0.1668,1,8.49
cust_107761,15,Financial Services,UPI,0.9574,0.0426,0,6.7
cust_107762,158,Gaming,UPI,0.7378,0.2622,0,5.79
cust_107763,22,Edtech,card,0.7428,0.2572,0,6.59
cust_107764,142,Edtech,UPI,0.2813,0.7187,0,23.29
cust_107765,7,Gaming,card,0.7037,0.2963,1,6.7
cust_107766,318,Edtech,UPI,0.8299,0.1701,1,12.34
cust_107767,127,Edtech,netbanking,0.8057,0.1943,0,3.29
cust_107768,18,Financial Services,netbanking,0.8426,0.1574,0,24.09
cust_107769,42,SaaS,UPI,0.8395,0.1605,0,9.09
cust_107770,224,E-commerce,UPI,0.8895,0.1105,1,11.83
cust_107771,160,Edtech,UPI,0.8758,0.1242,0,4.55
cust_107772,6,Gaming,netbanking,0.4289,0.5711,2,17.76
cust_107773,10,Financial Services,netbanking,0.4586,0.5414,0,26.45
cust_107774,182,Edtech,UPI,0.8822,0.1178,0,15.85
cust_107775,73,SaaS,netbanking,0.9714,0.0286,0,2.45
cust_107776,23,Edtech,card,0.8681,0.1319,0,5.19
cust_107777,82,E-commerce,card,0.7785,0.2215,0,4.75
cust_107778,42,SaaS,UPI,0.9364,0.0636,0,1.9
cust_107779,61,E-commerce,UPI,0.1482,0.8518,0,80.0
cust_107780,10,Financial Services,card,0.8319,0.1681,0,18.3
cust_107781,295,Gaming,UPI,0.8015,0.1985,1,1.51
cust_107782,46,Edtech,UPI,0.7318,0.2682,0,4.67
cust_107783,64,Edtech,card,0.5497,0.4503,0,0.19
cust_107784,81,Edtech,UPI,0.8923,0.1077,0,1.44
cust_107785,86,E-commerce,UPI,0.8402,0.1598,1,0.2
cust_107786,72,E-commerce,wallet,0.7896,0.2104,0,4.37
cust_107787,3,Gaming,UPI,0.895,0.105,0,10.43
cust_107788,105,Edtech,UPI,0.3101,0.6899,0,29.07
cust_107789,106,E-commerce,netbanking,0.7615,0.2385,0,10.58
cust_107790,16,Financial Services,UPI,0.4214,0.5786,0,32.46
cust_107791,47,Gaming,card,0.8744,0.1256,1,20.91
cust_107792,86,Edtech,card,0.8176,0.1824,0,6.03
cust_107793,227,Financial Services,UPI,0.8446,0.1554,0,21.18
cust_107794,210,SaaS,UPI,0.8242,0.1758,0,11.26
cust_107795,10,SaaS,UPI,0.7509,0.2491,0,9.11
cust_107796,4,Gaming,card,0.9706,0.0294,1,1.92
cust_107797,13,SaaS,UPI,0.9749,0.0251,0,10.28
cust_107798,1,Gaming,card,0.9235,0.0765,1,4.21
cust_107799,222,SaaS,card,0.8402,0.1598,1,23.73
cust_107800,11,Edtech,UPI,0.9482,0.0518,0,5.81
cust_107801,118,Edtech,UPI,0.8577,0.1423,1,23.46
cust_107802,1,Financial Services,card,0.8662,0.1338,0,7.03
cust_107803,164,SaaS,UPI,0.9598,0.0402,0,12.14
cust_107804,89,E-commerce,UPI,0.4625,0.5375,0,21.15
cust_107805,142,E-commerce,UPI,0.7333,0.2667,0,9.31
cust_107806,165,Gaming,netbanking,0.8622,0.1378,0,4.19
cust_107807,13,E-commerce,UPI,0.7638,0.2362,0,16.24
cust_107808,198,Gaming,UPI,0.4542,0.5458,0,16.26
cust_107809,229,Financial Services,netbanking,0.7764,0.2236,0,9.72
cust_107810,36,Gaming,UPI,0.8254,0.1746,0,8.61
cust_107811,20,Gaming,UPI,0.8305,0.1695,0,3.77
cust_107812,133,Financial Services,UPI,0.8969,0.1031,1,4.02
cust_107813,30,SaaS,UPI,0.8246,0.1754,0,3.49
cust_107814,236,Financial Services,card,0.7567,0.2433,1,6.08
cust_107815,32,Gaming,card,0.5093,0.4907,2,3.81
cust_107816,4,Gaming,UPI,0.8919,0.1081,0,3.23
cust_107817,44,Financial Services,UPI,0.8296,0.1704,0,14.76
cust_107818,19,SaaS,UPI,0.7181,0.2819,0,8.48
cust_107819,21,Financial Services,netbanking,0.8562,0.1438,0,4.57
cust_107820,66,Edtech,UPI,0.9765,0.0235,0,4.92
cust_107821,37,Financial Services,netbanking,0.9315,0.0685,0,11.99
cust_107822,52,E-commerce,UPI,0.8541,0.1459,0,13.96
cust_107823,161,Financial Services,UPI,0.847,0.153,0,25.56
cust_107824,264,E-commerce,card,0.8919,0.1081,0,16.74
cust_107825,18,Financial Services,card,0.2189,0.7811,0,28.6
cust_107826,4,Financial Services,card,0.7505,0.2495,0,18.38
cust_107827,136,Gaming,netbanking,0.5249,0.4751,1,1.48
cust_107828,120,SaaS,netbanking,0.926,0.074,0,8.16
cust_107829,15,SaaS,UPI,0.8588,0.1412,1,9.18
cust_107830,236,Gaming,UPI,0.8084,0.1916,0,19.99
cust_107831,84,SaaS,UPI,0.7375,0.2625,1,11.7
cust_107832,189,SaaS,UPI,0.8368,0.1632,0,19.96
cust_107833,115,Financial Services,UPI,0.9129,0.0871,0,11.58
cust_107834,30,Gaming,card,0.1592,0.8408,0,18.62
cust_107835,135,Financial Services,UPI,0.7614,0.2386,0,21.13
cust_107836,135,E-commerce,UPI,0.7403,0.2597,0,4.18
cust_107837,103,Gaming,UPI,0.7647,0.2353,0,5.26
cust_107838,78,Edtech,UPI,0.8432,0.1568,0,33.27
cust_107839,466,Financial Services,UPI,0.8701,0.1299,1,1.24
cust_107840,43,Financial Services,UPI,0.7679,0.2321,0,8.67
cust_107841,309,Edtech,card,0.3454,0.6546,2,19.05
cust_107842,30,Financial Services,card,0.8159,0.1841,1,18.86
cust_107843,388,Gaming,card,0.9422,0.0578,0,18.51
cust_107844,3,E-commerce,UPI,0.8933,0.1067,1,5.38
cust_107845,264,SaaS,UPI,0.8238,0.1762,0,10.06
cust_107846,25,SaaS,UPI,0.9352,0.0648,1,1.91
cust_107847,79,E-commerce,UPI,0.2646,0.7354,1,24.59
cust_107848,50,SaaS,netbanking,0.9149,0.0851,0,4.92
cust_107849,496,Financial Services,UPI,0.7092,0.2908,0,45.63
cust_107850,141,E-commerce,card,0.8469,0.1531,0,0.22
cust_107851,5,Gaming,wallet,0.9456,0.0544,1,3.44
cust_107852,19,E-commerce,UPI,0.8991,0.1009,0,13.79
cust_107853,242,Edtech,card,0.7871,0.2129,0,14.52
cust_107854,161,Gaming,UPI,0.7293,0.2707,0,3.32
cust_107855,137,SaaS,wallet,0.7864,0.2136,0,24.36
cust_107856,2,Financial Services,card,0.8824,0.1176,1,27.19
cust_107857,107,SaaS,UPI,0.9621,0.0379,0,8.12
cust_107858,285,Edtech,UPI,0.7556,0.2444,0,14.69
cust_107859,15,Gaming,UPI,0.7319,0.2681,0,3.2
cust_107860,27,Financial Services,UPI,0.9174,0.0826,0,9.44
cust_107861,140,Gaming,card,0.1187,0.8813,0,45.56
cust_107862,255,Financial Services,wallet,0.8261,0.1739,0,21.02
cust_107863,173,Financial Services,UPI,0.9446,0.0554,0,11.48
cust_107864,18,E-commerce,UPI,0.9726,0.0274,0,11.39
cust_107865,313,Edtech,card,0.8435,0.1565,1,11.62
cust_107866,70,Edtech,netbanking,0.8324,0.1676,0,6.32
cust_107867,69,Edtech,netbanking,0.4806,0.5194,1,21.44
cust_107868,147,E-commerce,netbanking,0.8185,0.1815,0,1.15
cust_107869,56,Financial Services,card,0.928,0.072,0,2.06
cust_107870,5,SaaS,card,0.9625,0.0375,2,18.42
cust_107871,36,Gaming,card,0.7612,0.2388,0,12.28
cust_107872,421,Financial Services,netbanking,0.7583,0.2417,0,15.55
cust_107873,346,SaaS,UPI,0.9646,0.0354,1,20.95
cust_107874,13,Edtech,UPI,0.9568,0.0432,1,1.72
cust_107875,98,Gaming,netbanking,0.8874,0.1126,0,18.4
cust_107876,199,Financial Services,card,0.8425,0.1575,0,0.41
cust_107877,55,Gaming,UPI,0.7583,0.2417,0,4.94
cust_107878,53,SaaS,card,0.5149,0.4851,0,24.43
cust_107879,19,Edtech,UPI,0.9581,0.0419,0,0.01
cust_107880,186,Edtech,card,0.9789,0.0211,0,4.5
cust_107881,57,E-commerce,UPI,0.784,0.216,0,0.87
cust_107882,85,Financial Services,UPI,0.9062,0.0938,1,1.03
cust_107883,33,SaaS,UPI,0.8755,0.1245,0,1.53
cust_107884,47,Edtech,UPI,0.8633,0.1367,2,1.32
cust_107885,121,Financial Services,netbanking,0.3333,0.6667,1,20.34
cust_107886,159,E-commerce,netbanking,0.9225,0.0775,0,11.41
cust_107887,41,Financial Services,UPI,0.8089,0.1911,0,1.72
cust_107888,161,SaaS,card,0.877,0.123,1,0.13
cust_107889,37,Edtech,UPI,0.8821,0.1179,1,7.68
cust_107890,90,Financial Services,UPI,0.9609,0.0391,0,5.78
cust_107891,198,Gaming,card,0.1318,0.8682,0,21.71
cust_107892,146,SaaS,UPI,0.9655,0.0345,1,6.99
cust_107893,339,E-commerce,card,0.4322,0.5678,0,15.07
cust_107894,18,Financial Services,card,0.7201,0.2799,0,4.52
cust_107895,309,Edtech,UPI,0.7277,0.2723,0,8.41
cust_107896,90,Edtech,UPI,0.8869,0.1131,0,23.94
cust_107897,72,Financial Services,card,0.7164,0.2836,0,0.7
cust_107898,183,Gaming,card,0.8575,0.1425,0,14.78
cust_107899,249,Financial Services,UPI,0.7806,0.2194,1,10.8
cust_107900,14,E-commerce,UPI,0.9013,0.0987,0,3.85
cust_107901,4,E-commerce,card,0.7808,0.2192,0,13.33
cust_107902,6,E-commerce,UPI,0.9158,0.0842,0,4.82
cust_107903,17,SaaS,wallet,0.8189,0.1811,0,12.77
cust_107904,30,Edtech,netbanking,0.9097,0.0903,0,23.12
cust_107905,51,Gaming,UPI,0.8638,0.1362,0,7.44
cust_107906,16,E-commerce,UPI,0.5453,0.4547,1,6.72
cust_107907,91,Financial Services,card,0.8287,0.1713,0,8.81
cust_107908,1,Gaming,UPI,0.9772,0.0228,0,24.22
cust_107909,17,Financial Services,UPI,0.7218,0.2782,0,4.7
cust_107910,118,E-commerce,wallet,0.909,0.091,1,7.01
cust_107911,283,E-commerce,UPI,0.9272,0.0728,0,4.74
cust_107912,42,SaaS,wallet,0.5245,0.4755,1,17.66
cust_107913,81,E-commerce,netbanking,0.4495,0.5505,0,17.53
cust_107914,35,E-commerce,card,0.8647,0.1353,0,1.59
cust_107915,628,SaaS,netbanking,0.5943,0.4057,0,22.21
cust_107916,329,Financial Services,card,0.855,0.145,0,21.37
cust_107917,101,Financial Services,UPI,0.8728,0.1272,0,5.9
cust_107918,329,SaaS,card,0.5321,0.4679,1,3.71
cust_107919,153,Gaming,UPI,0.1749,0.8251,0,31.4
cust_107920,114,Edtech,netbanking,0.813,0.187,0,13.85
cust_107921,28,Edtech,card,0.8727,0.1273,0,8.13
cust_107922,18,E-commerce,UPI,0.9403,0.0597,0,8.18
cust_107923,96,SaaS,card,0.9384,0.0616,2,4.34
cust_107924,98,Edtech,UPI,0.786,0.214,0,2.62
cust_107925,31,Financial Services,card,0.7308,0.2692,0,1.88
cust_107926,263,Financial Services,netbanking,0.9105,0.0895,1,0.59
cust_107927,14,Financial Services,UPI,0.8589,0.1411,0,20.71
cust_107928,516,Edtech,netbanking,0.88,0.12,1,14.69
cust_107929,353,Gaming,card,0.7997,0.2003,0,1.79
cust_107930,106,E-commerce,UPI,0.8361,0.1639,1,11.29
cust_107931,1,Financial Services,UPI,0.9466,0.0534,0,12.24
cust_107932,58,SaaS,wallet,0.7126,0.2874,0,10.79
cust_107933,303,E-commerce,wallet,0.9712,0.0288,0,16.64
cust_107934,22,Gaming,UPI,0.9724,0.0276,0,9.76
cust_107935,76,Edtech,card,0.904,0.096,1,3.48
cust_107936,218,E-commerce,card,0.9189,0.0811,0,43.48
cust_107937,41,Edtech,card,0.9591,0.0409,1,4.37
cust_107938,195,Edtech,UPI,0.8118,0.1882,0,9.96
cust_107939,134,E-commerce,card,0.955,0.045,1,12.26
cust_107940,159,E-commerce,UPI,0.7842,0.2158,2,11.24
cust_107941,152,E-commerce,UPI,0.7185,0.2815,1,10.73
cust_107942,30,Edtech,UPI,0.9047,0.0953,0,13.23
cust_107943,116,SaaS,UPI,0.835,0.165,0,6.41
cust_107944,161,Gaming,card,0.7417,0.2583,0,1.24
cust_107945,42,SaaS,UPI,0.4483,0.5517,1,21.25
cust_107946,134,Gaming,wallet,0.8448,0.1552,3,14.24
cust_107947,239,Gaming,wallet,0.7598,0.2402,0,5.39
cust_107948,75,E-commerce,card,0.7023,0.2977,2,4.52
cust_107949,492,SaaS,UPI,0.7799,0.2201,0,12.57
cust_107950,24,Financial Services,UPI,0.8219,0.1781,0,1.85
cust_107951,105,SaaS,UPI,0.7145,0.2855,0,2.18
cust_107952,176,Gaming,UPI,0.8406,0.1594,0,2.91
cust_107953,69,SaaS,UPI,0.4484,0.5516,0,49.29
cust_107954,283,Financial Services,card,0.724,0.276,0,9.47
cust_107955,12,E-commerce,card,0.7909,0.2091,0,18.18
cust_107956,343,SaaS,UPI,0.8213,0.1787,0,8.92
cust_107957,27,Gaming,netbanking,0.8768,0.1232,0,1.83
cust_107958,173,SaaS,UPI,0.8536,0.1464,0,8.28
cust_107959,134,Gaming,card,0.7127,0.2873,0,1.23
cust_107960,78,Financial Services,UPI,0.7896,0.2104,1,3.54
cust_107961,342,Edtech,wallet,0.4805,0.5195,1,23.24
cust_107962,62,SaaS,netbanking,0.8534,0.1466,0,2.2
cust_107963,81,SaaS,UPI,0.3139,0.6861,1,27.19
cust_107964,70,Gaming,netbanking,0.7684,0.2316,0,3.02
cust_107965,81,SaaS,UPI,0.7737,0.2263,0,5.07
cust_107966,346,E-commerce,netbanking,0.1166,0.8834,0,16.53
cust_107967,24,E-commerce,UPI,0.7518,0.2482,0,0.87
cust_107968,135,Gaming,card,0.7939,0.2061,0,15.09
cust_107969,180,Edtech,UPI,0.7053,0.2947,0,25.07
cust_107970,133,Edtech,UPI,0.7387,0.2613,0,5.19
cust_107971,122,Edtech,UPI,0.7268,0.2732,0,13.31
cust_107972,115,E-commerce,UPI,0.3044,0.6956,0,18.64
cust_107973,68,SaaS,UPI,0.1377,0.8623,0,17.17
cust_107974,147,Edtech,card,0.8586,0.1414,0,10.52
cust_107975,391,SaaS,UPI,0.53,0.47,1,8.94
cust_107976,7,Financial Services,card,0.7576,0.2424,0,12.77
cust_107977,199,Gaming,card,0.1678,0.8322,0,16.53
cust_107978,21,E-commerce,netbanking,0.7088,0.2912,0,4.86
cust_107979,49,Edtech,netbanking,0.9736,0.0264,0,56.4
cust_107980,161,E-commerce,netbanking,0.7493,0.2507,0,2.92
cust_107981,18,Edtech,UPI,0.8834,0.1166,1,1.39
cust_107982,115,SaaS,UPI,0.907,0.093,0,0.52
cust_107983,137,SaaS,card,0.7319,0.2681,0,3.22
cust_107984,40,E-commerce,netbanking,0.7859,0.2141,1,9.89
cust_107985,12,E-commerce,netbanking,0.7539,0.2461,1,25.08
cust_107986,23,E-commerce,card,0.8448,0.1552,1,0.15
cust_107987,160,SaaS,UPI,0.7443,0.2557,1,10.58
cust_107988,57,Gaming,UPI,0.9331,0.0669,2,3.34
cust_107989,160,Financial Services,netbanking,0.7933,0.2067,1,2.59
cust_107990,230,E-commerce,card,0.8402,0.1598,0,7.17
cust_107991,102,Edtech,netbanking,0.7834,0.2166,1,7.08
cust_107992,118,Financial Services,netbanking,0.7014,0.2986,0,5.87
cust_107993,117,Edtech,netbanking,0.8204,0.1796,0,2.39
cust_107994,33,E-commerce,UPI,0.9087,0.0913,0,8.92
cust_107995,261,Gaming,card,0.7693,0.2307,0,19.93
cust_107996,120,Financial Services,UPI,0.8326,0.1674,0,15.6
cust_107997,162,E-commerce,card,0.8604,0.1396,0,16.26
cust_107998,45,Edtech,card,0.8321,0.1679,0,3.07
cust_107999,29,E-commerce,UPI,0.9338,0.0662,0,1.72
cust_108000,116,SaaS,card,0.7497,0.2503,0,10.27
cust_108001,203,Financial Services,netbanking,0.8132,0.1868,0,8.86
cust_108002,10,Edtech,UPI,0.7186,0.2814,0,6.67
cust_108003,171,Financial Services,UPI,0.8092,0.1908,0,20.56
cust_108004,11,E-commerce,UPI,0.769,0.231,0,53.56
cust_108005,65,Gaming,card,0.5581,0.4419,1,18.42
cust_108006,80,Financial Services,wallet,0.7746,0.2254,1,4.8
cust_108007,319,Edtech,card,0.8132,0.1868,0,14.18
cust_108008,99,Gaming,UPI,0.7446,0.2554,0,8.16
cust_108009,3,Financial Services,UPI,0.9657,0.0343,1,0.67
cust_108010,217,Financial Services,card,0.789,0.211,0,16.41
cust_108011,129,E-commerce,UPI,0.8571,0.1429,0,1.69
cust_108012,217,Financial Services,card,0.4169,0.5831,0,36.5
cust_108013,2,Gaming,UPI,0.7949,0.2051,0,0.3
cust_108014,129,E-commerce,card,0.7567,0.2433,0,1.62
cust_108015,19,Financial Services,wallet,0.8659,0.1341,1,3.89
cust_108016,69,Edtech,UPI,0.3374,0.6626,2,23.86
cust_108017,85,E-commerce,UPI,0.9418,0.0582,0,7.97
cust_108018,9,Financial Services,UPI,0.9086,0.0914,0,25.23
cust_108019,295,Gaming,UPI,0.7907,0.2093,0,8.75
cust_108020,227,E-commerce,wallet,0.7803,0.2197,1,2.24
cust_108021,10,Gaming,UPI,0.9097,0.0903,0,0.37
cust_108022,162,E-commerce,card,0.7073,0.2927,0,23.71
cust_108023,89,SaaS,netbanking,0.8508,0.1492,1,4.79
cust_108024,18,Edtech,card,0.8653,0.1347,0,26.42
cust_108025,29,E-commerce,card,0.9106,0.0894,1,0.71
cust_108026,107,Gaming,UPI,0.7216,0.2784,0,4.08
cust_108027,38,SaaS,card,0.7629,0.2371,0,13.2
cust_108028,2,Gaming,UPI,0.2968,0.7032,0,17.48
cust_108029,57,Gaming,card,0.8945,0.1055,1,0.57
cust_108030,27,SaaS,netbanking,0.1116,0.8884,1,16.33
cust_108031,18,E-commerce,UPI,0.8063,0.1937,1,10.3
cust_108032,88,Financial Services,card,0.917,0.083,0,10.09
cust_108033,6,SaaS,wallet,0.7767,0.2233,0,0.51
cust_108034,48,Gaming,netbanking,0.835,0.165,0,6.39
cust_108035,3,Gaming,UPI,0.7053,0.2947,0,2.16
cust_108036,143,E-commerce,card,0.777,0.223,1,6.08
cust_108037,353,E-commerce,card,0.5896,0.4104,0,6.98
cust_108038,307,Edtech,UPI,0.755,0.245,1,1.13
cust_108039,20,Edtech,UPI,0.8238,0.1762,0,22.41
cust_108040,127,E-commerce,card,0.7778,0.2222,0,4.89
cust_108041,30,E-commerce,netbanking,0.9776,0.0224,0,6.56
cust_108042,666,E-commerce,UPI,0.8967,0.1033,2,1.0
cust_108043,446,Edtech,UPI,0.7574,0.2426,0,6.91
cust_108044,116,E-commerce,card,0.8288,0.1712,3,12.44
cust_108045,31,Gaming,UPI,0.8648,0.1352,1,24.84
cust_108046,6,Edtech,netbanking,0.2977,0.7023,0,16.94
cust_108047,78,Gaming,UPI,0.937,0.063,0,28.14
cust_108048,129,SaaS,UPI,0.7308,0.2692,0,5.45
cust_108049,73,Financial Services,card,0.8073,0.1927,0,14.59
cust_108050,13,Edtech,card,0.7248,0.2752,0,2.32
cust_108051,210,Financial Services,card,0.8882,0.1118,0,6.89
cust_108052,289,Financial Services,card,0.8542,0.1458,0,2.73
cust_108053,9,E-commerce,UPI,0.868,0.132,1,22.9
cust_108054,23,SaaS,UPI,0.2948,0.7052,1,24.01
cust_108055,302,E-commerce,netbanking,0.9165,0.0835,2,2.49
cust_108056,158,SaaS,wallet,0.488,0.512,0,18.02
cust_108057,103,E-commerce,card,0.7762,0.2238,0,12.7
cust_108058,107,Gaming,card,0.4772,0.5228,0,16.69
cust_108059,118,E-commerce,card,0.7762,0.2238,0,3.51
cust_108060,52,Edtech,UPI,0.9569,0.0431,2,7.05
cust_108061,90,Financial Services,UPI,0.8839,0.1161,1,13.57
cust_108062,64,E-commerce,UPI,0.7766,0.2234,0,16.69
cust_108063,36,SaaS,UPI,0.9311,0.0689,1,1.21
cust_108064,19,Gaming,UPI,0.7743,0.2257,0,13.98
cust_108065,39,SaaS,netbanking,0.9422,0.0578,0,2.33
cust_108066,423,Financial Services,UPI,0.7106,0.2894,1,0.76
cust_108067,80,Edtech,card,0.7255,0.2745,1,5.92
cust_108068,15,Financial Services,card,0.2415,0.7585,0,15.81
cust_108069,694,Gaming,UPI,0.7233,0.2767,0,12.02
cust_108070,207,SaaS,UPI,0.2558,0.7442,0,15.95
cust_108071,6,E-commerce,card,0.7108,0.2892,0,10.87
cust_108072,85,Gaming,netbanking,0.9469,0.0531,0,25.1
cust_108073,80,Financial Services,card,0.8132,0.1868,0,5.71
cust_108074,227,Gaming,UPI,0.9094,0.0906,0,12.96
cust_108075,167,SaaS,card,0.8686,0.1314,0,3.02
cust_108076,289,E-commerce,UPI,0.7342,0.2658,1,2.64
cust_108077,51,E-commerce,card,0.9507,0.0493,0,0.42
cust_108078,23,Edtech,UPI,0.7731,0.2269,0,2.28
cust_108079,176,E-commerce,UPI,0.7587,0.2413,0,33.99
cust_108080,72,E-commerce,netbanking,0.1307,0.8693,0,20.12
cust_108081,61,Financial Services,card,0.888,0.112,0,2.85
cust_108082,190,Financial Services,UPI,0.9599,0.0401,0,8.95
cust_108083,192,SaaS,UPI,0.8522,0.1478,0,16.46
cust_108084,449,SaaS,UPI,0.4936,0.5064,1,43.38
cust_108085,126,SaaS,netbanking,0.9475,0.0525,1,0.68
cust_108086,90,Financial Services,UPI,0.5385,0.4615,0,30.93
cust_108087,42,SaaS,UPI,0.7866,0.2134,0,9.94
cust_108088,26,SaaS,UPI,0.785,0.215,2,14.74
cust_108089,74,Financial Services,card,0.7012,0.2988,0,1.06
cust_108090,60,Gaming,UPI,0.8835,0.1165,0,3.53
cust_108091,110,Edtech,UPI,0.1663,0.8337,1,40.19
cust_108092,12,Gaming,card,0.877,0.123,1,4.65
cust_108093,44,Edtech,UPI,0.3423,0.6577,0,21.97
cust_108094,219,SaaS,UPI,0.8701,0.1299,0,3.18
cust_108095,13,Financial Services,netbanking,0.8428,0.1572,1,2.84
cust_108096,283,Financial Services,UPI,0.9409,0.0591,0,24.77
cust_108097,86,E-commerce,UPI,0.7669,0.2331,0,25.57
cust_108098,3,SaaS,UPI,0.4186,0.5814,1,21.49
cust_108099,32,Edtech,card,0.7311,0.2689,0,2.95
cust_108100,198,Financial Services,UPI,0.3888,0.6112,0,19.11
cust_108101,82,Edtech,card,0.8796,0.1204,1,9.85
cust_108102,132,SaaS,UPI,0.9456,0.0544,0,9.58
cust_108103,9,SaaS,UPI,0.7231,0.2769,0,7.62
cust_108104,80,Edtech,card,0.7144,0.2856,0,23.45
cust_108105,58,Gaming,card,0.9704,0.0296,0,3.72
cust_108106,242,E-commerce,UPI,0.8138,0.1862,0,7.84
cust_108107,10,Edtech,card,0.7944,0.2056,0,4.83
cust_108108,189,Edtech,card,0.8837,0.1163,0,8.62
cust_108109,175,Edtech,card,0.7006,0.2994,0,3.58
cust_108110,52,Edtech,UPI,0.9018,0.0982,0,1.91
cust_108111,199,SaaS,card,0.8306,0.1694,0,9.37
cust_108112,162,Gaming,UPI,0.8718,0.1282,0,0.66
cust_108113,110,Gaming,UPI,0.9548,0.0452,0,5.49
cust_108114,121,Financial Services,card,0.7791,0.2209,0,0.17
cust_108115,117,Gaming,netbanking,0.8674,0.1326,2,2.52
cust_108116,93,SaaS,UPI,0.153,0.847,0,20.15
cust_108117,41,Edtech,UPI,0.7974,0.2026,1,1.39
cust_108118,17,Financial Services,netbanking,0.8019,0.1981,1,2.48
cust_108119,166,Gaming,UPI,0.7408,0.2592,1,2.13
cust_108120,235,E-commerce,UPI,0.9028,0.0972,0,3.97
cust_108121,176,Financial Services,UPI,0.8132,0.1868,0,0.31
cust_108122,211,Edtech,UPI,0.7072,0.2928,0,8.67
cust_108123,147,Financial Services,netbanking,0.8334,0.1666,0,16.73
cust_108124,76,SaaS,UPI,0.5295,0.4705,1,9.22
cust_108125,333,Edtech,card,0.2112,0.7888,0,35.45
cust_108126,41,Financial Services,card,0.9676,0.0324,0,3.52
cust_108127,140,Financial Services,UPI,0.773,0.227,0,17.35
cust_108128,51,Gaming,card,0.9262,0.0738,1,7.76
cust_108129,59,SaaS,UPI,0.4191,0.5809,0,19.29
cust_108130,145,Financial Services,UPI,0.8679,0.1321,2,0.43
cust_108131,150,Edtech,card,0.9252,0.0748,1,0.86
cust_108132,297,SaaS,UPI,0.8502,0.1498,1,14.3
cust_108133,17,SaaS,card,0.7472,0.2528,0,31.12
cust_108134,5,Gaming,UPI,0.7341,0.2659,0,21.14
cust_108135,109,E-commerce,card,0.1714,0.8286,0,21.71
cust_108136,62,E-commerce,UPI,0.8557,0.1443,1,10.4
cust_108137,208,Edtech,netbanking,0.2389,0.7611,1,24.18
cust_108138,19,Edtech,UPI,0.8473,0.1527,0,19.05
cust_108139,9,Edtech,UPI,0.8655,0.1345,0,2.46
cust_108140,114,Edtech,UPI,0.2365,0.7635,0,22.89
cust_108141,238,SaaS,card,0.8552,0.1448,1,21.71
cust_108142,57,Financial Services,netbanking,0.7324,0.2676,0,3.12
cust_108143,37,Edtech,card,0.7285,0.2715,0,26.6
cust_108144,39,SaaS,UPI,0.7972,0.2028,0,0.03
cust_108145,142,SaaS,card,0.9648,0.0352,1,26.4
cust_108146,49,Edtech,netbanking,0.9708,0.0292,0,13.62
cust_108147,104,Financial Services,UPI,0.7461,0.2539,0,9.28
cust_108148,4,Gaming,card,0.9586,0.0414,0,13.19
cust_108149,570,SaaS,UPI,0.8223,0.1777,0,4.17
cust_108150,158,SaaS,netbanking,0.9621,0.0379,4,29.63
cust_108151,172,Edtech,UPI,0.8558,0.1442,0,2.41
cust_108152,182,SaaS,card,0.83,0.17,0,13.54
cust_108153,19,E-commerce,netbanking,0.5633,0.4367,2,23.71
cust_108154,51,SaaS,UPI,0.7066,0.2934,0,9.86
cust_108155,631,Edtech,card,0.2438,0.7562,1,20.08
cust_108156,85,Edtech,UPI,0.7216,0.2784,2,13.92
cust_108157,76,Edtech,UPI,0.7353,0.2647,0,9.81
cust_108158,477,Gaming,UPI,0.7268,0.2732,0,1.03
cust_108159,20,Edtech,card,0.8556,0.1444,0,13.83
cust_108160,87,Financial Services,UPI,0.9475,0.0525,0,0.01
cust_108161,239,E-commerce,UPI,0.7491,0.2509,0,9.45
cust_108162,436,Gaming,netbanking,0.9594,0.0406,0,2.19
cust_108163,119,E-commerce,netbanking,0.211,0.789,0,20.66
cust_108164,15,Edtech,UPI,0.9556,0.0444,0,1.08
cust_108165,28,SaaS,UPI,0.7637,0.2363,0,0.47
cust_108166,84,Gaming,netbanking,0.7323,0.2677,0,9.97
cust_108167,217,E-commerce,UPI,0.512,0.488,0,0.44
cust_108168,124,Gaming,card,0.9012,0.0988,0,17.82
cust_108169,160,Edtech,UPI,0.9531,0.0469,1,11.25
cust_108170,16,Financial Services,card,0.7038,0.2962,0,8.5
cust_108171,23,Edtech,card,0.9682,0.0318,0,1.81
cust_108172,25,Financial Services,UPI,0.8659,0.1341,2,19.71
cust_108173,1,Edtech,UPI,0.7058,0.2942,0,38.11
cust_108174,130,Edtech,UPI,0.9505,0.0495,0,1.66
cust_108175,55,SaaS,card,0.8688,0.1312,0,19.12
cust_108176,341,Financial Services,netbanking,0.7137,0.2863,1,38.07
cust_108177,55,Edtech,netbanking,0.7429,0.2571,0,5.92
cust_108178,6,Gaming,UPI,0.8202,0.1798,2,7.45
cust_108179,166,Financial Services,UPI,0.1242,0.8758,1,25.16
cust_108180,402,Edtech,UPI,0.7674,0.2326,0,23.62
cust_108181,280,Financial Services,wallet,0.804,0.196,0,4.22
cust_108182,33,SaaS,UPI,0.2592,0.7408,1,24.33
cust_108183,299,Financial Services,wallet,0.9594,0.0406,0,3.81
cust_108184,218,Financial Services,card,0.7194,0.2806,2,4.45
cust_108185,73,Gaming,card,0.7164,0.2836,0,14.92
cust_108186,282,Edtech,UPI,0.7057,0.2943,1,21.05
cust_108187,14,Edtech,UPI,0.9024,0.0976,0,3.61
cust_108188,23,Gaming,netbanking,0.8792,0.1208,0,33.0
cust_108189,106,Financial Services,UPI,0.7844,0.2156,0,50.43
cust_108190,100,Financial Services,UPI,0.7505,0.2495,1,11.66
cust_108191,87,SaaS,UPI,0.8891,0.1109,0,26.42
cust_108192,292,E-commerce,card,0.9523,0.0477,0,1.08
cust_108193,21,E-commerce,card,0.8434,0.1566,0,0.43
cust_108194,73,SaaS,card,0.8272,0.1728,1,12.85
cust_108195,55,E-commerce,UPI,0.9016,0.0984,1,5.53
cust_108196,95,Edtech,netbanking,0.9445,0.0555,0,10.29
cust_108197,185,Gaming,UPI,0.3673,0.6327,0,47.05
cust_108198,54,Edtech,UPI,0.9368,0.0632,0,2.5
cust_108199,98,Gaming,UPI,0.8076,0.1924,0,9.22
cust_108200,66,Financial Services,UPI,0.8061,0.1939,0,4.02
cust_108201,83,E-commerce,UPI,0.8033,0.1967,1,3.14
cust_108202,13,SaaS,UPI,0.9136,0.0864,0,2.37
cust_108203,2,E-commerce,UPI,0.8738,0.1262,1,19.5
cust_108204,19,Edtech,UPI,0.7815,0.2185,0,31.16
cust_108205,43,E-commerce,UPI,0.9375,0.0625,0,13.11
cust_108206,45,Edtech,card,0.9581,0.0419,1,8.01
cust_108207,84,E-commerce,netbanking,0.7634,0.2366,0,1.87
cust_108208,169,Edtech,UPI,0.5141,0.4859,1,8.31
cust_108209,9,Gaming,card,0.7515,0.2485,1,3.12
cust_108210,352,Gaming,UPI,0.8239,0.1761,0,43.58
cust_108211,165,SaaS,UPI,0.9664,0.0336,1,0.92
cust_108212,138,Gaming,UPI,0.1655,0.8345,2,36.97
cust_108213,6,Edtech,card,0.332,0.668,2,17.02
cust_108214,29,E-commerce,card,0.8006,0.1994,0,0.33
cust_108215,65,E-commerce,netbanking,0.952,0.048,0,1.85
cust_108216,372,Financial Services,UPI,0.833,0.167,1,5.5
cust_108217,81,SaaS,card,0.9761,0.0239,0,2.55
cust_108218,88,Edtech,UPI,0.9719,0.0281,0,44.39
cust_108219,241,SaaS,netbanking,0.8642,0.1358,1,8.4
cust_108220,207,Gaming,UPI,0.3658,0.6342,0,20.04
cust_108221,29,Edtech,UPI,0.1756,0.8244,2,24.3
cust_108222,34,Financial Services,card,0.3925,0.6075,1,28.22
cust_108223,73,SaaS,card,0.88,0.12,1,10.77
cust_108224,456,E-commerce,netbanking,0.7632,0.2368,1,3.3
cust_108225,68,Gaming,card,0.869,0.131,0,18.8
cust_108226,4,SaaS,UPI,0.1108,0.8892,1,17.57
cust_108227,52,Gaming,card,0.8205,0.1795,0,30.92
cust_108228,32,Financial Services,netbanking,0.5208,0.4792,0,2.82
cust_108229,83,Financial Services,UPI,0.8896,0.1104,0,4.4
cust_108230,21,Financial Services,netbanking,0.47,0.53,0,55.13
cust_108231,276,Edtech,UPI,0.7865,0.2135,0,9.21
cust_108232,206,Financial Services,netbanking,0.8741,0.1259,0,0.36
cust_108233,79,E-commerce,netbanking,0.78,0.22,1,11.21
cust_108234,6,Edtech,wallet,0.9737,0.0263,1,1.2
cust_108235,93,E-commerce,card,0.7232,0.2768,0,1.47
cust_108236,86,Financial Services,UPI,0.8312,0.1688,0,10.36
cust_108237,261,Gaming,card,0.7798,0.2202,1,8.01
cust_108238,45,Financial Services,UPI,0.9055,0.0945,0,24.95
cust_108239,211,E-commerce,card,0.9191,0.0809,3,12.64
cust_108240,113,SaaS,card,0.9646,0.0354,0,11.87
cust_108241,64,Edtech,netbanking,0.872,0.128,1,2.03
cust_108242,152,SaaS,card,0.8876,0.1124,0,13.96
cust_108243,232,Financial Services,UPI,0.8178,0.1822,0,17.66
cust_108244,248,Financial Services,UPI,0.7965,0.2035,0,2.65
cust_108245,350,Financial Services,UPI,0.9127,0.0873,0,0.13
cust_108246,7,SaaS,card,0.4919,0.5081,0,23.57
cust_108247,15,E-commerce,UPI,0.93,0.07,1,21.43
cust_108248,16,Edtech,UPI,0.7154,0.2846,0,29.06
cust_108249,48,SaaS,card,0.875,0.125,0,1.62
cust_108250,35,E-commerce,netbanking,0.1346,0.8654,0,26.87
cust_108251,402,SaaS,UPI,0.8753,0.1247,0,2.54
cust_108252,31,Financial Services,UPI,0.4146,0.5854,0,28.72
cust_108253,136,Financial Services,netbanking,0.7573,0.2427,0,3.85
cust_108254,51,E-commerce,UPI,0.1992,0.8008,0,21.67
cust_108255,216,Financial Services,wallet,0.2779,0.7221,0,32.32
cust_108256,209,E-commerce,UPI,0.169,0.831,0,61.06
cust_108257,128,Gaming,wallet,0.8812,0.1188,0,5.03
cust_108258,35,Edtech,wallet,0.9553,0.0447,0,0.24
cust_108259,87,SaaS,UPI,0.5229,0.4771,0,10.07
cust_108260,55,Gaming,UPI,0.706,0.294,0,8.89
cust_108261,16,SaaS,UPI,0.7686,0.2314,1,1.78
cust_108262,104,Edtech,UPI,0.7688,0.2312,0,9.71
cust_108263,162,Gaming,card,0.8951,0.1049,0,6.06
cust_108264,186,E-commerce,UPI,0.7205,0.2795,0,10.93
cust_108265,64,E-commerce,card,0.7965,0.2035,0,3.93
cust_108266,273,Gaming,UPI,0.8064,0.1936,0,1.13
cust_108267,24,E-commerce,UPI,0.3394,0.6606,0,60.03
cust_108268,249,Gaming,card,0.7289,0.2711,1,4.6
cust_108269,23,Gaming,card,0.8912,0.1088,0,5.4
cust_108270,210,Financial Services,UPI,0.72,0.28,0,2.54
cust_108271,97,Edtech,UPI,0.9574,0.0426,0,3.6
cust_108272,85,E-commerce,UPI,0.1492,0.8508,1,28.61
cust_108273,145,Edtech,UPI,0.7085,0.2915,0,7.15
cust_108274,138,Financial Services,UPI,0.7458,0.2542,0,0.18
cust_108275,48,Financial Services,UPI,0.7515,0.2485,1,5.01
cust_108276,150,Financial Services,netbanking,0.9455,0.0545,0,2.0
cust_108277,38,Edtech,UPI,0.1722,0.8278,0,19.29
cust_108278,17,E-commerce,netbanking,0.7885,0.2115,0,5.8
cust_108279,472,Edtech,card,0.9262,0.0738,0,1.58
cust_108280,399,E-commerce,UPI,0.9336,0.0664,1,0.25
cust_108281,155,Financial Services,wallet,0.9104,0.0896,0,5.36
cust_108282,249,Gaming,card,0.815,0.185,1,0.39
cust_108283,29,Gaming,UPI,0.7822,0.2178,0,0.16
cust_108284,66,Financial Services,UPI,0.778,0.222,1,8.51
cust_108285,81,Gaming,UPI,0.8029,0.1971,0,10.25
cust_108286,183,SaaS,UPI,0.3034,0.6966,1,23.19
cust_108287,29,E-commerce,card,0.9684,0.0316,0,6.46
cust_108288,75,Gaming,UPI,0.3837,0.6163,0,16.02
cust_108289,34,Edtech,UPI,0.9601,0.0399,0,2.37
cust_108290,160,SaaS,netbanking,0.4361,0.5639,0,18.64
cust_108291,223,Financial Services,card,0.9102,0.0898,0,12.5
cust_108292,51,Financial Services,card,0.7502,0.2498,1,26.67
cust_108293,47,E-commerce,card,0.8966,0.1034,0,15.29
cust_108294,8,Gaming,card,0.9177,0.0823,1,1.11
cust_108295,34,Edtech,card,0.7754,0.2246,1,8.22
cust_108296,32,E-commerce,UPI,0.3878,0.6122,0,25.66
cust_108297,502,Edtech,netbanking,0.9191,0.0809,0,8.62
cust_108298,9,Edtech,UPI,0.7521,0.2479,0,4.09
cust_108299,137,E-commerce,UPI,0.8382,0.1618,1,4.53
cust_108300,49,Gaming,UPI,0.8931,0.1069,1,28.22
cust_108301,60,SaaS,UPI,0.7966,0.2034,0,19.35
cust_108302,4,Financial Services,wallet,0.8298,0.1702,0,2.84
cust_108303,116,E-commerce,UPI,0.9419,0.0581,0,17.59
cust_108304,67,Edtech,card,0.7145,0.2855,0,0.63
cust_108305,56,SaaS,card,0.8819,0.1181,1,15.26
cust_108306,15,Gaming,UPI,0.2463,0.7537,0,29.78
cust_108307,171,Gaming,UPI,0.9651,0.0349,0,11.56
cust_108308,232,E-commerce,card,0.7541,0.2459,0,8.77
cust_108309,170,E-commerce,UPI,0.9594,0.0406,0,3.78
cust_108310,31,Edtech,wallet,0.901,0.099,1,1.47
cust_108311,157,Financial Services,UPI,0.9145,0.0855,0,4.81
cust_108312,91,Financial Services,UPI,0.1986,0.8014,0,15.15
cust_108313,267,E-commerce,netbanking,0.9376,0.0624,1,2.94
cust_108314,164,Gaming,netbanking,0.7012,0.2988,0,6.27
cust_108315,46,SaaS,UPI,0.9473,0.0527,0,30.32
cust_108316,36,E-commerce,UPI,0.5746,0.4254,1,19.92
cust_108317,8,SaaS,wallet,0.9016,0.0984,0,39.09
cust_108318,24,Gaming,UPI,0.9571,0.0429,0,5.68
cust_108319,35,E-commerce,wallet,0.7709,0.2291,0,10.59
cust_108320,18,Gaming,netbanking,0.978,0.022,0,38.85
cust_108321,67,E-commerce,UPI,0.8264,0.1736,0,13.35
cust_108322,130,Gaming,card,0.9652,0.0348,0,8.68
cust_108323,323,Gaming,UPI,0.9736,0.0264,0,12.61
cust_108324,46,Gaming,card,0.8397,0.1603,0,42.73
cust_108325,264,SaaS,card,0.8067,0.1933,0,3.04
cust_108326,257,Edtech,card,0.7709,0.2291,1,1.09
cust_108327,49,Edtech,UPI,0.9455,0.0545,1,0.93
cust_108328,117,Gaming,netbanking,0.3811,0.6189,1,18.74
cust_108329,262,Edtech,UPI,0.7784,0.2216,1,16.94
cust_108330,551,SaaS,card,0.1939,0.8061,0,17.3
cust_108331,5,Edtech,UPI,0.9138,0.0862,0,6.96
cust_108332,4,SaaS,UPI,0.9605,0.0395,2,2.57
cust_108333,91,Edtech,UPI,0.4265,0.5735,0,23.14
cust_108334,5,SaaS,UPI,0.5495,0.4505,1,8.43
cust_108335,38,Edtech,UPI,0.8331,0.1669,0,30.61
cust_108336,244,Gaming,UPI,0.9505,0.0495,0,8.7
cust_108337,32,SaaS,netbanking,0.7137,0.2863,1,0.06
cust_108338,193,Gaming,UPI,0.8616,0.1384,0,3.38
cust_108339,19,SaaS,card,0.8787,0.1213,0,2.68
cust_108340,18,SaaS,card,0.7761,0.2239,1,13.29
cust_108341,25,SaaS,UPI,0.8078,0.1922,1,3.15
cust_108342,16,Gaming,UPI,0.8924,0.1076,1,1.22
cust_108343,33,Edtech,UPI,0.8776,0.1224,1,7.84
cust_108344,12,SaaS,UPI,0.8808,0.1192,0,2.37
cust_108345,55,Financial Services,card,0.7895,0.2105,1,1.26
cust_108346,40,Gaming,card,0.121,0.879,2,19.32
cust_108347,142,SaaS,UPI,0.3017,0.6983,0,17.79
cust_108348,38,Edtech,UPI,0.8253,0.1747,0,9.63
cust_108349,187,Financial Services,netbanking,0.8262,0.1738,1,6.8
cust_108350,89,Edtech,netbanking,0.581,0.419,0,0.72
cust_108351,46,Gaming,wallet,0.5443,0.4557,1,20.9
cust_108352,4,SaaS,UPI,0.8698,0.1302,1,2.21
cust_108353,238,Gaming,card,0.7572,0.2428,1,4.4
cust_108354,45,SaaS,netbanking,0.7299,0.2701,0,4.36
cust_108355,19,Gaming,card,0.8188,0.1812,0,0.71
cust_108356,69,Gaming,UPI,0.7316,0.2684,0,1.43
cust_108357,273,Gaming,UPI,0.9314,0.0686,0,2.81
cust_108358,367,Financial Services,UPI,0.8622,0.1378,2,3.48
cust_108359,136,Gaming,card,0.7558,0.2442,1,3.13
cust_108360,140,Financial Services,UPI,0.5349,0.4651,0,9.49
cust_108361,22,Edtech,UPI,0.7932,0.2068,0,5.46
cust_108362,263,Gaming,card,0.7531,0.2469,1,1.12
cust_108363,33,Edtech,UPI,0.7188,0.2812,0,21.31
cust_108364,67,Edtech,card,0.8231,0.1769,0,0.34
cust_108365,11,E-commerce,card,0.7691,0.2309,0,2.14
cust_108366,108,E-commerce,card,0.862,0.138,0,10.23
cust_108367,175,Gaming,UPI,0.8426,0.1574,1,14.14
cust_108368,292,Edtech,UPI,0.8121,0.1879,0,5.09
cust_108369,35,E-commerce,UPI,0.5527,0.4473,0,0.43
cust_108370,29,Financial Services,card,0.7121,0.2879,0,0.76
cust_108371,130,Edtech,netbanking,0.775,0.225,0,5.37
cust_108372,157,Financial Services,card,0.8358,0.1642,0,1.78
cust_108373,185,E-commerce,wallet,0.5375,0.4625,2,26.46
cust_108374,141,E-commerce,netbanking,0.4943,0.5057,0,31.9
cust_108375,27,Edtech,UPI,0.9523,0.0477,0,3.83
cust_108376,6,Financial Services,wallet,0.9111,0.0889,0,23.21
cust_108377,840,Financial Services,UPI,0.9271,0.0729,0,2.03
cust_108378,87,E-commerce,card,0.7195,0.2805,0,4.9
cust_108379,23,Edtech,UPI,0.8988,0.1012,0,20.03
cust_108380,6,E-commerce,UPI,0.9449,0.0551,0,14.92
cust_108381,46,Edtech,UPI,0.8194,0.1806,0,24.8
cust_108382,288,E-commerce,UPI,0.3722,0.6278,1,16.41
cust_108383,84,E-commerce,UPI,0.7021,0.2979,2,2.65
cust_108384,70,Gaming,card,0.735,0.265,2,2.98
cust_108385,184,SaaS,UPI,0.9143,0.0857,1,8.43
cust_108386,12,E-commerce,UPI,0.9002,0.0998,0,11.7
cust_108387,185,E-commerce,card,0.9221,0.0779,0,22.01
cust_108388,200,Financial Services,UPI,0.9091,0.0909,2,3.31
cust_108389,112,SaaS,UPI,0.48,0.52,1,41.52
cust_108390,116,Edtech,UPI,0.1641,0.8359,1,18.18
cust_108391,60,Financial Services,UPI,0.958,0.042,1,14.85
cust_108392,36,E-commerce,card,0.4013,0.5987,0,20.52
cust_108393,424,SaaS,UPI,0.7232,0.2768,0,0.15
cust_108394,44,SaaS,netbanking,0.1708,0.8292,1,38.04
cust_108395,80,Edtech,card,0.2476,0.7524,0,24.68
cust_108396,47,Edtech,UPI,0.9488,0.0512,1,1.11
cust_108397,6,SaaS,UPI,0.8844,0.1156,0,0.99
cust_108398,96,Financial Services,card,0.7263,0.2737,2,1.18
cust_108399,12,Gaming,card,0.9194,0.0806,0,1.77
cust_108400,36,Financial Services,card,0.8898,0.1102,0,8.79
cust_108401,29,Gaming,card,0.7303,0.2697,2,8.59
cust_108402,135,Edtech,UPI,0.8217,0.1783,0,21.39
cust_108403,92,Financial Services,card,0.8275,0.1725,2,0.35
cust_108404,61,Edtech,netbanking,0.4047,0.5953,0,87.21
cust_108405,11,Financial Services,card,0.7657,0.2343,0,2.95
cust_108406,357,Edtech,card,0.7045,0.2955,0,4.85
cust_108407,154,Gaming,UPI,0.7427,0.2573,1,3.07
cust_108408,19,Edtech,UPI,0.9762,0.0238,0,71.05
cust_108409,12,Financial Services,UPI,0.8021,0.1979,0,9.65
cust_108410,165,Financial Services,card,0.968,0.032,0,10.55
cust_108411,120,E-commerce,card,0.1441,0.8559,0,30.97
cust_108412,51,SaaS,UPI,0.7683,0.2317,0,5.79
cust_108413,29,Gaming,card,0.8284,0.1716,1,5.92
cust_108414,192,Edtech,card,0.8339,0.1661,0,9.27
cust_108415,158,E-commerce,UPI,0.9134,0.0866,0,1.12
cust_108416,528,Edtech,UPI,0.8794,0.1206,0,6.54
cust_108417,241,SaaS,UPI,0.5723,0.4277,1,10.18
cust_108418,224,SaaS,UPI,0.7269,0.2731,3,21.09
cust_108419,28,SaaS,UPI,0.9321,0.0679,0,1.16
cust_108420,157,E-commerce,UPI,0.7086,0.2914,0,14.94
cust_108421,283,SaaS,card,0.2743,0.7257,1,36.87
cust_108422,83,Gaming,wallet,0.8874,0.1126,0,16.56
cust_108423,124,Financial Services,card,0.8674,0.1326,1,19.87
cust_108424,24,Gaming,UPI,0.7569,0.2431,0,1.41
cust_108425,37,Edtech,card,0.8401,0.1599,0,14.18
cust_108426,80,E-commerce,card,0.9504,0.0496,0,14.99
cust_108427,171,Gaming,UPI,0.7794,0.2206,0,2.48
cust_108428,202,Financial Services,card,0.7256,0.2744,0,2.73
cust_108429,23,Edtech,UPI,0.9717,0.0283,0,2.07
cust_108430,13,Gaming,card,0.9758,0.0242,0,5.89
cust_108431,109,Financial Services,card,0.8901,0.1099,0,3.02
cust_108432,200,E-commerce,netbanking,0.7064,0.2936,0,0.17
cust_108433,276,E-commerce,netbanking,0.5975,0.4025,0,0.05
cust_108434,204,Financial Services,UPI,0.9288,0.0712,1,19.74
cust_108435,9,Financial Services,UPI,0.741,0.259,1,1.43
cust_108436,234,Gaming,UPI,0.2964,0.7036,0,18.91
cust_108437,122,Edtech,card,0.9489,0.0511,1,5.0
cust_108438,54,E-commerce,netbanking,0.8395,0.1605,1,33.25
cust_108439,43,E-commerce,card,0.711,0.289,0,1.79
cust_108440,7,SaaS,netbanking,0.9057,0.0943,0,8.46
cust_108441,98,E-commerce,card,0.2956,0.7044,0,24.52
cust_108442,77,SaaS,netbanking,0.4333,0.5667,0,43.64
cust_108443,53,Financial Services,wallet,0.7895,0.2105,1,4.37
cust_108444,57,Gaming,card,0.4828,0.5172,0,20.13
cust_108445,122,Edtech,card,0.7401,0.2599,0,0.94
cust_108446,12,SaaS,UPI,0.8825,0.1175,0,16.28
cust_108447,52,SaaS,UPI,0.8949,0.1051,0,56.92
cust_108448,52,E-commerce,wallet,0.7897,0.2103,0,1.9
cust_108449,155,Financial Services,card,0.9547,0.0453,1,2.89
cust_108450,138,Financial Services,card,0.9135,0.0865,1,0.53
cust_108451,103,E-commerce,wallet,0.725,0.275,0,2.75
cust_108452,46,SaaS,card,0.1189,0.8811,0,17.73
cust_108453,126,SaaS,UPI,0.8667,0.1333,0,5.24
cust_108454,53,E-commerce,UPI,0.3217,0.6783,0,19.48
cust_108455,192,SaaS,UPI,0.9267,0.0733,0,1.79
cust_108456,9,Edtech,netbanking,0.8489,0.1511,0,4.31
cust_108457,253,SaaS,card,0.8802,0.1198,1,1.12
cust_108458,381,E-commerce,netbanking,0.9665,0.0335,0,16.3
cust_108459,64,SaaS,card,0.9466,0.0534,0,7.73
cust_108460,17,Gaming,card,0.875,0.125,0,6.02
cust_108461,133,SaaS,netbanking,0.7644,0.2356,0,22.37
cust_108462,60,Edtech,netbanking,0.8773,0.1227,0,19.82
cust_108463,131,Financial Services,card,0.7679,0.2321,0,34.71
cust_108464,194,Financial Services,UPI,0.8495,0.1505,0,15.12
cust_108465,552,SaaS,UPI,0.927,0.073,1,30.41
cust_108466,165,E-commerce,UPI,0.8888,0.1112,0,10.31
cust_108467,109,Financial Services,netbanking,0.7977,0.2023,1,26.25
cust_108468,108,Gaming,netbanking,0.8285,0.1715,2,8.77
cust_108469,76,Edtech,UPI,0.9371,0.0629,0,18.17
cust_108470,47,Edtech,UPI,0.7617,0.2383,0,2.9
cust_108471,130,SaaS,UPI,0.2744,0.7256,0,22.51
cust_108472,6,Gaming,UPI,0.8888,0.1112,2,4.28
cust_108473,331,E-commerce,UPI,0.4064,0.5936,0,24.1
cust_108474,187,Financial Services,wallet,0.8693,0.1307,0,5.76
cust_108475,134,Gaming,wallet,0.974,0.026,1,19.43
cust_108476,11,SaaS,UPI,0.9765,0.0235,0,1.95
cust_108477,120,Edtech,netbanking,0.3111,0.6889,0,25.91
cust_108478,14,E-commerce,card,0.8143,0.1857,0,10.54
cust_108479,48,Edtech,card,0.9121,0.0879,0,8.18
cust_108480,20,SaaS,UPI,0.836,0.164,0,13.33
cust_108481,148,Financial Services,netbanking,0.7275,0.2725,0,3.78
cust_108482,184,Financial Services,UPI,0.9435,0.0565,0,13.76
cust_108483,18,E-commerce,UPI,0.852,0.148,1,15.64
cust_108484,42,E-commerce,netbanking,0.7661,0.2339,1,12.33
cust_108485,104,Gaming,UPI,0.8861,0.1139,1,3.75
cust_108486,160,Edtech,card,0.4644,0.5356,0,19.58
cust_108487,15,Financial Services,UPI,0.919,0.081,1,0.02
cust_108488,698,E-commerce,UPI,0.8124,0.1876,0,26.16
cust_108489,110,Gaming,card,0.819,0.181,2,4.52
cust_108490,80,Financial Services,netbanking,0.9326,0.0674,2,6.48
cust_108491,45,Gaming,UPI,0.4496,0.5504,1,19.0
cust_108492,223,E-commerce,UPI,0.8112,0.1888,1,28.0
cust_108493,73,Financial Services,UPI,0.791,0.209,1,5.76
cust_108494,142,E-commerce,wallet,0.8794,0.1206,0,17.17
cust_108495,42,Gaming,UPI,0.7002,0.2998,0,5.91
cust_108496,1,Edtech,UPI,0.7677,0.2323,0,10.0
cust_108497,122,Edtech,card,0.7297,0.2703,0,29.45
cust_108498,60,Edtech,UPI,0.8335,0.1665,0,13.82
cust_108499,2,Financial Services,UPI,0.7904,0.2096,1,5.25
cust_108500,321,Gaming,UPI,0.8065,0.1935,0,4.19
cust_108501,9,SaaS,UPI,0.7526,0.2474,0,0.29
cust_108502,108,Gaming,wallet,0.9078,0.0922,1,1.49
cust_108503,76,SaaS,UPI,0.9588,0.0412,2,1.61
cust_108504,290,Edtech,card,0.3204,0.6796,0,19.55
cust_108505,72,Financial Services,netbanking,0.8544,0.1456,0,16.44
cust_108506,3,E-commerce,netbanking,0.967,0.033,0,2.57
cust_108507,1,E-commerce,card,0.9657,0.0343,0,9.98
cust_108508,40,Edtech,UPI,0.7983,0.2017,0,8.31
cust_108509,73,SaaS,UPI,0.8236,0.1764,0,7.47
cust_108510,18,SaaS,UPI,0.7863,0.2137,0,11.82
cust_108511,91,Financial Services,UPI,0.5365,0.4635,1,8.4
cust_108512,10,Edtech,card,0.7012,0.2988,1,21.58
cust_108513,171,Gaming,netbanking,0.7755,0.2245,0,4.21
cust_108514,347,E-commerce,netbanking,0.8252,0.1748,0,4.57
cust_108515,242,Financial Services,UPI,0.8297,0.1703,0,10.2
cust_108516,6,SaaS,UPI,0.8799,0.1201,1,26.78
cust_108517,375,E-commerce,netbanking,0.705,0.295,1,8.42
cust_108518,218,SaaS,UPI,0.742,0.258,0,9.54
cust_108519,129,SaaS,card,0.3536,0.6464,0,28.69
cust_108520,135,SaaS,UPI,0.7479,0.2521,0,15.39
cust_108521,4,SaaS,wallet,0.8801,0.1199,1,33.99
cust_108522,114,Edtech,UPI,0.1906,0.8094,0,18.25
cust_108523,56,E-commerce,UPI,0.8143,0.1857,1,6.44
cust_108524,44,E-commerce,card,0.8775,0.1225,0,3.02
cust_108525,170,SaaS,UPI,0.9482,0.0518,0,4.21
cust_108526,123,SaaS,netbanking,0.8396,0.1604,2,3.55
cust_108527,17,E-commerce,card,0.1681,0.8319,0,26.32
cust_108528,33,Edtech,UPI,0.9533,0.0467,0,15.98
cust_108529,23,Financial Services,card,0.4509,0.5491,0,22.97
cust_108530,8,Gaming,UPI,0.767,0.233,0,4.26
cust_108531,51,Edtech,netbanking,0.8952,0.1048,0,0.9
cust_108532,112,Edtech,card,0.9189,0.0811,0,9.23
cust_108533,180,SaaS,UPI,0.9135,0.0865,0,1.59
cust_108534,3,Edtech,wallet,0.8857,0.1143,0,3.27
cust_108535,435,Gaming,card,0.8142,0.1858,0,12.02
cust_108536,149,Financial Services,card,0.9017,0.0983,0,5.32
cust_108537,42,Gaming,UPI,0.9209,0.0791,0,9.58
cust_108538,24,Edtech,UPI,0.7709,0.2291,0,8.66
cust_108539,244,Edtech,card,0.7925,0.2075,1,11.99
cust_108540,237,SaaS,netbanking,0.8835,0.1165,1,3.19
cust_108541,252,Gaming,card,0.8855,0.1145,1,3.78
cust_108542,67,Financial Services,netbanking,0.9447,0.0553,1,11.6
cust_108543,10,E-commerce,UPI,0.9443,0.0557,0,14.51
cust_108544,268,Gaming,UPI,0.7831,0.2169,0,10.43
cust_108545,48,E-commerce,wallet,0.9595,0.0405,1,7.09
cust_108546,32,Gaming,card,0.8764,0.1236,1,20.41
cust_108547,109,Financial Services,wallet,0.7604,0.2396,0,17.81
cust_108548,189,Financial Services,UPI,0.8449,0.1551,0,21.61
cust_108549,88,E-commerce,UPI,0.941,0.059,1,6.41
cust_108550,127,Financial Services,card,0.8469,0.1531,0,8.29
cust_108551,148,SaaS,card,0.9523,0.0477,1,17.89
cust_108552,72,Edtech,wallet,0.9165,0.0835,0,4.79
cust_108553,24,Financial Services,card,0.8708,0.1292,0,13.37
cust_108554,257,E-commerce,UPI,0.8817,0.1183,0,20.82
cust_108555,54,Edtech,UPI,0.9731,0.0269,0,5.54
cust_108556,32,Financial Services,card,0.8933,0.1067,0,15.51
cust_108557,46,Gaming,card,0.1119,0.8881,0,42.25
cust_108558,89,Edtech,UPI,0.7167,0.2833,0,0.87
cust_108559,4,SaaS,card,0.849,0.151,0,33.18
cust_108560,23,Financial Services,card,0.9052,0.0948,0,2.53
cust_108561,420,SaaS,netbanking,0.1985,0.8015,0,26.94
cust_108562,571,E-commerce,card,0.9123,0.0877,0,0.67
cust_108563,132,E-commerce,card,0.8951,0.1049,1,28.99
cust_108564,97,Financial Services,card,0.9067,0.0933,0,32.44
cust_108565,100,E-commerce,card,0.8653,0.1347,2,26.75
cust_108566,161,Edtech,UPI,0.9582,0.0418,0,5.33
cust_108567,105,SaaS,card,0.9591,0.0409,0,18.12
cust_108568,225,SaaS,card,0.7938,0.2062,2,16.03
cust_108569,368,Edtech,UPI,0.1192,0.8808,1,22.38
cust_108570,179,E-commerce,card,0.8781,0.1219,1,10.53
cust_108571,145,Edtech,UPI,0.7065,0.2935,0,18.73
cust_108572,46,E-commerce,card,0.7264,0.2736,0,11.63
cust_108573,27,E-commerce,UPI,0.9477,0.0523,0,0.24
cust_108574,80,E-commerce,UPI,0.8671,0.1329,0,2.34
cust_108575,353,E-commerce,UPI,0.9102,0.0898,1,1.89
cust_108576,77,Gaming,wallet,0.9124,0.0876,0,1.36
cust_108577,74,E-commerce,UPI,0.4608,0.5392,2,18.77
cust_108578,43,SaaS,wallet,0.2195,0.7805,0,36.19
cust_108579,67,Edtech,card,0.7769,0.2231,0,24.28
cust_108580,73,E-commerce,netbanking,0.7517,0.2483,0,11.83
cust_108581,63,Financial Services,UPI,0.7417,0.2583,0,7.99
cust_108582,20,Financial Services,UPI,0.8065,0.1935,0,4.2
cust_108583,70,E-commerce,UPI,0.7963,0.2037,0,2.0
cust_108584,227,SaaS,UPI,0.8389,0.1611,0,5.42
cust_108585,414,Gaming,UPI,0.9002,0.0998,1,0.05
cust_108586,37,Edtech,UPI,0.7958,0.2042,0,4.5
cust_108587,299,SaaS,UPI,0.9118,0.0882,0,14.32
cust_108588,190,SaaS,UPI,0.9307,0.0693,1,1.44
cust_108589,37,SaaS,UPI,0.7908,0.2092,0,2.95
cust_108590,58,SaaS,card,0.9525,0.0475,1,11.34
cust_108591,241,Edtech,netbanking,0.8001,0.1999,1,2.89
cust_108592,84,E-commerce,UPI,0.8956,0.1044,0,3.39
cust_108593,445,Financial Services,UPI,0.1932,0.8068,0,15.06
cust_108594,153,SaaS,UPI,0.7559,0.2441,0,34.6
cust_108595,181,Financial Services,card,0.7267,0.2733,1,12.68
cust_108596,28,E-commerce,card,0.887,0.113,0,1.35
cust_108597,67,Financial Services,UPI,0.8185,0.1815,0,7.4
cust_108598,117,E-commerce,UPI,0.7721,0.2279,0,9.5
cust_108599,129,SaaS,UPI,0.8188,0.1812,0,15.37
cust_108600,9,Gaming,UPI,0.7332,0.2668,0,24.5
cust_108601,25,Financial Services,UPI,0.704,0.296,1,7.58
cust_108602,5,Gaming,wallet,0.8187,0.1813,1,0.63
cust_108603,10,E-commerce,card,0.5161,0.4839,0,9.75
cust_108604,110,E-commerce,netbanking,0.522,0.478,0,8.62
cust_108605,181,Gaming,UPI,0.9659,0.0341,1,13.24
cust_108606,344,Financial Services,UPI,0.9635,0.0365,0,0.87
cust_108607,124,Edtech,card,0.8994,0.1006,0,13.95
cust_108608,213,Gaming,netbanking,0.8512,0.1488,0,6.03
cust_108609,251,E-commerce,UPI,0.8971,0.1029,0,9.55
cust_108610,56,Financial Services,UPI,0.8895,0.1105,0,5.59
cust_108611,79,SaaS,netbanking,0.9666,0.0334,0,3.3
cust_108612,75,E-commerce,UPI,0.7642,0.2358,0,1.2
cust_108613,47,Gaming,UPI,0.8486,0.1514,0,15.49
cust_108614,33,SaaS,UPI,0.7964,0.2036,1,0.62
cust_108615,8,SaaS,card,0.8821,0.1179,0,0.71
cust_108616,31,SaaS,netbanking,0.4039,0.5961,0,20.8
cust_108617,35,E-commerce,UPI,0.8026,0.1974,0,25.56
cust_108618,6,E-commerce,wallet,0.9199,0.0801,0,5.26
cust_108619,6,E-commerce,card,0.2277,0.7723,0,25.99
cust_108620,94,Financial Services,UPI,0.8039,0.1961,1,7.79
cust_108621,15,Financial Services,UPI,0.8698,0.1302,1,27.46
cust_108622,264,SaaS,UPI,0.2656,0.7344,0,30.59
cust_108623,256,Gaming,UPI,0.2426,0.7574,2,31.0
cust_108624,71,Edtech,card,0.7238,0.2762,0,1.74
cust_108625,165,E-commerce,UPI,0.7696,0.2304,0,20.0
cust_108626,31,Gaming,UPI,0.9563,0.0437,0,2.84
cust_108627,226,SaaS,UPI,0.892,0.108,0,2.56
cust_108628,6,E-commerce,UPI,0.8639,0.1361,0,6.32
cust_108629,107,Financial Services,UPI,0.4213,0.5787,0,21.65
cust_108630,193,Edtech,card,0.1735,0.8265,0,36.85
cust_108631,300,Gaming,UPI,0.4366,0.5634,0,21.78
cust_108632,342,Financial Services,card,0.8092,0.1908,1,4.24
cust_108633,183,Edtech,card,0.9547,0.0453,1,12.12
cust_108634,122,E-commerce,UPI,0.8426,0.1574,0,5.21
cust_108635,117,Financial Services,UPI,0.4072,0.5928,0,16.13
cust_108636,310,SaaS,UPI,0.837,0.163,0,5.89
cust_108637,37,Gaming,UPI,0.7274,0.2726,0,1.4
cust_108638,194,Gaming,card,0.8588,0.1412,0,11.02
cust_108639,113,SaaS,card,0.8239,0.1761,0,3.15
cust_108640,131,Financial Services,UPI,0.8355,0.1645,0,5.25
cust_108641,173,SaaS,UPI,0.8582,0.1418,0,17.83
cust_108642,257,Financial Services,UPI,0.8238,0.1762,0,9.49
cust_108643,8,Edtech,card,0.8666,0.1334,1,1.92
cust_108644,4,Gaming,card,0.7227,0.2773,0,6.23
cust_108645,59,E-commerce,UPI,0.2371,0.7629,0,21.15
cust_108646,118,SaaS,UPI,0.5941,0.4059,0,16.84
cust_108647,146,SaaS,card,0.4231,0.5769,0,17.54
cust_108648,103,Gaming,netbanking,0.8384,0.1616,2,17.2
cust_108649,276,Gaming,UPI,0.2065,0.7935,0,22.69
cust_108650,32,Edtech,card,0.9465,0.0535,3,5.29
cust_108651,132,E-commerce,UPI,0.8408,0.1592,0,12.73
cust_108652,40,Financial Services,UPI,0.7132,0.2868,0,26.79
cust_108653,35,SaaS,UPI,0.8693,0.1307,1,0.82
cust_108654,97,E-commerce,UPI,0.8918,0.1082,0,19.07
cust_108655,42,Financial Services,card,0.7833,0.2167,0,2.51
cust_108656,88,SaaS,UPI,0.9026,0.0974,0,7.4
cust_108657,32,E-commerce,card,0.8517,0.1483,0,6.63
cust_108658,151,SaaS,UPI,0.5443,0.4557,1,31.82
cust_108659,41,Gaming,netbanking,0.825,0.175,0,13.67
cust_108660,279,SaaS,card,0.4752,0.5248,1,24.14
cust_108661,71,SaaS,UPI,0.7786,0.2214,0,37.92
cust_108662,186,SaaS,card,0.2553,0.7447,0,19.28
cust_108663,23,E-commerce,UPI,0.2175,0.7825,0,26.19
cust_108664,201,Gaming,UPI,0.9229,0.0771,0,4.09
cust_108665,42,E-commerce,UPI,0.3751,0.6249,0,19.15
cust_108666,286,E-commerce,UPI,0.7215,0.2785,1,4.12
cust_108667,205,Financial Services,card,0.9026,0.0974,0,0.71
cust_108668,168,Financial Services,UPI,0.9355,0.0645,0,1.58
cust_108669,21,E-commerce,card,0.8895,0.1105,1,3.5
cust_108670,324,SaaS,card,0.8964,0.1036,1,5.98
cust_108671,246,E-commerce,UPI,0.8681,0.1319,1,1.65
cust_108672,179,Financial Services,UPI,0.8659,0.1341,3,7.65
cust_108673,135,Edtech,card,0.82,0.18,0,1.08
cust_108674,110,E-commerce,UPI,0.1116,0.8884,1,17.98
cust_108675,61,E-commerce,netbanking,0.4494,0.5506,1,30.05
cust_108676,104,SaaS,card,0.9706,0.0294,1,7.57
cust_108677,47,SaaS,UPI,0.8214,0.1786,0,1.47
cust_108678,115,Edtech,UPI,0.944,0.056,0,8.87
cust_108679,282,SaaS,card,0.888,0.112,1,12.18
cust_108680,4,Gaming,card,0.7505,0.2495,0,9.45
cust_108681,45,Financial Services,UPI,0.2857,0.7143,1,17.03
cust_108682,305,SaaS,UPI,0.8636,0.1364,2,5.71
cust_108683,50,SaaS,UPI,0.9236,0.0764,1,34.64
cust_108684,25,Edtech,card,0.9617,0.0383,0,25.12
cust_108685,2,Financial Services,wallet,0.7397,0.2603,0,9.82
cust_108686,54,Financial Services,netbanking,0.8091,0.1909,0,10.87
cust_108687,126,SaaS,UPI,0.827,0.173,0,16.49
cust_108688,42,Financial Services,netbanking,0.3196,0.6804,0,19.36
cust_108689,109,SaaS,card,0.8892,0.1108,1,1.74
cust_108690,347,Gaming,UPI,0.7396,0.2604,1,0.29
cust_108691,103,Financial Services,UPI,0.7992,0.2008,1,0.48
cust_108692,6,SaaS,UPI,0.3009,0.6991,0,22.04
cust_108693,52,Financial Services,UPI,0.8234,0.1766,0,2.04
cust_108694,165,E-commerce,card,0.8042,0.1958,2,6.89
cust_108695,65,Financial Services,netbanking,0.7276,0.2724,0,3.49
cust_108696,100,Gaming,wallet,0.8469,0.1531,1,30.57
cust_108697,479,Edtech,UPI,0.713,0.287,2,11.08
cust_108698,44,E-commerce,card,0.8835,0.1165,1,5.35
cust_108699,306,Edtech,wallet,0.9692,0.0308,0,25.62
cust_108700,11,Edtech,UPI,0.8095,0.1905,1,12.94
cust_108701,5,Financial Services,UPI,0.8188,0.1812,1,0.82
cust_108702,217,E-commerce,card,0.5757,0.4243,0,1.81
cust_108703,259,SaaS,wallet,0.3285,0.6715,0,23.08
cust_108704,37,SaaS,netbanking,0.7488,0.2512,0,12.54
cust_108705,94,SaaS,card,0.7827,0.2173,1,18.68
cust_108706,55,E-commerce,UPI,0.2984,0.7016,0,21.9
cust_108707,79,Gaming,netbanking,0.758,0.242,0,21.93
cust_108708,87,Financial Services,UPI,0.7076,0.2924,0,20.28
cust_108709,7,Edtech,UPI,0.8056,0.1944,0,5.51
cust_108710,92,Gaming,UPI,0.8429,0.1571,0,5.0
cust_108711,179,Financial Services,netbanking,0.7606,0.2394,1,2.44
cust_108712,226,Gaming,UPI,0.9692,0.0308,0,24.77
cust_108713,446,SaaS,netbanking,0.3706,0.6294,2,18.48
cust_108714,367,Financial Services,netbanking,0.9577,0.0423,0,6.72
cust_108715,9,E-commerce,wallet,0.7636,0.2364,0,2.81
cust_108716,42,SaaS,wallet,0.8615,0.1385,0,5.46
cust_108717,84,E-commerce,UPI,0.7406,0.2594,0,8.98
cust_108718,87,Gaming,UPI,0.4219,0.5781,0,15.75
cust_108719,346,Financial Services,UPI,0.8073,0.1927,0,1.86
cust_108720,13,Gaming,UPI,0.718,0.282,0,13.4
cust_108721,39,Edtech,UPI,0.4714,0.5286,1,30.83
cust_108722,21,E-commerce,UPI,0.7229,0.2771,0,2.67
cust_108723,281,Financial Services,UPI,0.8438,0.1562,0,9.27
cust_108724,9,Edtech,card,0.8452,0.1548,0,12.84
cust_108725,211,SaaS,UPI,0.1571,0.8429,0,18.02
cust_108726,28,Gaming,UPI,0.9649,0.0351,1,0.13
cust_108727,2,SaaS,UPI,0.8345,0.1655,0,4.69
cust_108728,8,Financial Services,UPI,0.9041,0.0959,0,23.73
cust_108729,64,Gaming,netbanking,0.9331,0.0669,0,15.04
cust_108730,8,Financial Services,netbanking,0.8629,0.1371,2,8.24
cust_108731,37,Financial Services,card,0.7159,0.2841,0,0.05
cust_108732,78,E-commerce,card,0.7378,0.2622,0,9.71
cust_108733,127,Financial Services,UPI,0.2396,0.7604,0,48.34
cust_108734,259,Financial Services,UPI,0.9766,0.0234,0,1.32
cust_108735,5,Edtech,UPI,0.7266,0.2734,3,1.55
cust_108736,109,Gaming,card,0.7286,0.2714,0,11.77
cust_108737,165,SaaS,card,0.8379,0.1621,0,15.68
cust_108738,4,Edtech,card,0.7681,0.2319,0,3.15
cust_108739,12,Financial Services,UPI,0.7264,0.2736,1,26.28
cust_108740,22,Gaming,UPI,0.9674,0.0326,0,4.3
cust_108741,124,Edtech,UPI,0.7498,0.2502,1,8.49
cust_108742,47,Financial Services,card,0.3983,0.6017,0,20.06
cust_108743,39,Gaming,card,0.8366,0.1634,1,16.05
cust_108744,94,Gaming,card,0.7248,0.2752,1,17.75
cust_108745,87,E-commerce,UPI,0.8931,0.1069,1,18.4
cust_108746,27,Gaming,UPI,0.9484,0.0516,0,8.48
cust_108747,26,SaaS,UPI,0.9738,0.0262,1,18.28
cust_108748,325,E-commerce,UPI,0.7319,0.2681,1,31.65
cust_108749,39,E-commerce,UPI,0.7036,0.2964,1,17.4
cust_108750,156,SaaS,UPI,0.8383,0.1617,1,14.0
cust_108751,136,E-commerce,UPI,0.8948,0.1052,0,6.51
cust_108752,392,SaaS,card,0.9247,0.0753,0,51.25
cust_108753,12,E-commerce,UPI,0.7337,0.2663,0,3.79
cust_108754,51,E-commerce,netbanking,0.407,0.593,0,16.09
cust_108755,45,Gaming,UPI,0.862,0.138,0,1.9
cust_108756,234,SaaS,card,0.8686,0.1314,0,3.58
cust_108757,115,SaaS,UPI,0.8883,0.1117,0,24.01
cust_108758,52,Gaming,UPI,0.7828,0.2172,1,0.81
cust_108759,24,Gaming,netbanking,0.841,0.159,1,8.06
cust_108760,18,Edtech,card,0.9531,0.0469,0,0.51
cust_108761,210,E-commerce,UPI,0.9568,0.0432,0,17.95
cust_108762,173,Gaming,card,0.7346,0.2654,1,1.37
cust_108763,8,Financial Services,UPI,0.9798,0.0202,0,7.67
cust_108764,2,E-commerce,UPI,0.7432,0.2568,0,4.59
cust_108765,135,Edtech,UPI,0.9498,0.0502,0,46.83
cust_108766,153,SaaS,card,0.7763,0.2237,0,9.68
cust_108767,3,Gaming,UPI,0.7516,0.2484,0,4.53
cust_108768,7,Gaming,UPI,0.7187,0.2813,0,24.81
cust_108769,28,Edtech,UPI,0.9429,0.0571,0,7.38
cust_108770,103,E-commerce,UPI,0.7298,0.2702,0,15.09
cust_108771,30,E-commerce,UPI,0.8136,0.1864,1,3.48
cust_108772,26,SaaS,UPI,0.371,0.629,0,15.48
cust_108773,21,E-commerce,UPI,0.7731,0.2269,0,13.98
cust_108774,191,Edtech,UPI,0.204,0.796,1,28.61
cust_108775,26,Gaming,netbanking,0.7655,0.2345,1,11.6
cust_108776,165,Edtech,UPI,0.9173,0.0827,0,1.03
cust_108777,23,Gaming,UPI,0.9505,0.0495,0,9.82
cust_108778,298,Financial Services,card,0.846,0.154,0,0.61
cust_108779,260,Edtech,UPI,0.8741,0.1259,1,6.7
cust_108780,48,Gaming,UPI,0.8852,0.1148,1,4.05
cust_108781,197,Edtech,UPI,0.8622,0.1378,0,28.9
cust_108782,36,Financial Services,netbanking,0.2388,0.7612,1,21.42
cust_108783,5,SaaS,UPI,0.9098,0.0902,1,1.25
cust_108784,85,Gaming,card,0.8967,0.1033,1,11.9
cust_108785,225,Financial Services,UPI,0.9174,0.0826,0,4.46
cust_108786,393,E-commerce,UPI,0.9648,0.0352,2,6.76
cust_108787,71,SaaS,card,0.8423,0.1577,0,23.49
cust_108788,190,SaaS,netbanking,0.7604,0.2396,0,0.74
cust_108789,138,Gaming,UPI,0.9616,0.0384,2,9.21
cust_108790,142,Financial Services,card,0.4462,0.5538,0,17.59
cust_108791,33,SaaS,card,0.7634,0.2366,0,15.09
cust_108792,90,Edtech,netbanking,0.8978,0.1022,1,5.31
cust_108793,78,E-commerce,UPI,0.8821,0.1179,0,8.65
cust_108794,197,E-commerce,UPI,0.9646,0.0354,0,8.09
cust_108795,287,SaaS,UPI,0.8471,0.1529,0,25.08
cust_108796,5,E-commerce,card,0.7172,0.2828,0,4.83
cust_108797,76,E-commerce,netbanking,0.7657,0.2343,0,2.63
cust_108798,87,Edtech,UPI,0.704,0.296,0,25.36
cust_108799,299,Gaming,UPI,0.4955,0.5045,0,16.77
cust_108800,316,Edtech,UPI,0.783,0.217,0,16.23
cust_108801,87,Gaming,UPI,0.7758,0.2242,0,9.96
cust_108802,153,SaaS,card,0.7783,0.2217,0,3.63
cust_108803,159,Edtech,netbanking,0.4005,0.5995,0,15.43
cust_108804,124,Financial Services,card,0.8964,0.1036,0,7.95
cust_108805,441,SaaS,card,0.4679,0.5321,0,32.58
cust_108806,29,Financial Services,UPI,0.9744,0.0256,0,7.02
cust_108807,305,Financial Services,UPI,0.7023,0.2977,0,24.81
cust_108808,30,Gaming,UPI,0.7865,0.2135,0,37.25
cust_108809,92,Edtech,UPI,0.851,0.149,0,35.34
cust_108810,205,SaaS,UPI,0.8309,0.1691,2,10.71
cust_108811,70,Edtech,card,0.8782,0.1218,1,2.98
cust_108812,26,Edtech,netbanking,0.9772,0.0228,1,17.49
cust_108813,152,Gaming,netbanking,0.5546,0.4454,0,7.12
cust_108814,148,E-commerce,UPI,0.7213,0.2787,0,5.43
cust_108815,190,SaaS,UPI,0.1998,0.8002,0,20.64
cust_108816,32,Financial Services,netbanking,0.7748,0.2252,0,8.38
cust_108817,20,Gaming,UPI,0.7491,0.2509,2,1.67
cust_108818,46,E-commerce,UPI,0.807,0.193,0,6.85
cust_108819,176,Financial Services,card,0.8859,0.1141,0,15.34
cust_108820,226,Financial Services,card,0.9171,0.0829,2,23.66
cust_108821,111,Gaming,card,0.7649,0.2351,0,21.44
cust_108822,16,Financial Services,UPI,0.225,0.775,0,23.09
cust_108823,127,SaaS,card,0.8517,0.1483,0,19.45
cust_108824,129,E-commerce,netbanking,0.7045,0.2955,0,10.14
cust_108825,151,Gaming,UPI,0.9194,0.0806,1,9.04
cust_108826,115,Edtech,card,0.4269,0.5731,0,16.83
cust_108827,139,E-commerce,UPI,0.806,0.194,0,4.05
cust_108828,78,E-commerce,card,0.7526,0.2474,1,3.9
cust_108829,81,Financial Services,card,0.9257,0.0743,0,5.35
cust_108830,100,Gaming,UPI,0.7644,0.2356,0,1.51
cust_108831,53,E-commerce,UPI,0.8323,0.1677,0,1.93
cust_108832,57,SaaS,UPI,0.9065,0.0935,0,18.99
cust_108833,121,Financial Services,card,0.8714,0.1286,0,0.3
cust_108834,16,SaaS,UPI,0.9173,0.0827,0,3.02
cust_108835,92,Edtech,UPI,0.7492,0.2508,3,19.07
cust_108836,196,E-commerce,netbanking,0.7494,0.2506,0,15.51
cust_108837,7,Gaming,UPI,0.8553,0.1447,0,24.63
cust_108838,8,Edtech,UPI,0.2345,0.7655,1,35.38
cust_108839,187,Edtech,UPI,0.7061,0.2939,0,7.64
cust_108840,705,Edtech,netbanking,0.9126,0.0874,0,4.88
cust_108841,59,Gaming,card,0.9621,0.0379,0,1.6
cust_108842,165,Gaming,UPI,0.8705,0.1295,0,15.61
cust_108843,106,Financial Services,UPI,0.9424,0.0576,1,10.45
cust_108844,243,E-commerce,card,0.9259,0.0741,0,9.52
cust_108845,91,Gaming,UPI,0.8181,0.1819,0,11.81
cust_108846,67,Edtech,UPI,0.8683,0.1317,1,11.36
cust_108847,81,Financial Services,UPI,0.7125,0.2875,0,1.9
cust_108848,49,Financial Services,UPI,0.3747,0.6253,0,26.16
cust_108849,73,E-commerce,card,0.481,0.519,0,17.1
cust_108850,39,Gaming,UPI,0.7382,0.2618,2,8.53
cust_108851,388,Gaming,card,0.7594,0.2406,0,2.76
cust_108852,40,Edtech,card,0.9071,0.0929,1,1.29
cust_108853,326,Gaming,netbanking,0.8867,0.1133,0,0.58
cust_108854,93,Gaming,UPI,0.8203,0.1797,0,0.91
cust_108855,368,Gaming,netbanking,0.8622,0.1378,0,20.92
cust_108856,138,Financial Services,UPI,0.4504,0.5496,1,33.88
cust_108857,77,Financial Services,card,0.9394,0.0606,0,4.91
cust_108858,101,SaaS,netbanking,0.9426,0.0574,0,1.59
cust_108859,1,Financial Services,netbanking,0.7238,0.2762,0,3.78
cust_108860,194,Edtech,netbanking,0.9543,0.0457,1,4.97
cust_108861,171,SaaS,netbanking,0.4794,0.5206,1,32.29
cust_108862,6,Gaming,UPI,0.9664,0.0336,0,37.1
cust_108863,1,Financial Services,UPI,0.2961,0.7039,1,17.55
cust_108864,158,Edtech,card,0.9038,0.0962,0,29.36
cust_108865,28,SaaS,netbanking,0.7214,0.2786,1,16.45
cust_108866,18,Gaming,UPI,0.7056,0.2944,1,0.04
cust_108867,60,SaaS,UPI,0.8854,0.1146,2,5.54
cust_108868,93,Edtech,UPI,0.9025,0.0975,0,1.06
cust_108869,71,E-commerce,card,0.8944,0.1056,2,3.68
cust_108870,264,Edtech,netbanking,0.8791,0.1209,1,9.27
cust_108871,124,Financial Services,UPI,0.7917,0.2083,1,2.44
cust_108872,80,Edtech,UPI,0.9546,0.0454,1,5.28
cust_108873,118,Edtech,UPI,0.8144,0.1856,1,6.43
cust_108874,375,Gaming,card,0.7642,0.2358,1,10.98
cust_108875,68,Edtech,UPI,0.738,0.262,2,4.15
cust_108876,88,Edtech,card,0.9227,0.0773,0,21.82
cust_108877,261,Financial Services,card,0.5157,0.4843,0,11.14
cust_108878,18,Gaming,card,0.9519,0.0481,0,8.89
cust_108879,46,Financial Services,netbanking,0.5795,0.4205,2,0.64
cust_108880,71,E-commerce,UPI,0.9745,0.0255,0,9.1
cust_108881,108,E-commerce,UPI,0.944,0.056,0,7.55
cust_108882,38,Financial Services,netbanking,0.7483,0.2517,0,2.93
cust_108883,21,Financial Services,UPI,0.7842,0.2158,1,12.82
cust_108884,68,SaaS,card,0.913,0.087,2,18.66
cust_108885,73,E-commerce,UPI,0.7805,0.2195,1,0.99
cust_108886,176,E-commerce,UPI,0.814,0.186,0,20.7
cust_108887,95,Gaming,UPI,0.8879,0.1121,0,15.59
cust_108888,91,E-commerce,UPI,0.7982,0.2018,0,25.82
cust_108889,129,SaaS,card,0.7237,0.2763,1,8.71
cust_108890,57,SaaS,UPI,0.7396,0.2604,0,15.19
cust_108891,22,Gaming,UPI,0.8683,0.1317,0,0.5
cust_108892,75,SaaS,card,0.8709,0.1291,0,1.19
cust_108893,153,E-commerce,card,0.247,0.753,1,31.28
cust_108894,79,Gaming,card,0.7413,0.2587,0,2.29
cust_108895,179,Financial Services,UPI,0.8468,0.1532,0,9.09
cust_108896,96,Financial Services,card,0.2081,0.7919,0,21.94
cust_108897,82,Edtech,netbanking,0.7144,0.2856,0,9.61
cust_108898,38,E-commerce,netbanking,0.7604,0.2396,0,8.15
cust_108899,59,Edtech,card,0.7592,0.2408,0,12.65
cust_108900,3,Gaming,UPI,0.8424,0.1576,1,0.54
cust_108901,83,Gaming,wallet,0.9068,0.0932,0,0.73
cust_108902,109,E-commerce,UPI,0.8504,0.1496,0,17.75
cust_108903,27,E-commerce,card,0.8038,0.1962,0,23.53
cust_108904,434,Financial Services,UPI,0.457,0.543,0,28.7
cust_108905,47,SaaS,UPI,0.7616,0.2384,1,0.02
cust_108906,219,SaaS,card,0.7844,0.2156,0,0.31
cust_108907,42,Edtech,netbanking,0.9481,0.0519,1,18.07
cust_108908,70,E-commerce,card,0.9493,0.0507,0,7.26
cust_108909,42,Financial Services,UPI,0.8099,0.1901,0,3.43
cust_108910,449,Gaming,wallet,0.7115,0.2885,1,5.83
cust_108911,70,Gaming,UPI,0.8552,0.1448,0,7.65
cust_108912,10,Gaming,netbanking,0.8389,0.1611,1,10.42
cust_108913,32,Financial Services,UPI,0.9404,0.0596,0,15.95
cust_108914,29,Gaming,card,0.7803,0.2197,0,3.36
cust_108915,33,E-commerce,card,0.935,0.065,0,12.78
cust_108916,30,Edtech,UPI,0.2771,0.7229,1,17.83
cust_108917,44,E-commerce,card,0.8287,0.1713,0,2.04
cust_108918,110,Edtech,card,0.9434,0.0566,0,2.82
cust_108919,137,E-commerce,card,0.8304,0.1696,0,10.99
cust_108920,81,Gaming,card,0.707,0.293,0,2.99
cust_108921,95,E-commerce,UPI,0.5333,0.4667,0,13.71
cust_108922,100,Financial Services,card,0.7225,0.2775,0,13.06
cust_108923,75,Gaming,UPI,0.7559,0.2441,0,0.26
cust_108924,74,SaaS,UPI,0.4772,0.5228,3,31.46
cust_108925,38,E-commerce,card,0.7582,0.2418,0,1.88
cust_108926,10,Gaming,card,0.9209,0.0791,0,12.66
cust_108927,306,SaaS,UPI,0.7778,0.2222,0,13.42
cust_108928,41,SaaS,netbanking,0.8043,0.1957,1,0.28
cust_108929,450,Edtech,wallet,0.742,0.258,0,0.52
cust_108930,116,Edtech,UPI,0.7962,0.2038,2,3.35
cust_108931,145,Gaming,UPI,0.9241,0.0759,0,7.1
cust_108932,81,Financial Services,card,0.7957,0.2043,1,5.97
cust_108933,77,E-commerce,UPI,0.9422,0.0578,1,24.53
cust_108934,127,E-commerce,UPI,0.8204,0.1796,0,4.66
cust_108935,52,SaaS,UPI,0.9563,0.0437,0,38.27
cust_108936,19,SaaS,card,0.7103,0.2897,0,5.22
cust_108937,45,Financial Services,UPI,0.5998,0.4002,0,9.17
cust_108938,106,SaaS,card,0.4678,0.5322,2,15.82
cust_108939,391,Edtech,netbanking,0.911,0.089,1,2.89
cust_108940,170,Edtech,netbanking,0.7218,0.2782,0,9.92
cust_108941,26,Gaming,UPI,0.8674,0.1326,1,10.25
cust_108942,175,Gaming,UPI,0.8117,0.1883,0,17.1
cust_108943,19,Edtech,UPI,0.7243,0.2757,1,19.83
cust_108944,91,SaaS,UPI,0.7891,0.2109,1,8.64
cust_108945,69,E-commerce,UPI,0.8254,0.1746,0,4.54
cust_108946,51,Edtech,wallet,0.7214,0.2786,0,2.96
cust_108947,53,Edtech,card,0.819,0.181,2,19.59
cust_108948,304,SaaS,UPI,0.914,0.086,0,4.86
cust_108949,58,Financial Services,card,0.8873,0.1127,0,9.58
cust_108950,58,Edtech,UPI,0.9053,0.0947,0,16.28
cust_108951,111,Financial Services,wallet,0.8823,0.1177,1,2.78
cust_108952,135,Financial Services,card,0.7412,0.2588,0,2.61
cust_108953,98,Gaming,UPI,0.2864,0.7136,1,18.45
cust_108954,30,E-commerce,card,0.7961,0.2039,1,9.53
cust_108955,112,Gaming,UPI,0.7047,0.2953,1,0.21
cust_108956,52,Gaming,UPI,0.4592,0.5408,0,24.37
cust_108957,3,E-commerce,netbanking,0.701,0.299,0,3.5
cust_108958,45,E-commerce,UPI,0.7521,0.2479,0,0.04
cust_108959,4,Financial Services,UPI,0.9395,0.0605,0,0.23
cust_108960,236,Edtech,UPI,0.8347,0.1653,0,1.98
cust_108961,6,E-commerce,card,0.8183,0.1817,0,0.26
cust_108962,107,E-commerce,UPI,0.1274,0.8726,0,18.41
cust_108963,47,SaaS,UPI,0.7247,0.2753,1,8.5
cust_108964,132,Financial Services,card,0.7863,0.2137,0,14.36
cust_108965,72,Edtech,UPI,0.7682,0.2318,2,7.82
cust_108966,139,Gaming,UPI,0.7253,0.2747,1,10.37
cust_108967,24,Financial Services,UPI,0.8401,0.1599,0,3.07
cust_108968,82,E-commerce,netbanking,0.7838,0.2162,0,2.8
cust_108969,6,Edtech,card,0.7007,0.2993,0,41.58
cust_108970,182,Edtech,netbanking,0.779,0.221,0,15.04
cust_108971,26,SaaS,card,0.909,0.091,0,8.48
cust_108972,18,E-commerce,UPI,0.7633,0.2367,0,0.42
cust_108973,129,Gaming,wallet,0.7632,0.2368,1,0.57
cust_108974,6,Edtech,UPI,0.8504,0.1496,1,18.54
cust_108975,147,Financial Services,card,0.9592,0.0408,1,6.07
cust_108976,241,Financial Services,card,0.7267,0.2733,0,2.34
cust_108977,168,SaaS,UPI,0.9572,0.0428,1,9.97
cust_108978,112,SaaS,card,0.7526,0.2474,0,19.13
cust_108979,130,E-commerce,card,0.8047,0.1953,0,0.51
cust_108980,4,Edtech,UPI,0.9717,0.0283,0,6.81
cust_108981,168,Edtech,UPI,0.722,0.278,0,21.94
cust_108982,330,E-commerce,netbanking,0.962,0.038,1,24.5
cust_108983,151,Gaming,wallet,0.747,0.253,0,25.46
cust_108984,98,SaaS,UPI,0.8686,0.1314,0,19.12
cust_108985,85,Edtech,wallet,0.9259,0.0741,0,5.32
cust_108986,49,SaaS,card,0.8463,0.1537,0,10.84
cust_108987,1,SaaS,UPI,0.9719,0.0281,0,20.0
cust_108988,46,Gaming,UPI,0.7925,0.2075,0,18.92
cust_108989,2,Gaming,UPI,0.9724,0.0276,1,10.29
cust_108990,37,SaaS,card,0.7966,0.2034,1,4.68
cust_108991,59,Gaming,wallet,0.8507,0.1493,1,2.64
cust_108992,99,SaaS,UPI,0.7871,0.2129,0,22.59
cust_108993,58,Gaming,UPI,0.5458,0.4542,1,13.68
cust_108994,127,SaaS,netbanking,0.978,0.022,1,3.78
cust_108995,83,Gaming,netbanking,0.2291,0.7709,0,30.81
cust_108996,35,Financial Services,UPI,0.7356,0.2644,0,0.62
cust_108997,580,Gaming,netbanking,0.7485,0.2515,0,12.56
cust_108998,98,E-commerce,netbanking,0.4041,0.5959,1,21.16
cust_108999,121,Edtech,wallet,0.9085,0.0915,1,18.72
cust_109000,105,E-commerce,netbanking,0.9372,0.0628,0,4.77
cust_109001,183,Gaming,UPI,0.7284,0.2716,0,9.38
cust_109002,66,SaaS,netbanking,0.7433,0.2567,1,7.74
cust_109003,155,E-commerce,UPI,0.9772,0.0228,0,13.74
cust_109004,161,Edtech,UPI,0.7247,0.2753,1,2.7
cust_109005,127,E-commerce,UPI,0.5413,0.4587,0,18.84
cust_109006,319,Edtech,UPI,0.9377,0.0623,1,1.25
cust_109007,8,SaaS,UPI,0.7109,0.2891,0,26.25
cust_109008,34,SaaS,UPI,0.7831,0.2169,1,11.53
cust_109009,68,Financial Services,UPI,0.7246,0.2754,1,3.46
cust_109010,53,SaaS,UPI,0.8727,0.1273,1,9.02
cust_109011,109,Financial Services,UPI,0.8537,0.1463,2,0.74
cust_109012,82,Edtech,UPI,0.8139,0.1861,0,2.09
cust_109013,147,Financial Services,UPI,0.9241,0.0759,1,10.81
cust_109014,299,Edtech,UPI,0.785,0.215,1,32.32
cust_109015,427,Gaming,UPI,0.7515,0.2485,1,2.57
cust_109016,11,Gaming,UPI,0.3033,0.6967,0,20.96
cust_109017,188,Gaming,UPI,0.8674,0.1326,1,0.65
cust_109018,146,Edtech,netbanking,0.8168,0.1832,1,3.14
cust_109019,2,SaaS,card,0.9569,0.0431,0,4.22
cust_109020,104,SaaS,card,0.5858,0.4142,1,8.8
cust_109021,20,Financial Services,UPI,0.8065,0.1935,1,14.61
cust_109022,20,Gaming,netbanking,0.1294,0.8706,0,35.41
cust_109023,53,Gaming,UPI,0.7448,0.2552,0,2.0
cust_109024,81,Edtech,netbanking,0.47,0.53,0,24.47
cust_109025,267,Financial Services,card,0.8169,0.1831,0,46.93
cust_109026,25,Gaming,card,0.7425,0.2575,1,12.11
cust_109027,38,SaaS,UPI,0.8398,0.1602,0,34.06
cust_109028,268,Financial Services,UPI,0.919,0.081,0,4.53
cust_109029,108,Gaming,netbanking,0.8068,0.1932,2,1.54
cust_109030,10,E-commerce,card,0.1968,0.8032,0,33.71
cust_109031,47,Edtech,UPI,0.9239,0.0761,0,34.8
cust_109032,191,SaaS,UPI,0.7031,0.2969,1,4.54
cust_109033,52,Gaming,card,0.8854,0.1146,0,10.69
cust_109034,103,Edtech,UPI,0.9128,0.0872,0,18.39
cust_109035,131,Gaming,UPI,0.7138,0.2862,0,0.08
cust_109036,45,E-commerce,UPI,0.7085,0.2915,0,17.25
cust_109037,41,Financial Services,netbanking,0.7749,0.2251,1,10.34
cust_109038,20,Edtech,card,0.9058,0.0942,0,4.98
cust_109039,101,Edtech,UPI,0.8558,0.1442,0,3.86
cust_109040,75,SaaS,netbanking,0.2748,0.7252,0,19.27
cust_109041,78,Edtech,UPI,0.9523,0.0477,0,2.97
cust_109042,178,SaaS,card,0.9788,0.0212,0,9.86
cust_109043,102,SaaS,UPI,0.7413,0.2587,0,2.24
cust_109044,63,Gaming,UPI,0.9257,0.0743,0,12.46
cust_109045,233,SaaS,card,0.708,0.292,1,42.33
cust_109046,37,E-commerce,UPI,0.8172,0.1828,0,6.65
cust_109047,13,Edtech,UPI,0.9482,0.0518,0,31.61
cust_109048,399,Edtech,card,0.9253,0.0747,0,20.04
cust_109049,250,Gaming,netbanking,0.7117,0.2883,0,2.25
cust_109050,12,Gaming,netbanking,0.5353,0.4647,0,3.51
cust_109051,81,Gaming,UPI,0.8636,0.1364,1,0.29
cust_109052,606,Edtech,UPI,0.9696,0.0304,1,10.88
cust_109053,34,Edtech,card,0.7263,0.2737,0,30.18
cust_109054,8,Financial Services,UPI,0.9355,0.0645,1,9.17
cust_109055,127,Financial Services,UPI,0.7618,0.2382,0,27.78
cust_109056,39,Gaming,UPI,0.8424,0.1576,1,13.21
cust_109057,74,Gaming,netbanking,0.9464,0.0536,0,2.28
cust_109058,214,Edtech,UPI,0.9751,0.0249,0,15.78
cust_109059,122,Gaming,UPI,0.7665,0.2335,0,14.45
cust_109060,24,E-commerce,netbanking,0.9685,0.0315,0,16.34
cust_109061,67,Financial Services,UPI,0.9478,0.0522,0,2.5
cust_109062,18,E-commerce,UPI,0.7064,0.2936,1,35.95
cust_109063,1,SaaS,card,0.9238,0.0762,2,11.98
cust_109064,14,E-commerce,UPI,0.7026,0.2974,1,3.76
cust_109065,15,Edtech,UPI,0.865,0.135,0,20.83
cust_109066,2,Financial Services,card,0.7223,0.2777,1,13.12
cust_109067,127,Gaming,UPI,0.76,0.24,0,28.36
cust_109068,429,SaaS,card,0.734,0.266,0,5.94
cust_109069,83,Edtech,card,0.8459,0.1541,0,7.23
cust_109070,137,Edtech,UPI,0.8568,0.1432,1,10.68
cust_109071,15,Gaming,UPI,0.7206,0.2794,0,24.11
cust_109072,112,SaaS,UPI,0.9265,0.0735,1,9.68
cust_109073,81,SaaS,UPI,0.7653,0.2347,0,1.15
cust_109074,131,Financial Services,UPI,0.2197,0.7803,0,19.36
cust_109075,19,Edtech,wallet,0.968,0.032,1,17.57
cust_109076,81,Financial Services,card,0.8791,0.1209,0,1.42
cust_109077,266,Gaming,netbanking,0.7619,0.2381,0,20.41
cust_109078,133,Financial Services,UPI,0.9262,0.0738,0,1.46
cust_109079,179,Edtech,wallet,0.9126,0.0874,0,10.67
cust_109080,165,Financial Services,UPI,0.848,0.152,0,5.32
cust_109081,109,Financial Services,netbanking,0.7929,0.2071,0,6.37
cust_109082,168,E-commerce,UPI,0.7467,0.2533,0,1.56
cust_109083,93,Gaming,card,0.9443,0.0557,0,18.94
cust_109084,49,E-commerce,UPI,0.7461,0.2539,0,20.88
cust_109085,9,Gaming,UPI,0.9128,0.0872,0,4.43
cust_109086,9,SaaS,UPI,0.7432,0.2568,2,8.42
cust_109087,14,Edtech,card,0.8223,0.1777,0,0.15
cust_109088,181,Gaming,UPI,0.8196,0.1804,0,31.71
cust_109089,506,Edtech,UPI,0.9329,0.0671,0,8.19
cust_109090,73,Financial Services,netbanking,0.879,0.121,1,3.14
cust_109091,69,Gaming,UPI,0.5745,0.4255,0,1.0
cust_109092,17,Edtech,UPI,0.8545,0.1455,0,2.77
cust_109093,36,Financial Services,UPI,0.9055,0.0945,0,3.69
cust_109094,286,Gaming,card,0.861,0.139,2,5.58
cust_109095,69,Edtech,UPI,0.2155,0.7845,0,31.93
cust_109096,15,E-commerce,wallet,0.3388,0.6612,1,16.68
cust_109097,87,Edtech,UPI,0.8986,0.1014,0,17.69
cust_109098,58,Gaming,UPI,0.9587,0.0413,1,9.03
cust_109099,104,Gaming,UPI,0.8505,0.1495,2,6.09
cust_109100,84,Financial Services,card,0.7244,0.2756,0,2.52
cust_109101,8,SaaS,netbanking,0.7815,0.2185,0,10.18
cust_109102,212,Gaming,UPI,0.9485,0.0515,0,1.14
cust_109103,421,E-commerce,UPI,0.7905,0.2095,0,7.7
cust_109104,188,SaaS,UPI,0.8825,0.1175,0,3.56
cust_109105,45,Gaming,card,0.8188,0.1812,0,13.83
cust_109106,200,Edtech,netbanking,0.8717,0.1283,0,4.06
cust_109107,67,Edtech,wallet,0.7201,0.2799,1,28.66
cust_109108,208,Edtech,netbanking,0.822,0.178,1,22.23
cust_109109,12,SaaS,wallet,0.8234,0.1766,0,5.8
cust_109110,189,Gaming,card,0.9619,0.0381,1,4.67
cust_109111,4,SaaS,UPI,0.7139,0.2861,1,6.21
cust_109112,30,E-commerce,card,0.8412,0.1588,0,12.22
cust_109113,58,E-commerce,UPI,0.1551,0.8449,1,24.15
cust_109114,159,E-commerce,card,0.724,0.276,1,8.9
cust_109115,55,Edtech,UPI,0.8826,0.1174,2,1.19
cust_109116,31,E-commerce,card,0.7786,0.2214,0,15.15
cust_109117,308,E-commerce,wallet,0.9126,0.0874,0,31.74
cust_109118,162,E-commerce,UPI,0.8856,0.1144,0,12.04
cust_109119,377,E-commerce,UPI,0.8149,0.1851,0,6.39
cust_109120,414,SaaS,wallet,0.8456,0.1544,0,3.85
cust_109121,287,Edtech,card,0.8944,0.1056,2,14.26
cust_109122,6,SaaS,netbanking,0.9448,0.0552,0,31.26
cust_109123,387,SaaS,UPI,0.9222,0.0778,0,6.62
cust_109124,254,E-commerce,netbanking,0.855,0.145,1,2.96
cust_109125,4,SaaS,UPI,0.7934,0.2066,1,3.87
cust_109126,251,E-commerce,UPI,0.7678,0.2322,0,7.11
cust_109127,71,Gaming,netbanking,0.9763,0.0237,0,3.25
cust_109128,222,Financial Services,wallet,0.273,0.727,0,17.88
cust_109129,33,Edtech,UPI,0.9466,0.0534,0,24.65
cust_109130,13,Edtech,UPI,0.7432,0.2568,1,1.88
cust_109131,70,Financial Services,UPI,0.5453,0.4547,0,3.62
cust_109132,107,Financial Services,UPI,0.9608,0.0392,0,2.07
cust_109133,410,Financial Services,card,0.7386,0.2614,1,16.61
cust_109134,65,E-commerce,UPI,0.2664,0.7336,1,69.94
cust_109135,183,E-commerce,UPI,0.8951,0.1049,0,6.01
cust_109136,17,Edtech,card,0.7176,0.2824,0,28.9
cust_109137,107,Gaming,card,0.899,0.101,0,1.62
cust_109138,228,Edtech,wallet,0.9069,0.0931,0,16.61
cust_109139,119,E-commerce,wallet,0.802,0.198,0,7.87
cust_109140,64,SaaS,card,0.7239,0.2761,0,6.89
cust_109141,118,Edtech,UPI,0.9023,0.0977,1,21.24
cust_109142,67,E-commerce,UPI,0.9411,0.0589,0,1.48
cust_109143,126,Financial Services,UPI,0.9449,0.0551,0,0.86
cust_109144,1,Gaming,wallet,0.5571,0.4429,1,2.73
cust_109145,291,Financial Services,netbanking,0.7728,0.2272,1,0.78
cust_109146,12,Gaming,netbanking,0.8338,0.1662,1,3.98
cust_109147,124,Gaming,netbanking,0.9095,0.0905,1,2.63
cust_109148,37,SaaS,card,0.8707,0.1293,1,2.07
cust_109149,137,SaaS,UPI,0.9324,0.0676,0,9.54
cust_109150,180,SaaS,netbanking,0.9502,0.0498,0,7.79
cust_109151,16,Gaming,netbanking,0.87,0.13,1,1.75
cust_109152,9,SaaS,card,0.8049,0.1951,0,11.41
cust_109153,137,SaaS,card,0.8897,0.1103,1,23.26
cust_109154,5,Edtech,UPI,0.9222,0.0778,0,9.01
cust_109155,4,Gaming,card,0.7949,0.2051,0,21.82
cust_109156,92,SaaS,card,0.7772,0.2228,2,6.48
cust_109157,126,Gaming,UPI,0.9126,0.0874,0,3.73
cust_109158,181,E-commerce,UPI,0.8803,0.1197,0,2.47
cust_109159,137,Gaming,card,0.8232,0.1768,1,23.11
cust_109160,73,Financial Services,card,0.9184,0.0816,2,28.97
cust_109161,94,Gaming,UPI,0.8348,0.1652,0,8.19
cust_109162,112,Edtech,UPI,0.9031,0.0969,1,3.19
cust_109163,1,Edtech,wallet,0.8983,0.1017,1,17.75
cust_109164,200,Edtech,netbanking,0.9144,0.0856,0,8.09
cust_109165,13,Gaming,wallet,0.8379,0.1621,2,6.86
cust_109166,69,Edtech,UPI,0.9242,0.0758,0,0.55
cust_109167,578,E-commerce,UPI,0.9033,0.0967,2,2.51
cust_109168,654,Gaming,card,0.8715,0.1285,0,0.7
cust_109169,144,SaaS,UPI,0.9651,0.0349,0,13.28
cust_109170,137,E-commerce,UPI,0.7315,0.2685,1,22.39
cust_109171,26,E-commerce,UPI,0.8299,0.1701,0,3.63
cust_109172,429,SaaS,wallet,0.8859,0.1141,1,15.18
cust_109173,97,SaaS,UPI,0.2665,0.7335,0,24.14
cust_109174,38,Edtech,UPI,0.9405,0.0595,0,9.77
cust_109175,19,Edtech,card,0.7736,0.2264,0,4.36
cust_109176,198,SaaS,card,0.8846,0.1154,0,21.05
cust_109177,56,Gaming,netbanking,0.7484,0.2516,0,2.33
cust_109178,114,Edtech,UPI,0.8401,0.1599,0,0.91
cust_109179,34,Financial Services,card,0.7625,0.2375,2,10.82
cust_109180,32,Edtech,card,0.9047,0.0953,1,42.15
cust_109181,211,Financial Services,card,0.8102,0.1898,1,52.2
cust_109182,177,Edtech,UPI,0.8047,0.1953,0,4.11
cust_109183,422,E-commerce,netbanking,0.7879,0.2121,0,15.2
cust_109184,289,E-commerce,UPI,0.8502,0.1498,0,6.57
cust_109185,178,Edtech,UPI,0.7049,0.2951,1,1.18
cust_109186,14,Gaming,UPI,0.9343,0.0657,0,7.61
cust_109187,134,Financial Services,UPI,0.7844,0.2156,0,9.11
cust_109188,20,Financial Services,UPI,0.8404,0.1596,1,1.59
cust_109189,658,Financial Services,card,0.7435,0.2565,0,9.94
cust_109190,225,Gaming,netbanking,0.7735,0.2265,0,6.76
cust_109191,122,SaaS,UPI,0.815,0.185,1,4.63
cust_109192,286,E-commerce,UPI,0.9061,0.0939,0,11.55
cust_109193,59,Edtech,card,0.7842,0.2158,0,4.84
cust_109194,33,Financial Services,card,0.3002,0.6998,0,21.12
cust_109195,206,Gaming,netbanking,0.8245,0.1755,1,8.49
cust_109196,141,SaaS,netbanking,0.9741,0.0259,3,13.77
cust_109197,203,Gaming,netbanking,0.9266,0.0734,1,10.64
cust_109198,2,E-commerce,card,0.7349,0.2651,0,32.78
cust_109199,279,Edtech,card,0.8601,0.1399,0,5.14
cust_109200,143,SaaS,UPI,0.7607,0.2393,0,21.85
cust_109201,17,Edtech,UPI,0.9146,0.0854,0,29.27
cust_109202,216,SaaS,wallet,0.1127,0.8873,1,44.3
cust_109203,67,Gaming,UPI,0.7282,0.2718,0,16.82
cust_109204,300,SaaS,UPI,0.8724,0.1276,0,22.86
cust_109205,6,SaaS,card,0.711,0.289,0,4.72
cust_109206,72,SaaS,UPI,0.7099,0.2901,2,17.88
cust_109207,158,Financial Services,UPI,0.9214,0.0786,0,10.99
cust_109208,3,Edtech,UPI,0.8369,0.1631,1,4.07
cust_109209,35,Financial Services,UPI,0.7499,0.2501,0,2.15
cust_109210,18,Gaming,UPI,0.8904,0.1096,0,1.58
cust_109211,6,Financial Services,UPI,0.7437,0.2563,0,2.11
cust_109212,93,Edtech,UPI,0.9186,0.0814,0,17.93
cust_109213,85,Gaming,UPI,0.9585,0.0415,0,36.25
cust_109214,453,Financial Services,UPI,0.8895,0.1105,0,6.85
cust_109215,79,Edtech,UPI,0.9214,0.0786,0,2.64
cust_109216,15,Financial Services,card,0.803,0.197,1,12.2
cust_109217,70,Edtech,UPI,0.8664,0.1336,1,8.75
cust_109218,71,SaaS,UPI,0.8272,0.1728,0,5.43
cust_109219,11,E-commerce,card,0.76,0.24,0,2.34
cust_109220,183,SaaS,UPI,0.7645,0.2355,0,29.9
cust_109221,23,Edtech,UPI,0.9109,0.0891,0,5.99
cust_109222,117,Gaming,UPI,0.2361,0.7639,0,15.93
cust_109223,164,SaaS,UPI,0.955,0.045,1,0.51
cust_109224,27,Edtech,UPI,0.8779,0.1221,0,16.6
cust_109225,8,Gaming,UPI,0.8135,0.1865,0,2.03
cust_109226,95,E-commerce,UPI,0.8994,0.1006,0,7.28
cust_109227,53,Gaming,UPI,0.9152,0.0848,0,7.77
cust_109228,71,SaaS,UPI,0.775,0.225,0,1.64
cust_109229,6,SaaS,UPI,0.9149,0.0851,0,5.46
cust_109230,48,SaaS,card,0.956,0.044,1,0.64
cust_109231,3,E-commerce,UPI,0.9168,0.0832,0,0.46
cust_109232,48,Financial Services,netbanking,0.857,0.143,0,29.66
cust_109233,234,E-commerce,netbanking,0.7071,0.2929,1,1.64
cust_109234,18,E-commerce,UPI,0.796,0.204,0,17.73
cust_109235,35,Financial Services,UPI,0.9042,0.0958,1,4.47
cust_109236,43,Gaming,netbanking,0.8981,0.1019,0,10.4
cust_109237,17,SaaS,netbanking,0.3533,0.6467,0,27.27
cust_109238,372,Gaming,card,0.9629,0.0371,0,1.25
cust_109239,60,SaaS,netbanking,0.1631,0.8369,0,39.95
cust_109240,133,E-commerce,UPI,0.9231,0.0769,0,1.63
cust_109241,30,E-commerce,UPI,0.4133,0.5867,0,39.71
cust_109242,55,E-commerce,card,0.7445,0.2555,0,13.32
cust_109243,99,Financial Services,UPI,0.1541,0.8459,2,40.49
cust_109244,100,Financial Services,netbanking,0.853,0.147,0,0.91
cust_109245,617,E-commerce,UPI,0.9268,0.0732,0,1.78
cust_109246,50,Edtech,UPI,0.9123,0.0877,0,56.44
cust_109247,7,Edtech,card,0.7739,0.2261,0,0.2
cust_109248,123,Edtech,netbanking,0.8042,0.1958,0,4.18
cust_109249,23,E-commerce,netbanking,0.8922,0.1078,0,5.88
cust_109250,271,Edtech,card,0.9589,0.0411,2,8.73
cust_109251,32,SaaS,wallet,0.9232,0.0768,0,15.29
cust_109252,46,Gaming,UPI,0.9141,0.0859,0,8.21
cust_109253,34,Edtech,UPI,0.291,0.709,0,17.89
cust_109254,85,Financial Services,UPI,0.9706,0.0294,0,7.68
cust_109255,186,Edtech,card,0.203,0.797,1,32.21
cust_109256,85,Gaming,card,0.3966,0.6034,0,18.94
cust_109257,48,Financial Services,card,0.9022,0.0978,0,8.89
cust_109258,155,Gaming,UPI,0.7279,0.2721,0,2.4
cust_109259,11,Edtech,UPI,0.9629,0.0371,0,0.19
cust_109260,38,Edtech,UPI,0.7377,0.2623,2,2.4
cust_109261,82,SaaS,UPI,0.7731,0.2269,0,5.1
cust_109262,48,Gaming,netbanking,0.768,0.232,2,21.92
cust_109263,93,Edtech,card,0.9518,0.0482,2,4.27
cust_109264,81,SaaS,card,0.7473,0.2527,1,4.55
cust_109265,65,E-commerce,UPI,0.7032,0.2968,1,8.67
cust_109266,247,SaaS,UPI,0.946,0.054,1,0.62
cust_109267,64,Financial Services,card,0.8312,0.1688,0,7.88
cust_109268,109,Financial Services,UPI,0.3865,0.6135,0,15.29
cust_109269,20,Financial Services,card,0.8353,0.1647,0,1.58
cust_109270,170,SaaS,UPI,0.7664,0.2336,1,1.62
cust_109271,171,Financial Services,card,0.9073,0.0927,0,4.4
cust_109272,20,Edtech,UPI,0.3105,0.6895,0,21.98
cust_109273,273,Financial Services,card,0.7184,0.2816,0,21.31
cust_109274,73,Financial Services,UPI,0.7263,0.2737,1,2.92
cust_109275,22,E-commerce,UPI,0.3728,0.6272,0,30.4
cust_109276,77,Gaming,UPI,0.7138,0.2862,0,17.03
cust_109277,82,Edtech,UPI,0.295,0.705,1,19.57
cust_109278,103,Gaming,UPI,0.7633,0.2367,0,3.56
cust_109279,43,E-commerce,wallet,0.7833,0.2167,0,2.3
cust_109280,208,Edtech,UPI,0.7719,0.2281,0,7.96
cust_109281,109,Financial Services,card,0.7306,0.2694,0,17.08
cust_109282,27,Gaming,UPI,0.1185,0.8815,0,29.57
cust_109283,106,E-commerce,card,0.7057,0.2943,0,1.1
cust_109284,44,Edtech,card,0.8594,0.1406,0,2.32
cust_109285,245,Gaming,card,0.9102,0.0898,0,14.48
cust_109286,119,SaaS,UPI,0.7366,0.2634,0,3.43
cust_109287,30,SaaS,UPI,0.8669,0.1331,1,18.82
cust_109288,29,SaaS,UPI,0.1346,0.8654,1,37.55
cust_109289,8,Edtech,netbanking,0.728,0.272,0,1.69
cust_109290,139,Financial Services,card,0.7398,0.2602,0,43.58
cust_109291,144,Financial Services,UPI,0.703,0.297,0,4.98
cust_109292,30,Edtech,UPI,0.969,0.031,1,5.73
cust_109293,16,E-commerce,wallet,0.2245,0.7755,0,18.26
cust_109294,125,Financial Services,card,0.9187,0.0813,3,1.82
cust_109295,106,Edtech,UPI,0.8124,0.1876,0,0.03
cust_109296,24,SaaS,UPI,0.1565,0.8435,0,19.61
cust_109297,214,Gaming,card,0.9119,0.0881,1,3.18
cust_109298,16,Gaming,card,0.8275,0.1725,1,21.1
cust_109299,90,Edtech,UPI,0.7396,0.2604,0,7.34
cust_109300,4,Gaming,UPI,0.9164,0.0836,1,3.31
cust_109301,317,Edtech,UPI,0.9117,0.0883,0,4.38
cust_109302,270,Edtech,card,0.935,0.065,1,15.29
cust_109303,23,SaaS,card,0.281,0.719,1,18.94
cust_109304,149,E-commerce,UPI,0.7914,0.2086,0,12.16
cust_109305,256,SaaS,UPI,0.7947,0.2053,0,9.34
cust_109306,136,Edtech,wallet,0.7609,0.2391,1,45.79
cust_109307,8,Edtech,UPI,0.538,0.462,0,4.44
cust_109308,13,SaaS,UPI,0.9541,0.0459,1,0.99
cust_109309,94,SaaS,UPI,0.8521,0.1479,0,7.97
cust_109310,314,E-commerce,UPI,0.2652,0.7348,0,17.14
cust_109311,93,Gaming,netbanking,0.8632,0.1368,1,16.7
cust_109312,40,Financial Services,UPI,0.7033,0.2967,1,0.18
cust_109313,53,E-commerce,UPI,0.9123,0.0877,0,16.83
cust_109314,63,Gaming,UPI,0.838,0.162,0,7.16
cust_109315,175,Financial Services,netbanking,0.343,0.657,1,61.09
cust_109316,42,SaaS,UPI,0.7967,0.2033,1,0.54
cust_109317,310,Gaming,card,0.716,0.284,0,15.0
cust_109318,223,Gaming,netbanking,0.7363,0.2637,0,12.15
cust_109319,173,Financial Services,card,0.1466,0.8534,0,22.93
cust_109320,79,Financial Services,wallet,0.9266,0.0734,0,0.92
cust_109321,174,Gaming,UPI,0.7585,0.2415,0,1.01
cust_109322,116,Financial Services,netbanking,0.7725,0.2275,1,35.45
cust_109323,45,Gaming,UPI,0.9332,0.0668,0,46.8
cust_109324,9,Financial Services,card,0.8868,0.1132,0,0.82
cust_109325,329,SaaS,card,0.2399,0.7601,1,29.34
cust_109326,212,Edtech,UPI,0.9672,0.0328,0,35.71
cust_109327,226,Gaming,UPI,0.8274,0.1726,0,15.34
cust_109328,3,E-commerce,card,0.8789,0.1211,3,51.23
cust_109329,113,Financial Services,UPI,0.7125,0.2875,1,1.19
cust_109330,298,E-commerce,netbanking,0.8624,0.1376,0,23.06
cust_109331,353,Financial Services,UPI,0.9023,0.0977,0,4.67
cust_109332,52,Financial Services,card,0.9114,0.0886,0,31.37
cust_109333,636,Financial Services,UPI,0.7739,0.2261,0,8.16
cust_109334,104,Edtech,UPI,0.1002,0.8998,0,15.56
cust_109335,14,Gaming,netbanking,0.8493,0.1507,0,0.8
cust_109336,118,SaaS,UPI,0.8963,0.1037,0,9.72
cust_109337,108,Financial Services,UPI,0.7608,0.2392,0,5.72
cust_109338,95,SaaS,card,0.9774,0.0226,0,5.67
cust_109339,189,Financial Services,netbanking,0.2705,0.7295,1,22.36
cust_109340,91,Edtech,netbanking,0.7144,0.2856,1,1.78
cust_109341,58,Gaming,UPI,0.8634,0.1366,1,2.0
cust_109342,276,Edtech,UPI,0.9011,0.0989,0,5.78
cust_109343,109,Edtech,UPI,0.8158,0.1842,0,2.22
cust_109344,103,SaaS,UPI,0.1256,0.8744,1,20.87
cust_109345,108,Gaming,UPI,0.7859,0.2141,0,15.62
cust_109346,39,Financial Services,card,0.8886,0.1114,0,17.25
cust_109347,534,Edtech,UPI,0.8292,0.1708,0,5.85
cust_109348,270,Gaming,UPI,0.8277,0.1723,0,10.57
cust_109349,58,E-commerce,UPI,0.8615,0.1385,0,16.12
cust_109350,9,Edtech,card,0.7751,0.2249,0,3.08
cust_109351,85,SaaS,netbanking,0.8624,0.1376,0,15.54
cust_109352,111,Gaming,card,0.9679,0.0321,0,26.03
cust_109353,84,Financial Services,card,0.7977,0.2023,0,3.8
cust_109354,32,Financial Services,UPI,0.3169,0.6831,1,19.93
cust_109355,303,Gaming,card,0.751,0.249,0,16.07
cust_109356,36,Financial Services,card,0.3597,0.6403,0,17.72
cust_109357,15,Financial Services,UPI,0.8334,0.1666,0,3.22
cust_109358,710,Gaming,UPI,0.824,0.176,1,10.98
cust_109359,21,Financial Services,UPI,0.8229,0.1771,0,21.3
cust_109360,6,Edtech,card,0.9119,0.0881,0,6.1
cust_109361,119,E-commerce,card,0.9501,0.0499,0,1.82
cust_109362,77,Financial Services,wallet,0.2114,0.7886,0,20.58
cust_109363,68,Financial Services,UPI,0.9462,0.0538,1,12.16
cust_109364,78,Financial Services,card,0.4927,0.5073,0,37.07
cust_109365,34,SaaS,card,0.9126,0.0874,1,4.11
cust_109366,458,Edtech,UPI,0.3769,0.6231,1,19.93
cust_109367,18,Financial Services,UPI,0.885,0.115,0,0.91
cust_109368,516,SaaS,card,0.9707,0.0293,0,2.53
cust_109369,134,E-commerce,UPI,0.7459,0.2541,1,10.6
cust_109370,110,E-commerce,card,0.9174,0.0826,0,4.67
cust_109371,7,SaaS,card,0.7604,0.2396,0,14.3
cust_109372,28,Gaming,UPI,0.7706,0.2294,0,9.52
cust_109373,227,Financial Services,card,0.3006,0.6994,3,17.48
cust_109374,72,SaaS,wallet,0.9665,0.0335,0,2.22
cust_109375,347,Financial Services,UPI,0.9728,0.0272,1,18.53
cust_109376,207,E-commerce,netbanking,0.7006,0.2994,0,5.17
cust_109377,133,Gaming,netbanking,0.7365,0.2635,0,3.52
cust_109378,51,Edtech,card,0.9464,0.0536,0,15.09
cust_109379,18,Edtech,UPI,0.8677,0.1323,0,8.6
cust_109380,41,SaaS,UPI,0.2718,0.7282,3,35.13
cust_109381,181,Financial Services,wallet,0.7136,0.2864,0,0.29
cust_109382,24,Financial Services,netbanking,0.7742,0.2258,0,5.55
cust_109383,87,Gaming,netbanking,0.8556,0.1444,2,3.86
cust_109384,76,Edtech,netbanking,0.9184,0.0816,1,0.67
cust_109385,5,Edtech,UPI,0.7326,0.2674,0,7.69
cust_109386,344,Gaming,card,0.9141,0.0859,0,1.76
cust_109387,228,Gaming,UPI,0.7717,0.2283,0,8.33
cust_109388,14,Edtech,UPI,0.7871,0.2129,0,4.49
cust_109389,135,E-commerce,card,0.7018,0.2982,2,6.93
cust_109390,135,E-commerce,UPI,0.8149,0.1851,1,24.07
cust_109391,411,Edtech,card,0.8022,0.1978,0,8.52
cust_109392,110,SaaS,card,0.9407,0.0593,0,6.28
cust_109393,308,Financial Services,wallet,0.8785,0.1215,0,20.45
cust_109394,19,Financial Services,netbanking,0.7077,0.2923,0,32.1
cust_109395,143,E-commerce,UPI,0.4611,0.5389,0,17.68
cust_109396,138,E-commerce,netbanking,0.7697,0.2303,1,15.2
cust_109397,465,SaaS,card,0.7096,0.2904,0,15.68
cust_109398,47,SaaS,wallet,0.9008,0.0992,0,3.46
cust_109399,33,Edtech,card,0.97,0.03,0,30.7
cust_109400,42,E-commerce,UPI,0.9172,0.0828,0,2.82
cust_109401,66,E-commerce,UPI,0.8322,0.1678,0,0.42
cust_109402,43,Gaming,card,0.7447,0.2553,0,3.44
cust_109403,44,Gaming,card,0.9314,0.0686,0,9.96
cust_109404,547,SaaS,UPI,0.7441,0.2559,0,1.97
cust_109405,72,Edtech,UPI,0.9232,0.0768,0,26.44
cust_109406,2,E-commerce,UPI,0.7317,0.2683,1,0.81
cust_109407,120,Gaming,UPI,0.7841,0.2159,1,7.43
cust_109408,162,Financial Services,UPI,0.1973,0.8027,0,16.93
cust_109409,232,E-commerce,card,0.8418,0.1582,0,12.59
cust_109410,148,Financial Services,wallet,0.2621,0.7379,0,35.01
cust_109411,71,SaaS,netbanking,0.8365,0.1635,0,1.93
cust_109412,228,Edtech,netbanking,0.742,0.258,0,9.08
cust_109413,58,SaaS,UPI,0.1796,0.8204,0,15.56
cust_109414,109,SaaS,UPI,0.5437,0.4563,0,28.32
cust_109415,16,Edtech,card,0.9652,0.0348,1,2.42
cust_109416,103,SaaS,card,0.8484,0.1516,0,8.09
cust_109417,360,Gaming,UPI,0.5324,0.4676,1,4.68
cust_109418,12,SaaS,UPI,0.544,0.456,1,3.22
cust_109419,57,Financial Services,UPI,0.9448,0.0552,1,18.07
cust_109420,106,Edtech,card,0.705,0.295,0,10.65
cust_109421,71,SaaS,wallet,0.8136,0.1864,2,4.59
cust_109422,230,Gaming,card,0.7772,0.2228,1,17.92
cust_109423,104,SaaS,UPI,0.902,0.098,1,10.61
cust_109424,76,SaaS,card,0.9544,0.0456,0,6.18
cust_109425,98,Edtech,UPI,0.852,0.148,1,21.55
cust_109426,62,E-commerce,card,0.8604,0.1396,0,2.23
cust_109427,172,Edtech,UPI,0.8382,0.1618,1,23.16
cust_109428,88,E-commerce,card,0.7605,0.2395,0,4.54
cust_109429,21,Gaming,card,0.7029,0.2971,0,12.37
cust_109430,253,SaaS,UPI,0.942,0.058,0,4.06
cust_109431,226,Edtech,UPI,0.8664,0.1336,0,0.13
cust_109432,34,E-commerce,card,0.3427,0.6573,0,21.8
cust_109433,130,Edtech,UPI,0.8488,0.1512,0,11.53
cust_109434,93,Gaming,UPI,0.8739,0.1261,1,0.82
cust_109435,166,Financial Services,card,0.2825,0.7175,0,23.2
cust_109436,109,SaaS,netbanking,0.839,0.161,1,1.26
cust_109437,231,Financial Services,netbanking,0.7078,0.2922,0,0.64
cust_109438,150,E-commerce,card,0.86,0.14,0,11.03
cust_109439,40,SaaS,UPI,0.3812,0.6188,0,22.35
cust_109440,196,Gaming,UPI,0.7988,0.2012,0,21.54
cust_109441,7,E-commerce,card,0.7418,0.2582,1,2.21
cust_109442,250,Gaming,card,0.7011,0.2989,0,22.15
cust_109443,52,Edtech,UPI,0.9383,0.0617,0,10.83
cust_109444,53,Financial Services,UPI,0.8415,0.1585,0,9.81
cust_109445,237,Gaming,UPI,0.7962,0.2038,0,0.56
cust_109446,270,Edtech,UPI,0.927,0.073,0,24.78
cust_109447,200,SaaS,card,0.7591,0.2409,1,16.72
cust_109448,113,Gaming,card,0.7233,0.2767,0,6.35
cust_109449,43,Gaming,UPI,0.7054,0.2946,0,1.62
cust_109450,3,Financial Services,UPI,0.9622,0.0378,0,5.45
cust_109451,322,Edtech,card,0.731,0.269,0,1.98
cust_109452,116,Edtech,card,0.7837,0.2163,0,2.39
cust_109453,4,Financial Services,UPI,0.8632,0.1368,0,15.51
cust_109454,231,E-commerce,UPI,0.7968,0.2032,2,13.04
cust_109455,289,SaaS,UPI,0.8527,0.1473,0,43.41
cust_109456,81,SaaS,card,0.8829,0.1171,1,7.79
cust_109457,94,Financial Services,UPI,0.766,0.234,0,7.84
cust_109458,16,Financial Services,UPI,0.8291,0.1709,0,12.27
cust_109459,247,E-commerce,card,0.7722,0.2278,0,56.97
cust_109460,3,E-commerce,UPI,0.7553,0.2447,0,4.4
cust_109461,32,Edtech,UPI,0.8743,0.1257,0,7.05
cust_109462,60,Financial Services,card,0.7461,0.2539,0,2.03
cust_109463,200,Financial Services,UPI,0.7309,0.2691,0,1.83
cust_109464,192,Financial Services,card,0.9384,0.0616,0,3.65
cust_109465,75,E-commerce,card,0.9426,0.0574,1,3.24
cust_109466,6,SaaS,UPI,0.8717,0.1283,0,1.75
cust_109467,79,Gaming,card,0.503,0.497,0,11.06
cust_109468,105,Edtech,UPI,0.8812,0.1188,1,4.47
cust_109469,196,Edtech,card,0.3355,0.6645,1,19.77
cust_109470,52,Financial Services,card,0.8754,0.1246,0,17.14
cust_109471,56,SaaS,card,0.7027,0.2973,0,7.33
cust_109472,161,SaaS,card,0.7992,0.2008,0,0.77
cust_109473,221,E-commerce,netbanking,0.7357,0.2643,0,3.7
cust_109474,40,E-commerce,netbanking,0.8945,0.1055,0,1.82
cust_109475,25,E-commerce,card,0.2308,0.7692,1,16.46
cust_109476,106,E-commerce,UPI,0.7618,0.2382,0,21.74
cust_109477,246,Gaming,wallet,0.8667,0.1333,0,3.48
cust_109478,177,SaaS,UPI,0.7752,0.2248,0,2.95
cust_109479,364,SaaS,card,0.8901,0.1099,0,0.97
cust_109480,223,E-commerce,netbanking,0.7304,0.2696,1,6.54
cust_109481,111,SaaS,netbanking,0.7516,0.2484,0,7.25
cust_109482,21,E-commerce,UPI,0.9552,0.0448,0,18.09
cust_109483,36,Edtech,UPI,0.9426,0.0574,0,20.12
cust_109484,171,Financial Services,UPI,0.9206,0.0794,0,8.01
cust_109485,67,SaaS,UPI,0.8461,0.1539,1,36.52
cust_109486,3,E-commerce,UPI,0.9232,0.0768,0,7.12
cust_109487,30,E-commerce,card,0.871,0.129,0,0.39
cust_109488,253,Edtech,netbanking,0.7857,0.2143,0,16.43
cust_109489,16,E-commerce,UPI,0.8785,0.1215,0,32.38
cust_109490,87,Edtech,UPI,0.8916,0.1084,0,0.08
cust_109491,33,Financial Services,UPI,0.9232,0.0768,0,0.33
cust_109492,15,SaaS,card,0.7698,0.2302,1,13.15
cust_109493,22,Gaming,UPI,0.1844,0.8156,1,20.66
cust_109494,354,Financial Services,UPI,0.7458,0.2542,0,27.8
cust_109495,2,Edtech,card,0.9182,0.0818,0,6.36
cust_109496,96,Financial Services,UPI,0.712,0.288,2,16.11
cust_109497,17,E-commerce,UPI,0.3814,0.6186,1,16.66
cust_109498,102,Gaming,UPI,0.5857,0.4143,0,9.8
cust_109499,245,SaaS,UPI,0.9359,0.0641,0,1.01
cust_109500,13,Financial Services,netbanking,0.5204,0.4796,2,18.84
cust_109501,8,Edtech,UPI,0.8265,0.1735,0,17.87
cust_109502,77,Financial Services,card,0.9065,0.0935,0,10.45
cust_109503,263,Edtech,UPI,0.8844,0.1156,0,4.03
cust_109504,189,SaaS,UPI,0.7796,0.2204,0,5.45
cust_109505,12,E-commerce,netbanking,0.4096,0.5904,1,17.5
cust_109506,132,Gaming,UPI,0.4527,0.5473,0,15.39
cust_109507,265,SaaS,card,0.824,0.176,1,13.99
cust_109508,105,Edtech,UPI,0.7749,0.2251,3,13.76
cust_109509,127,Gaming,netbanking,0.755,0.245,0,2.01
cust_109510,176,E-commerce,netbanking,0.8121,0.1879,0,15.28
cust_109511,39,SaaS,netbanking,0.939,0.061,1,15.14
cust_109512,202,Gaming,netbanking,0.9215,0.0785,1,1.31
cust_109513,210,Edtech,netbanking,0.8313,0.1687,0,0.09
cust_109514,47,E-commerce,UPI,0.7555,0.2445,1,2.39
cust_109515,270,Gaming,UPI,0.2107,0.7893,1,25.87
cust_109516,10,SaaS,UPI,0.7651,0.2349,0,19.46
cust_109517,100,Edtech,UPI,0.9515,0.0485,1,27.24
cust_109518,29,E-commerce,UPI,0.5929,0.4071,0,8.25
cust_109519,83,Financial Services,UPI,0.9366,0.0634,0,21.11
cust_109520,195,E-commerce,card,0.8332,0.1668,0,11.87
cust_109521,19,Edtech,netbanking,0.385,0.615,0,25.69
cust_109522,112,Edtech,card,0.9293,0.0707,1,13.82
cust_109523,110,E-commerce,UPI,0.2151,0.7849,0,33.2
cust_109524,46,SaaS,UPI,0.7203,0.2797,0,9.62
cust_109525,259,SaaS,UPI,0.5107,0.4893,0,5.52
cust_109526,43,Edtech,netbanking,0.1142,0.8858,0,16.3
cust_109527,159,SaaS,UPI,0.7998,0.2002,1,2.94
cust_109528,26,Gaming,UPI,0.7152,0.2848,0,3.11
cust_109529,244,Gaming,card,0.7747,0.2253,0,20.72
cust_109530,10,SaaS,card,0.7426,0.2574,0,0.64
cust_109531,172,Edtech,UPI,0.8101,0.1899,0,5.54
cust_109532,9,SaaS,card,0.4103,0.5897,1,19.71
cust_109533,98,Edtech,card,0.9396,0.0604,0,11.81
cust_109534,409,E-commerce,UPI,0.843,0.157,0,12.01
cust_109535,108,SaaS,UPI,0.9158,0.0842,0,10.5
cust_109536,106,SaaS,UPI,0.9365,0.0635,0,21.57
cust_109537,244,Edtech,card,0.7978,0.2022,1,6.15
cust_109538,15,E-commerce,netbanking,0.7868,0.2132,0,14.56
cust_109539,203,Edtech,netbanking,0.9727,0.0273,1,9.12
cust_109540,47,Gaming,UPI,0.8317,0.1683,0,2.01
cust_109541,327,Edtech,UPI,0.9403,0.0597,1,37.01
cust_109542,55,Edtech,UPI,0.9658,0.0342,0,16.95
cust_109543,30,Financial Services,netbanking,0.7646,0.2354,0,2.49
cust_109544,9,Gaming,card,0.7368,0.2632,0,21.99
cust_109545,17,Edtech,card,0.7049,0.2951,1,3.8
cust_109546,251,Financial Services,card,0.3053,0.6947,0,24.25
cust_109547,101,SaaS,netbanking,0.9443,0.0557,1,3.05
cust_109548,479,Edtech,UPI,0.9005,0.0995,1,0.51
cust_109549,50,E-commerce,UPI,0.7026,0.2974,1,3.72
cust_109550,304,SaaS,UPI,0.9631,0.0369,0,7.02
cust_109551,8,Edtech,UPI,0.1769,0.8231,0,16.44
cust_109552,79,Edtech,card,0.8847,0.1153,1,4.77
cust_109553,17,Gaming,UPI,0.8869,0.1131,0,25.79
cust_109554,28,Financial Services,UPI,0.829,0.171,1,33.69
cust_109555,26,SaaS,UPI,0.892,0.108,0,1.62
cust_109556,96,Financial Services,netbanking,0.5666,0.4334,1,1.23
cust_109557,291,SaaS,UPI,0.866,0.134,3,5.35
cust_109558,171,SaaS,UPI,0.5582,0.4418,0,2.76
cust_109559,61,Financial Services,UPI,0.9379,0.0621,0,6.94
cust_109560,370,E-commerce,card,0.836,0.164,0,2.78
cust_109561,27,Gaming,card,0.856,0.144,1,8.0
cust_109562,148,Gaming,UPI,0.7107,0.2893,0,13.08
cust_109563,139,Financial Services,UPI,0.808,0.192,0,11.39
cust_109564,38,E-commerce,netbanking,0.7319,0.2681,0,2.11
cust_109565,40,Gaming,netbanking,0.85,0.15,2,17.29
cust_109566,231,Edtech,UPI,0.5087,0.4913,4,28.8
cust_109567,66,Edtech,card,0.9607,0.0393,0,13.2
cust_109568,185,SaaS,card,0.8758,0.1242,1,7.87
cust_109569,2,Gaming,UPI,0.9781,0.0219,0,8.26
cust_109570,27,Gaming,UPI,0.7449,0.2551,0,12.6
cust_109571,113,Financial Services,UPI,0.7096,0.2904,1,11.14
cust_109572,16,Financial Services,wallet,0.9001,0.0999,0,13.54
cust_109573,94,E-commerce,UPI,0.9027,0.0973,0,4.5
cust_109574,195,Gaming,UPI,0.4344,0.5656,1,18.09
cust_109575,10,Edtech,netbanking,0.877,0.123,0,1.18
cust_109576,138,Financial Services,UPI,0.8176,0.1824,0,0.52
cust_109577,596,SaaS,UPI,0.7625,0.2375,1,4.27
cust_109578,296,SaaS,UPI,0.7621,0.2379,0,0.81
cust_109579,374,Financial Services,UPI,0.9666,0.0334,1,0.63
cust_109580,1,Gaming,netbanking,0.8635,0.1365,1,5.77
cust_109581,33,Gaming,card,0.8796,0.1204,0,12.96
cust_109582,55,Edtech,wallet,0.8701,0.1299,0,0.83
cust_109583,299,E-commerce,card,0.9497,0.0503,0,14.35
cust_109584,73,Edtech,UPI,0.7738,0.2262,0,2.79
cust_109585,15,SaaS,UPI,0.8061,0.1939,0,0.51
cust_109586,258,Gaming,card,0.8258,0.1742,0,11.62
cust_109587,196,SaaS,card,0.7945,0.2055,0,1.17
cust_109588,236,Financial Services,UPI,0.7235,0.2765,0,10.3
cust_109589,20,Edtech,wallet,0.7127,0.2873,1,17.95
cust_109590,77,Gaming,card,0.9299,0.0701,0,0.29
cust_109591,357,E-commerce,netbanking,0.7697,0.2303,2,2.32
cust_109592,24,SaaS,UPI,0.9565,0.0435,0,8.0
cust_109593,139,Financial Services,UPI,0.961,0.039,0,4.17
cust_109594,144,SaaS,wallet,0.7377,0.2623,1,6.49
cust_109595,177,Gaming,card,0.7969,0.2031,1,3.44
cust_109596,30,Edtech,card,0.7599,0.2401,0,1.49
cust_109597,41,Financial Services,card,0.835,0.165,1,1.71
cust_109598,83,E-commerce,UPI,0.2,0.8,0,21.29
cust_109599,141,Financial Services,netbanking,0.856,0.144,0,17.21
cust_109600,358,SaaS,UPI,0.745,0.255,0,17.25
cust_109601,145,Financial Services,UPI,0.2416,0.7584,0,23.63
cust_109602,23,Financial Services,card,0.7035,0.2965,1,8.38
cust_109603,103,SaaS,card,0.4324,0.5676,0,29.21
cust_109604,131,E-commerce,netbanking,0.9675,0.0325,1,1.75
cust_109605,302,Edtech,UPI,0.7067,0.2933,1,1.58
cust_109606,260,SaaS,card,0.7828,0.2172,1,21.14
cust_109607,109,SaaS,UPI,0.9084,0.0916,1,1.43
cust_109608,88,SaaS,card,0.8641,0.1359,1,15.81
cust_109609,194,Gaming,UPI,0.859,0.141,0,8.71
cust_109610,187,Financial Services,card,0.8283,0.1717,1,10.59
cust_109611,4,Gaming,UPI,0.7378,0.2622,1,7.81
cust_109612,108,Financial Services,card,0.2073,0.7927,0,26.02
cust_109613,79,E-commerce,card,0.9161,0.0839,0,14.4
cust_109614,47,E-commerce,UPI,0.9163,0.0837,0,14.37
cust_109615,68,SaaS,UPI,0.3901,0.6099,1,16.16
cust_109616,134,Edtech,card,0.7441,0.2559,0,10.4
cust_109617,23,Edtech,UPI,0.7633,0.2367,0,4.9
cust_109618,100,SaaS,UPI,0.9726,0.0274,0,6.97
cust_109619,46,Edtech,UPI,0.5958,0.4042,0,2.24
cust_109620,148,Gaming,netbanking,0.8156,0.1844,1,3.68
cust_109621,149,Edtech,card,0.8085,0.1915,0,23.82
cust_109622,10,Gaming,card,0.8941,0.1059,0,18.14
cust_109623,294,Edtech,netbanking,0.4028,0.5972,0,26.36
cust_109624,12,Financial Services,UPI,0.7943,0.2057,1,0.72
cust_109625,27,Financial Services,UPI,0.8769,0.1231,0,4.98
cust_109626,49,SaaS,UPI,0.1637,0.8363,0,36.43
cust_109627,142,SaaS,card,0.5483,0.4517,0,5.05
cust_109628,209,Edtech,netbanking,0.2911,0.7089,0,15.83
cust_109629,135,Financial Services,UPI,0.9374,0.0626,1,4.59
cust_109630,65,SaaS,card,0.7221,0.2779,0,21.49
cust_109631,1,Edtech,wallet,0.9062,0.0938,0,13.55
cust_109632,5,Edtech,UPI,0.3583,0.6417,0,15.73
cust_109633,71,E-commerce,UPI,0.8419,0.1581,0,7.02
cust_109634,185,SaaS,UPI,0.8156,0.1844,0,5.14
cust_109635,263,Financial Services,netbanking,0.3711,0.6289,0,36.96
cust_109636,197,SaaS,UPI,0.7609,0.2391,0,3.58
cust_109637,31,E-commerce,card,0.8549,0.1451,0,9.12
cust_109638,26,Edtech,card,0.872,0.128,0,6.4
cust_109639,696,Gaming,UPI,0.9239,0.0761,0,11.28
cust_109640,255,Financial Services,UPI,0.1703,0.8297,2,18.38
cust_109641,136,Financial Services,UPI,0.9322,0.0678,0,22.72
cust_109642,108,Edtech,UPI,0.7435,0.2565,0,9.87
cust_109643,79,E-commerce,card,0.9736,0.0264,1,43.39
cust_109644,296,Gaming,UPI,0.3683,0.6317,0,18.57
cust_109645,25,Financial Services,UPI,0.7197,0.2803,0,0.53
cust_109646,17,Financial Services,UPI,0.7215,0.2785,0,6.57
cust_109647,49,Edtech,netbanking,0.5715,0.4285,0,26.04
cust_109648,11,SaaS,card,0.7088,0.2912,0,17.53
cust_109649,8,E-commerce,wallet,0.8066,0.1934,0,2.76
cust_109650,75,Gaming,card,0.9576,0.0424,1,14.16
cust_109651,156,SaaS,card,0.7696,0.2304,1,5.83
cust_109652,185,Gaming,UPI,0.8073,0.1927,2,1.39
cust_109653,34,SaaS,UPI,0.9606,0.0394,1,4.57
cust_109654,39,SaaS,UPI,0.859,0.141,0,1.03
cust_109655,61,SaaS,wallet,0.9281,0.0719,1,6.04
cust_109656,201,Gaming,netbanking,0.2577,0.7423,1,36.17
cust_109657,31,Financial Services,UPI,0.8894,0.1106,0,11.24
cust_109658,110,E-commerce,UPI,0.9034,0.0966,1,0.02
cust_109659,65,Financial Services,card,0.8873,0.1127,0,1.64
cust_109660,606,E-commerce,netbanking,0.9713,0.0287,0,8.68
cust_109661,58,E-commerce,card,0.7787,0.2213,0,0.49
cust_109662,46,E-commerce,UPI,0.8444,0.1556,0,23.79
cust_109663,650,SaaS,netbanking,0.9798,0.0202,1,13.07
cust_109664,39,Gaming,netbanking,0.7874,0.2126,1,6.41
cust_109665,37,Edtech,UPI,0.8953,0.1047,2,3.22
cust_109666,14,E-commerce,wallet,0.8781,0.1219,1,11.81
cust_109667,166,Financial Services,UPI,0.8872,0.1128,1,0.97
cust_109668,61,Edtech,card,0.7108,0.2892,0,12.01
cust_109669,257,Edtech,card,0.8603,0.1397,0,7.18
cust_109670,36,Edtech,UPI,0.9259,0.0741,0,27.18
cust_109671,286,Financial Services,UPI,0.7829,0.2171,1,36.97
cust_109672,75,Gaming,card,0.7596,0.2404,0,0.72
cust_109673,6,SaaS,UPI,0.7735,0.2265,0,3.0
cust_109674,157,Edtech,card,0.8091,0.1909,1,27.88
cust_109675,114,Edtech,UPI,0.965,0.035,0,12.13
cust_109676,23,E-commerce,card,0.8852,0.1148,2,11.54
cust_109677,150,Financial Services,netbanking,0.9214,0.0786,2,1.18
cust_109678,213,Financial Services,UPI,0.7076,0.2924,0,5.2
cust_109679,51,E-commerce,UPI,0.9625,0.0375,1,7.41
cust_109680,132,Edtech,wallet,0.8757,0.1243,0,8.01
cust_109681,92,Gaming,netbanking,0.8471,0.1529,0,42.87
cust_109682,44,SaaS,UPI,0.7643,0.2357,0,5.56
cust_109683,126,Gaming,card,0.2144,0.7856,0,23.26
cust_109684,220,Gaming,netbanking,0.752,0.248,2,0.08
cust_109685,42,Financial Services,UPI,0.7198,0.2802,0,23.53
cust_109686,219,Financial Services,UPI,0.1839,0.8161,0,25.76
cust_109687,526,Financial Services,UPI,0.9633,0.0367,0,44.32
cust_109688,454,Gaming,UPI,0.3445,0.6555,0,23.84
cust_109689,243,Financial Services,UPI,0.8919,0.1081,1,9.42
cust_109690,154,SaaS,UPI,0.5982,0.4018,0,6.35
cust_109691,217,Gaming,UPI,0.793,0.207,0,11.31
cust_109692,98,Financial Services,netbanking,0.7464,0.2536,0,10.07
cust_109693,110,E-commerce,card,0.8088,0.1912,0,22.47
cust_109694,6,Edtech,card,0.2404,0.7596,0,17.33
cust_109695,5,Edtech,UPI,0.812,0.188,0,21.38
cust_109696,233,Gaming,UPI,0.8572,0.1428,0,22.01
cust_109697,33,Gaming,wallet,0.8655,0.1345,0,13.44
cust_109698,65,Gaming,UPI,0.7194,0.2806,0,11.24
cust_109699,50,SaaS,card,0.769,0.231,0,5.95
cust_109700,87,SaaS,UPI,0.1268,0.8732,0,21.19
cust_109701,142,Financial Services,wallet,0.7011,0.2989,1,3.18
cust_109702,10,SaaS,UPI,0.9659,0.0341,0,2.23
cust_109703,29,E-commerce,UPI,0.7877,0.2123,0,1.34
cust_109704,40,Edtech,card,0.9265,0.0735,0,1.89
cust_109705,9,SaaS,UPI,0.7289,0.2711,1,7.82
cust_109706,127,SaaS,card,0.8606,0.1394,2,4.48
cust_109707,134,Financial Services,wallet,0.978,0.022,1,3.27
cust_109708,174,Edtech,UPI,0.7477,0.2523,0,9.39
cust_109709,14,SaaS,netbanking,0.7822,0.2178,1,9.86
cust_109710,130,Edtech,UPI,0.8657,0.1343,0,0.21
cust_109711,293,Financial Services,UPI,0.7651,0.2349,0,6.27
cust_109712,10,Gaming,UPI,0.8581,0.1419,0,7.11
cust_109713,105,Financial Services,card,0.9592,0.0408,0,5.67
cust_109714,124,Edtech,UPI,0.7641,0.2359,0,5.0
cust_109715,48,SaaS,UPI,0.8903,0.1097,0,7.05
cust_109716,93,E-commerce,UPI,0.8009,0.1991,1,21.98
cust_109717,102,SaaS,UPI,0.912,0.088,2,2.78
cust_109718,31,Edtech,netbanking,0.9232,0.0768,0,10.16
cust_109719,123,Gaming,UPI,0.8754,0.1246,1,4.31
cust_109720,80,Edtech,netbanking,0.8081,0.1919,0,9.63
cust_109721,64,SaaS,UPI,0.8718,0.1282,1,4.1
cust_109722,151,Financial Services,card,0.9784,0.0216,0,20.95
cust_109723,9,E-commerce,card,0.9433,0.0567,0,3.83
cust_109724,211,Financial Services,card,0.7433,0.2567,1,28.54
cust_109725,51,Gaming,card,0.9024,0.0976,1,1.15
cust_109726,618,E-commerce,wallet,0.9273,0.0727,1,7.05
cust_109727,36,Edtech,UPI,0.8053,0.1947,0,0.37
cust_109728,73,Edtech,UPI,0.7682,0.2318,0,7.27
cust_109729,238,Gaming,UPI,0.8342,0.1658,0,8.47
cust_109730,28,Financial Services,UPI,0.8859,0.1141,1,23.71
cust_109731,115,Edtech,UPI,0.9775,0.0225,0,14.47
cust_109732,124,E-commerce,netbanking,0.7562,0.2438,1,1.19
cust_109733,126,SaaS,UPI,0.8348,0.1652,0,15.71
cust_109734,104,Gaming,UPI,0.9624,0.0376,0,1.55
cust_109735,155,Financial Services,card,0.2819,0.7181,0,18.27
cust_109736,192,SaaS,card,0.7641,0.2359,0,25.09
cust_109737,176,Edtech,card,0.7351,0.2649,0,32.16
cust_109738,180,SaaS,card,0.7949,0.2051,0,3.3
cust_109739,27,Financial Services,UPI,0.8645,0.1355,0,13.46
cust_109740,19,Gaming,card,0.9455,0.0545,0,4.85
cust_109741,43,Edtech,card,0.8122,0.1878,0,5.61
cust_109742,162,Gaming,card,0.8669,0.1331,1,16.88
cust_109743,28,SaaS,wallet,0.248,0.752,0,27.67
cust_109744,136,Edtech,card,0.7014,0.2986,1,5.48
cust_109745,17,E-commerce,UPI,0.7665,0.2335,1,22.06
cust_109746,121,E-commerce,UPI,0.9352,0.0648,0,1.35
cust_109747,306,SaaS,card,0.976,0.024,0,0.74
cust_109748,48,Financial Services,UPI,0.8633,0.1367,1,6.89
cust_109749,261,E-commerce,UPI,0.7353,0.2647,0,12.4
cust_109750,9,SaaS,UPI,0.8739,0.1261,0,4.57
cust_109751,79,E-commerce,card,0.715,0.285,0,1.12
cust_109752,19,SaaS,card,0.9195,0.0805,0,22.06
cust_109753,216,SaaS,UPI,0.91,0.09,1,1.73
cust_109754,115,SaaS,card,0.8188,0.1812,0,3.78
cust_109755,1,Financial Services,UPI,0.3927,0.6073,0,24.95
cust_109756,27,E-commerce,UPI,0.9206,0.0794,0,17.47
cust_109757,62,Gaming,UPI,0.7229,0.2771,0,13.93
cust_109758,79,SaaS,UPI,0.7003,0.2997,0,2.08
cust_109759,86,Gaming,UPI,0.8834,0.1166,0,9.34
cust_109760,53,E-commerce,card,0.7848,0.2152,0,38.76
cust_109761,404,Financial Services,card,0.8749,0.1251,1,13.9
cust_109762,47,Gaming,card,0.8339,0.1661,0,3.42
cust_109763,383,E-commerce,UPI,0.7611,0.2389,1,3.62
cust_109764,74,SaaS,UPI,0.7735,0.2265,2,18.93
cust_109765,11,SaaS,UPI,0.9489,0.0511,0,8.32
cust_109766,25,Financial Services,card,0.7686,0.2314,0,1.42
cust_109767,17,Financial Services,UPI,0.9628,0.0372,1,2.55
cust_109768,181,Edtech,UPI,0.7197,0.2803,0,13.66
cust_109769,103,E-commerce,card,0.1359,0.8641,0,17.0
cust_109770,105,Gaming,UPI,0.9461,0.0539,1,5.39
cust_109771,36,SaaS,netbanking,0.9102,0.0898,0,5.98
cust_109772,106,Gaming,UPI,0.8113,0.1887,0,4.43
cust_109773,64,Edtech,UPI,0.2922,0.7078,0,15.38
cust_109774,23,E-commerce,UPI,0.7436,0.2564,1,31.77
cust_109775,50,Financial Services,UPI,0.7326,0.2674,1,7.51
cust_109776,103,Financial Services,card,0.8186,0.1814,1,31.54
cust_109777,355,E-commerce,UPI,0.8752,0.1248,0,0.11
cust_109778,16,Gaming,UPI,0.5238,0.4762,0,0.54
cust_109779,118,Financial Services,UPI,0.9342,0.0658,0,1.09
cust_109780,212,E-commerce,card,0.8617,0.1383,0,24.15
cust_109781,25,SaaS,netbanking,0.9056,0.0944,0,4.0
cust_109782,11,E-commerce,UPI,0.7392,0.2608,1,2.71
cust_109783,83,Gaming,UPI,0.5434,0.4566,0,23.83
cust_109784,74,Financial Services,UPI,0.9552,0.0448,1,4.1
cust_109785,39,E-commerce,card,0.8687,0.1313,0,0.16
cust_109786,128,Financial Services,card,0.8694,0.1306,0,20.39
cust_109787,39,Gaming,UPI,0.9368,0.0632,1,0.96
cust_109788,13,E-commerce,card,0.7876,0.2124,0,3.42
cust_109789,17,Gaming,card,0.772,0.228,0,2.3
cust_109790,167,Edtech,card,0.778,0.222,0,3.23
cust_109791,106,E-commerce,netbanking,0.9092,0.0908,0,3.11
cust_109792,41,Financial Services,card,0.9043,0.0957,0,2.31
cust_109793,30,Financial Services,netbanking,0.9442,0.0558,2,5.14
cust_109794,16,SaaS,card,0.4916,0.5084,0,20.54
cust_109795,67,E-commerce,netbanking,0.8193,0.1807,0,2.15
cust_109796,113,SaaS,netbanking,0.8455,0.1545,1,0.35
cust_109797,55,Edtech,netbanking,0.8341,0.1659,0,12.97
cust_109798,38,Edtech,UPI,0.7974,0.2026,0,18.02
cust_109799,556,SaaS,netbanking,0.9548,0.0452,0,9.38
cust_109800,209,E-commerce,UPI,0.8486,0.1514,1,30.38
cust_109801,174,Gaming,UPI,0.5611,0.4389,0,4.36
cust_109802,37,Gaming,UPI,0.176,0.824,0,20.74
cust_109803,7,Edtech,wallet,0.967,0.033,0,19.04
cust_109804,10,Financial Services,netbanking,0.8155,0.1845,0,11.38
cust_109805,131,Financial Services,netbanking,0.7063,0.2937,0,1.15
cust_109806,240,E-commerce,UPI,0.8424,0.1576,0,6.66
cust_109807,19,SaaS,UPI,0.7019,0.2981,0,3.25
cust_109808,72,Gaming,UPI,0.8842,0.1158,2,17.33
cust_109809,323,Gaming,card,0.8371,0.1629,1,17.74
cust_109810,135,E-commerce,UPI,0.9716,0.0284,1,2.09
cust_109811,23,Gaming,card,0.9326,0.0674,1,6.96
cust_109812,24,Financial Services,UPI,0.7884,0.2116,2,59.36
cust_109813,269,Edtech,UPI,0.5808,0.4192,0,1.41
cust_109814,76,E-commerce,card,0.8264,0.1736,0,21.24
cust_109815,102,SaaS,card,0.3397,0.6603,0,15.99
cust_109816,117,E-commerce,netbanking,0.9697,0.0303,1,2.24
cust_109817,27,Financial Services,netbanking,0.4552,0.5448,0,26.59
cust_109818,92,Financial Services,UPI,0.2776,0.7224,0,44.04
cust_109819,238,Financial Services,netbanking,0.7291,0.2709,0,1.13
cust_109820,737,E-commerce,UPI,0.8556,0.1444,0,3.07
cust_109821,86,E-commerce,UPI,0.7086,0.2914,2,0.73
cust_109822,131,SaaS,UPI,0.8012,0.1988,1,1.27
cust_109823,145,E-commerce,card,0.5739,0.4261,0,3.25
cust_109824,45,E-commerce,UPI,0.7465,0.2535,0,19.01
cust_109825,9,Edtech,UPI,0.8564,0.1436,1,21.04
cust_109826,148,Gaming,UPI,0.9692,0.0308,1,10.56
cust_109827,257,E-commerce,netbanking,0.711,0.289,0,2.71
cust_109828,36,Financial Services,card,0.8461,0.1539,1,0.15
cust_109829,208,E-commerce,UPI,0.4183,0.5817,0,17.09
cust_109830,52,E-commerce,wallet,0.9748,0.0252,1,33.16
cust_109831,43,Edtech,netbanking,0.7418,0.2582,0,17.52
cust_109832,53,SaaS,UPI,0.7018,0.2982,1,48.08
cust_109833,14,Gaming,UPI,0.7063,0.2937,1,5.48
cust_109834,11,Edtech,card,0.335,0.665,0,21.61
cust_109835,120,SaaS,card,0.9006,0.0994,1,4.15
cust_109836,48,Financial Services,UPI,0.8204,0.1796,0,4.72
cust_109837,222,E-commerce,netbanking,0.7913,0.2087,0,8.74
cust_109838,67,E-commerce,card,0.9046,0.0954,1,0.36
cust_109839,158,Edtech,card,0.8916,0.1084,0,1.63
cust_109840,187,SaaS,card,0.2817,0.7183,1,15.31
cust_109841,22,SaaS,UPI,0.1574,0.8426,0,34.5
cust_109842,152,Edtech,wallet,0.9152,0.0848,0,1.4
cust_109843,11,E-commerce,card,0.5386,0.4614,0,11.51
cust_109844,18,E-commerce,UPI,0.7036,0.2964,0,4.71
cust_109845,213,Financial Services,netbanking,0.3259,0.6741,0,31.73
cust_109846,100,E-commerce,card,0.7107,0.2893,0,13.46
cust_109847,8,Gaming,UPI,0.8975,0.1025,0,7.57
cust_109848,125,E-commerce,netbanking,0.8912,0.1088,2,3.54
cust_109849,96,Edtech,UPI,0.8279,0.1721,0,8.49
cust_109850,146,E-commerce,UPI,0.9746,0.0254,1,0.27
cust_109851,88,Gaming,card,0.5784,0.4216,0,7.24
cust_109852,92,SaaS,UPI,0.7313,0.2687,1,15.82
cust_109853,45,Financial Services,UPI,0.7619,0.2381,2,1.75
cust_109854,6,Financial Services,card,0.9197,0.0803,0,23.98
cust_109855,52,Gaming,UPI,0.8563,0.1437,0,15.92
cust_109856,38,Edtech,netbanking,0.2032,0.7968,0,33.39
cust_109857,90,SaaS,card,0.778,0.222,0,16.06
cust_109858,90,Edtech,UPI,0.1094,0.8906,0,28.53
cust_109859,17,SaaS,UPI,0.7739,0.2261,0,0.07
cust_109860,131,Financial Services,UPI,0.4429,0.5571,0,18.86
cust_109861,83,Edtech,card,0.9056,0.0944,0,6.83
cust_109862,67,Gaming,netbanking,0.2646,0.7354,0,35.25
cust_109863,34,SaaS,card,0.7838,0.2162,0,3.49
cust_109864,115,Gaming,card,0.9324,0.0676,0,6.28
cust_109865,8,E-commerce,netbanking,0.8642,0.1358,1,14.48
cust_109866,46,Edtech,card,0.2793,0.7207,0,21.18
cust_109867,7,Edtech,wallet,0.8832,0.1168,1,3.64
cust_109868,42,Financial Services,card,0.9739,0.0261,2,9.35
cust_109869,155,Financial Services,UPI,0.4594,0.5406,0,17.08
cust_109870,145,E-commerce,netbanking,0.5182,0.4818,1,4.26
cust_109871,130,Edtech,netbanking,0.8955,0.1045,0,5.33
cust_109872,303,E-commerce,netbanking,0.4966,0.5034,2,34.64
cust_109873,102,Gaming,UPI,0.7908,0.2092,0,6.36
cust_109874,39,Gaming,wallet,0.8277,0.1723,0,29.17
cust_109875,21,Financial Services,UPI,0.7658,0.2342,0,13.13
cust_109876,30,Edtech,wallet,0.9673,0.0327,1,1.13
cust_109877,78,Edtech,netbanking,0.8133,0.1867,0,1.57
cust_109878,80,Edtech,netbanking,0.8894,0.1106,0,5.19
cust_109879,127,Gaming,netbanking,0.916,0.084,0,1.67
cust_109880,18,SaaS,UPI,0.2648,0.7352,0,17.6
cust_109881,96,E-commerce,UPI,0.7894,0.2106,0,28.45
cust_109882,21,Financial Services,UPI,0.8296,0.1704,0,7.97
cust_109883,160,Gaming,netbanking,0.7496,0.2504,0,19.3
cust_109884,185,SaaS,UPI,0.9753,0.0247,0,11.14
cust_109885,442,Edtech,UPI,0.7052,0.2948,0,20.34
cust_109886,27,E-commerce,card,0.5542,0.4458,0,0.19
cust_109887,73,Edtech,card,0.8494,0.1506,0,14.43
cust_109888,17,Gaming,card,0.4796,0.5204,0,28.95
cust_109889,196,Financial Services,UPI,0.3718,0.6282,0,37.32
cust_109890,65,SaaS,UPI,0.9379,0.0621,0,52.77
cust_109891,308,Edtech,UPI,0.7367,0.2633,0,20.58
cust_109892,68,Gaming,UPI,0.7617,0.2383,0,0.29
cust_109893,188,Edtech,UPI,0.9151,0.0849,0,2.95
cust_109894,184,Edtech,card,0.7507,0.2493,0,23.5
cust_109895,15,Edtech,card,0.7987,0.2013,0,2.63
cust_109896,18,Financial Services,UPI,0.8246,0.1754,2,0.95
cust_109897,372,Gaming,UPI,0.9387,0.0613,0,16.25
cust_109898,18,SaaS,card,0.9199,0.0801,0,1.07
cust_109899,155,Gaming,UPI,0.7626,0.2374,0,2.85
cust_109900,66,Edtech,UPI,0.831,0.169,1,18.2
cust_109901,131,E-commerce,UPI,0.77,0.23,1,3.07
cust_109902,18,SaaS,UPI,0.2945,0.7055,1,32.78
cust_109903,127,Gaming,UPI,0.9498,0.0502,3,2.49
cust_109904,60,Edtech,card,0.8597,0.1403,0,12.32
cust_109905,191,SaaS,UPI,0.7305,0.2695,0,31.64
cust_109906,35,Edtech,UPI,0.97,0.03,0,4.04
cust_109907,56,E-commerce,UPI,0.2026,0.7974,0,23.57
cust_109908,44,Financial Services,UPI,0.8666,0.1334,1,1.88
cust_109909,241,Financial Services,UPI,0.5577,0.4423,0,22.5
cust_109910,24,E-commerce,netbanking,0.8211,0.1789,1,0.35
cust_109911,11,SaaS,UPI,0.3538,0.6462,1,15.33
cust_109912,98,Gaming,UPI,0.8643,0.1357,0,1.75
cust_109913,173,E-commerce,UPI,0.5942,0.4058,0,0.91
cust_109914,97,Financial Services,UPI,0.9527,0.0473,0,6.18
cust_109915,102,SaaS,UPI,0.9045,0.0955,1,13.84
cust_109916,104,Gaming,netbanking,0.8789,0.1211,0,2.05
cust_109917,208,Gaming,card,0.9368,0.0632,1,8.95
cust_109918,82,E-commerce,card,0.8774,0.1226,1,11.58
cust_109919,52,Edtech,UPI,0.9618,0.0382,0,0.39
cust_109920,41,E-commerce,UPI,0.8895,0.1105,0,6.18
cust_109921,174,Gaming,card,0.8895,0.1105,0,2.63
cust_109922,230,E-commerce,UPI,0.9055,0.0945,1,2.06
cust_109923,53,Gaming,UPI,0.8434,0.1566,0,4.08
cust_109924,98,Gaming,UPI,0.8529,0.1471,1,8.49
cust_109925,43,Edtech,UPI,0.9714,0.0286,0,13.16
cust_109926,119,Financial Services,UPI,0.768,0.232,0,2.32
cust_109927,203,Gaming,UPI,0.102,0.898,3,17.63
cust_109928,36,E-commerce,wallet,0.7797,0.2203,0,12.26
cust_109929,384,Gaming,netbanking,0.9379,0.0621,0,1.85
cust_109930,24,Edtech,UPI,0.7875,0.2125,2,3.39
cust_109931,107,Edtech,UPI,0.7867,0.2133,0,4.61
cust_109932,372,SaaS,wallet,0.7121,0.2879,0,10.09
cust_109933,31,Financial Services,card,0.9319,0.0681,0,2.49
cust_109934,1,Financial Services,UPI,0.4201,0.5799,2,28.66
cust_109935,37,Edtech,card,0.765,0.235,1,0.93
cust_109936,163,Financial Services,UPI,0.9782,0.0218,0,6.5
cust_109937,10,SaaS,card,0.7087,0.2913,0,2.97
cust_109938,401,Edtech,netbanking,0.8623,0.1377,0,13.8
cust_109939,53,Gaming,card,0.8711,0.1289,1,10.84
cust_109940,239,Edtech,UPI,0.8783,0.1217,0,0.28
cust_109941,14,Gaming,UPI,0.8294,0.1706,0,3.56
cust_109942,15,Gaming,card,0.8602,0.1398,2,14.7
cust_109943,332,Financial Services,netbanking,0.9394,0.0606,2,0.87
cust_109944,81,Financial Services,UPI,0.7624,0.2376,1,31.78
cust_109945,179,Financial Services,UPI,0.8865,0.1135,0,2.71
cust_109946,135,Gaming,netbanking,0.3385,0.6615,1,16.7
cust_109947,6,Edtech,UPI,0.7611,0.2389,1,7.94
cust_109948,71,Edtech,UPI,0.8369,0.1631,0,6.98
cust_109949,49,E-commerce,card,0.3214,0.6786,0,25.31
cust_109950,379,SaaS,card,0.9353,0.0647,0,13.77
cust_109951,199,Financial Services,UPI,0.7263,0.2737,1,17.07
cust_109952,43,E-commerce,netbanking,0.7072,0.2928,0,4.36
cust_109953,66,SaaS,UPI,0.8497,0.1503,0,0.71
cust_109954,47,Financial Services,UPI,0.7416,0.2584,0,0.14
cust_109955,104,E-commerce,UPI,0.8403,0.1597,0,1.29
cust_109956,89,Edtech,UPI,0.5521,0.4479,0,6.01
cust_109957,23,Financial Services,UPI,0.8691,0.1309,0,19.7
cust_109958,191,E-commerce,wallet,0.7932,0.2068,0,8.57
cust_109959,352,SaaS,UPI,0.7628,0.2372,0,4.77
cust_109960,95,E-commerce,UPI,0.8913,0.1087,2,16.15
cust_109961,34,Financial Services,UPI,0.7444,0.2556,1,6.22
cust_109962,1,E-commerce,card,0.8879,0.1121,0,24.71
cust_109963,153,Edtech,UPI,0.7797,0.2203,0,26.82
cust_109964,156,Financial Services,card,0.8664,0.1336,0,5.08
cust_109965,106,SaaS,card,0.9712,0.0288,0,35.01
cust_109966,33,E-commerce,UPI,0.8364,0.1636,0,7.99
cust_109967,58,Edtech,UPI,0.8715,0.1285,1,5.35
cust_109968,75,SaaS,UPI,0.8989,0.1011,0,4.1
cust_109969,76,Edtech,netbanking,0.8946,0.1054,0,9.36
cust_109970,5,SaaS,UPI,0.7417,0.2583,0,0.77
cust_109971,95,SaaS,UPI,0.8317,0.1683,1,2.8
cust_109972,14,SaaS,UPI,0.9728,0.0272,0,11.4
cust_109973,232,Edtech,UPI,0.922,0.078,0,4.37
cust_109974,125,Gaming,UPI,0.8316,0.1684,2,3.25
cust_109975,107,Financial Services,card,0.1801,0.8199,1,78.71
cust_109976,316,Gaming,UPI,0.9596,0.0404,0,3.78
cust_109977,254,Gaming,card,0.4174,0.5826,0,15.34
cust_109978,42,Financial Services,UPI,0.9116,0.0884,0,10.11
cust_109979,165,SaaS,UPI,0.791,0.209,0,1.69
cust_109980,46,Financial Services,card,0.7289,0.2711,0,4.29
cust_109981,26,E-commerce,card,0.7418,0.2582,1,1.23
cust_109982,219,Gaming,UPI,0.8837,0.1163,0,3.03
cust_109983,331,SaaS,card,0.7829,0.2171,0,11.02
cust_109984,92,Financial Services,UPI,0.7988,0.2012,1,10.06
cust_109985,6,SaaS,UPI,0.8039,0.1961,0,6.15
cust_109986,31,Edtech,UPI,0.7952,0.2048,0,0.61
cust_109987,69,Edtech,card,0.5848,0.4152,0,17.18
cust_109988,8,E-commerce,netbanking,0.82,0.18,1,25.83
cust_109989,146,Financial Services,netbanking,0.9151,0.0849,0,6.03
cust_109990,91,Gaming,UPI,0.7873,0.2127,1,9.61
cust_109991,314,E-commerce,wallet,0.7383,0.2617,0,13.82
cust_109992,105,Financial Services,UPI,0.7537,0.2463,2,4.82
cust_109993,132,Gaming,card,0.4392,0.5608,0,20.99
cust_109994,29,Financial Services,card,0.3598,0.6402,1,29.5
cust_109995,3,E-commerce,card,0.8056,0.1944,0,14.32
cust_109996,172,E-commerce,UPI,0.8187,0.1813,0,11.83
cust_109997,86,Gaming,UPI,0.5735,0.4265,0,1.28
cust_109998,42,E-commerce,UPI,0.3821,0.6179,0,23.74
cust_109999,55,Edtech,netbanking,0.8894,0.1106,0,5.51
cust_110000,6,Financial Services,card,0.4866,0.5134,0,23.75
cust_110001,263,SaaS,card,0.9628,0.0372,1,3.83
cust_110002,47,Financial Services,card,0.4607,0.5393,0,30.03
cust_110003,59,Edtech,UPI,0.7483,0.2517,0,2.01
cust_110004,27,SaaS,UPI,0.9375,0.0625,0,12.59
cust_110005,62,Edtech,UPI,0.7093,0.2907,0,23.58
cust_110006,86,Financial Services,wallet,0.9503,0.0497,0,32.91
cust_110007,28,SaaS,UPI,0.9039,0.0961,2,8.07
cust_110008,11,Gaming,UPI,0.892,0.108,0,3.73
cust_110009,36,E-commerce,UPI,0.8779,0.1221,1,3.65
cust_110010,37,SaaS,UPI,0.7441,0.2559,0,2.8
cust_110011,343,Financial Services,UPI,0.8706,0.1294,0,6.3
cust_110012,25,SaaS,UPI,0.2686,0.7314,0,16.33
cust_110013,154,SaaS,card,0.7447,0.2553,0,11.68
cust_110014,60,Financial Services,UPI,0.1278,0.8722,0,23.14
cust_110015,6,Gaming,card,0.1727,0.8273,1,16.08
cust_110016,1,E-commerce,UPI,0.8245,0.1755,2,7.28
cust_110017,90,Edtech,UPI,0.9182,0.0818,2,3.99
cust_110018,161,Edtech,UPI,0.8567,0.1433,1,5.82
cust_110019,133,Financial Services,card,0.8499,0.1501,0,28.7
cust_110020,516,Financial Services,card,0.9494,0.0506,0,8.08
cust_110021,80,E-commerce,netbanking,0.1968,0.8032,0,16.14
cust_110022,319,E-commerce,UPI,0.8452,0.1548,1,32.24
cust_110023,188,SaaS,netbanking,0.9746,0.0254,1,5.68
cust_110024,126,E-commerce,netbanking,0.8615,0.1385,0,24.6
cust_110025,30,SaaS,netbanking,0.7724,0.2276,0,7.24
cust_110026,57,Financial Services,UPI,0.8623,0.1377,0,5.56
cust_110027,79,E-commerce,card,0.7758,0.2242,0,5.22
cust_110028,284,Financial Services,card,0.3839,0.6161,0,31.72
cust_110029,552,SaaS,netbanking,0.9481,0.0519,1,3.26
cust_110030,128,Edtech,card,0.8945,0.1055,0,2.95
cust_110031,61,Edtech,card,0.9798,0.0202,0,8.11
cust_110032,276,E-commerce,UPI,0.7609,0.2391,1,1.06
cust_110033,7,Gaming,UPI,0.7702,0.2298,0,18.56
cust_110034,161,Financial Services,netbanking,0.8502,0.1498,0,5.72
cust_110035,38,SaaS,card,0.9269,0.0731,0,4.99
cust_110036,331,Gaming,card,0.7891,0.2109,1,3.81
cust_110037,161,Financial Services,UPI,0.9429,0.0571,0,5.15
cust_110038,20,Financial Services,UPI,0.5524,0.4476,0,1.19
cust_110039,209,Gaming,UPI,0.8271,0.1729,0,7.03
cust_110040,169,E-commerce,UPI,0.7434,0.2566,0,6.52
cust_110041,269,Gaming,card,0.3994,0.6006,0,19.92
cust_110042,117,Gaming,UPI,0.7411,0.2589,1,0.31
cust_110043,1,Financial Services,card,0.7199,0.2801,0,1.08
cust_110044,233,Financial Services,UPI,0.8225,0.1775,0,1.96
cust_110045,314,SaaS,card,0.9424,0.0576,1,7.4
cust_110046,103,SaaS,UPI,0.9636,0.0364,0,19.1
cust_110047,3,SaaS,card,0.904,0.096,0,10.96
cust_110048,27,Financial Services,UPI,0.703,0.297,0,39.09
cust_110049,442,E-commerce,UPI,0.5197,0.4803,0,8.92
cust_110050,66,Financial Services,card,0.9798,0.0202,0,7.15
cust_110051,125,Gaming,UPI,0.8781,0.1219,1,17.16
cust_110052,18,E-commerce,UPI,0.8466,0.1534,1,26.49
cust_110053,141,SaaS,netbanking,0.9131,0.0869,0,0.95
cust_110054,195,Edtech,netbanking,0.4424,0.5576,0,23.66
cust_110055,296,E-commerce,UPI,0.8882,0.1118,0,0.51
cust_110056,19,Edtech,UPI,0.2995,0.7005,1,51.52
cust_110057,6,SaaS,UPI,0.402,0.598,0,15.38
cust_110058,37,Gaming,UPI,0.7733,0.2267,0,1.51
cust_110059,81,SaaS,netbanking,0.7008,0.2992,1,16.33
cust_110060,60,SaaS,card,0.8938,0.1062,1,19.68
cust_110061,74,Financial Services,UPI,0.9516,0.0484,0,11.29
cust_110062,97,Edtech,UPI,0.8343,0.1657,0,5.11
cust_110063,442,SaaS,netbanking,0.7153,0.2847,1,4.02
cust_110064,58,Edtech,UPI,0.213,0.787,0,23.99
cust_110065,54,Financial Services,card,0.8621,0.1379,0,3.88
cust_110066,176,Financial Services,card,0.8268,0.1732,1,19.3
cust_110067,1,E-commerce,UPI,0.7822,0.2178,0,28.31
cust_110068,137,SaaS,UPI,0.7917,0.2083,0,6.8
cust_110069,70,SaaS,card,0.5632,0.4368,0,3.84
cust_110070,12,Gaming,UPI,0.7143,0.2857,0,4.26
cust_110071,98,Financial Services,card,0.1531,0.8469,0,21.86
cust_110072,238,Gaming,UPI,0.7079,0.2921,0,6.67
cust_110073,60,E-commerce,UPI,0.124,0.876,0,16.97
cust_110074,189,Edtech,UPI,0.8583,0.1417,2,12.74
cust_110075,6,E-commerce,card,0.9605,0.0395,1,3.44
cust_110076,7,E-commerce,card,0.873,0.127,0,6.52
cust_110077,153,SaaS,UPI,0.5949,0.4051,1,1.62
cust_110078,40,E-commerce,card,0.948,0.052,1,1.01
cust_110079,227,Edtech,card,0.9214,0.0786,0,8.16
cust_110080,248,Financial Services,UPI,0.829,0.171,0,3.2
cust_110081,127,Edtech,UPI,0.9431,0.0569,1,8.23
cust_110082,15,Financial Services,wallet,0.9428,0.0572,0,6.02
cust_110083,651,Financial Services,netbanking,0.7712,0.2288,0,5.43
cust_110084,13,E-commerce,netbanking,0.8074,0.1926,1,14.0
cust_110085,173,Gaming,UPI,0.7722,0.2278,0,2.94
cust_110086,188,E-commerce,UPI,0.1417,0.8583,0,18.95
cust_110087,5,Edtech,UPI,0.4893,0.5107,0,17.74
cust_110088,120,E-commerce,UPI,0.711,0.289,1,3.69
cust_110089,19,Edtech,UPI,0.549,0.451,0,13.49
cust_110090,21,E-commerce,card,0.9625,0.0375,0,2.51
cust_110091,91,Gaming,UPI,0.9432,0.0568,0,31.19
cust_110092,20,Financial Services,card,0.8107,0.1893,1,4.57
cust_110093,16,Gaming,card,0.8923,0.1077,0,10.91
cust_110094,94,Financial Services,card,0.7323,0.2677,0,31.59
cust_110095,31,Financial Services,UPI,0.7013,0.2987,2,1.11
cust_110096,198,Gaming,card,0.839,0.161,2,7.02
cust_110097,168,SaaS,UPI,0.8282,0.1718,0,1.18
cust_110098,111,Gaming,UPI,0.924,0.076,0,4.15
cust_110099,27,Gaming,UPI,0.9026,0.0974,0,21.46
cust_110100,2,Gaming,card,0.777,0.223,1,2.34
cust_110101,253,Gaming,UPI,0.8443,0.1557,0,5.6
cust_110102,27,E-commerce,UPI,0.9231,0.0769,0,4.46
cust_110103,129,Gaming,netbanking,0.7793,0.2207,0,4.4
cust_110104,161,SaaS,card,0.8244,0.1756,0,16.81
cust_110105,267,Edtech,card,0.8582,0.1418,0,6.28
cust_110106,85,Gaming,UPI,0.7585,0.2415,0,6.39
cust_110107,71,Edtech,UPI,0.7682,0.2318,2,5.12
cust_110108,56,E-commerce,card,0.9063,0.0937,0,9.18
cust_110109,16,SaaS,card,0.1583,0.8417,1,19.14
cust_110110,86,SaaS,card,0.8451,0.1549,0,20.62
cust_110111,5,SaaS,netbanking,0.7701,0.2299,0,1.67
cust_110112,194,Financial Services,netbanking,0.8707,0.1293,1,7.48
cust_110113,10,Edtech,UPI,0.9292,0.0708,0,0.65
cust_110114,269,SaaS,UPI,0.9315,0.0685,0,9.83
cust_110115,27,Financial Services,wallet,0.433,0.567,0,38.55
cust_110116,356,SaaS,netbanking,0.8271,0.1729,1,1.29
cust_110117,102,E-commerce,UPI,0.8941,0.1059,1,3.24
cust_110118,3,Gaming,UPI,0.4797,0.5203,0,15.82
cust_110119,129,E-commerce,card,0.5292,0.4708,0,9.07
cust_110120,113,Edtech,UPI,0.8725,0.1275,1,5.22
cust_110121,258,Financial Services,UPI,0.7376,0.2624,0,11.03
cust_110122,132,Edtech,UPI,0.783,0.217,0,4.06
cust_110123,119,E-commerce,card,0.8448,0.1552,0,10.61
cust_110124,36,Financial Services,UPI,0.8535,0.1465,0,2.77
cust_110125,138,SaaS,card,0.7395,0.2605,0,21.55
cust_110126,75,SaaS,UPI,0.9252,0.0748,0,7.76
cust_110127,50,Financial Services,netbanking,0.7715,0.2285,0,24.69
cust_110128,13,Gaming,card,0.7854,0.2146,1,1.46
cust_110129,74,SaaS,wallet,0.8635,0.1365,0,10.33
cust_110130,134,Financial Services,UPI,0.8349,0.1651,0,0.81
cust_110131,46,Gaming,netbanking,0.891,0.109,0,54.2
cust_110132,23,E-commerce,UPI,0.3149,0.6851,1,16.67
cust_110133,67,Financial Services,UPI,0.7941,0.2059,1,19.73
cust_110134,263,SaaS,UPI,0.7964,0.2036,1,1.0
cust_110135,250,E-commerce,UPI,0.9512,0.0488,0,3.92
cust_110136,27,Financial Services,UPI,0.964,0.036,0,5.26
cust_110137,298,Financial Services,UPI,0.841,0.159,0,1.97
cust_110138,154,Gaming,card,0.9781,0.0219,1,2.16
cust_110139,16,Gaming,card,0.8318,0.1682,0,1.81
cust_110140,111,Edtech,netbanking,0.8436,0.1564,1,15.57
cust_110141,14,Financial Services,UPI,0.9706,0.0294,0,1.57
cust_110142,294,E-commerce,UPI,0.7324,0.2676,0,11.76
cust_110143,125,Gaming,card,0.7381,0.2619,0,5.45
cust_110144,299,Gaming,UPI,0.9754,0.0246,0,6.78
cust_110145,49,Financial Services,UPI,0.9567,0.0433,3,2.74
cust_110146,176,Edtech,netbanking,0.8218,0.1782,0,22.63
cust_110147,411,Financial Services,UPI,0.9775,0.0225,0,7.28
cust_110148,548,Gaming,UPI,0.8055,0.1945,0,11.84
cust_110149,29,E-commerce,card,0.7076,0.2924,0,19.26
cust_110150,151,E-commerce,netbanking,0.9356,0.0644,0,0.35
cust_110151,229,Gaming,UPI,0.7825,0.2175,0,0.96
cust_110152,88,Gaming,UPI,0.9013,0.0987,0,12.99
cust_110153,92,Edtech,netbanking,0.9579,0.0421,0,6.81
cust_110154,22,SaaS,netbanking,0.8147,0.1853,1,3.65
cust_110155,40,Financial Services,netbanking,0.1662,0.8338,1,16.25
cust_110156,78,E-commerce,card,0.7174,0.2826,1,3.76
cust_110157,293,Financial Services,UPI,0.3094,0.6906,0,21.14
cust_110158,19,Gaming,UPI,0.7085,0.2915,1,3.71
cust_110159,183,Edtech,wallet,0.7286,0.2714,1,28.05
cust_110160,195,SaaS,wallet,0.1653,0.8347,1,26.82
cust_110161,277,Edtech,card,0.7148,0.2852,1,24.38
cust_110162,72,Financial Services,UPI,0.7494,0.2506,1,2.03
cust_110163,36,Financial Services,UPI,0.3069,0.6931,0,23.98
cust_110164,242,E-commerce,UPI,0.8278,0.1722,0,16.59
cust_110165,53,Edtech,card,0.9412,0.0588,0,10.29
cust_110166,30,SaaS,wallet,0.1382,0.8618,0,22.04
cust_110167,41,Gaming,card,0.8376,0.1624,0,3.66
cust_110168,35,E-commerce,UPI,0.8367,0.1633,1,14.85
cust_110169,80,SaaS,UPI,0.8165,0.1835,0,22.34
cust_110170,111,Edtech,UPI,0.7837,0.2163,1,4.01
cust_110171,98,Gaming,UPI,0.7928,0.2072,0,5.1
cust_110172,168,Financial Services,UPI,0.799,0.201,0,4.56
cust_110173,74,Edtech,UPI,0.783,0.217,0,0.66
cust_110174,198,Gaming,UPI,0.7463,0.2537,0,5.98
cust_110175,179,Gaming,netbanking,0.7493,0.2507,0,11.31
cust_110176,26,E-commerce,UPI,0.1857,0.8143,1,17.59
cust_110177,17,Gaming,UPI,0.8067,0.1933,1,7.81
cust_110178,64,Gaming,UPI,0.5627,0.4373,0,8.18
cust_110179,54,Gaming,netbanking,0.865,0.135,0,0.89
cust_110180,563,Gaming,card,0.7868,0.2132,1,5.44
cust_110181,120,Gaming,UPI,0.7438,0.2562,1,31.4
cust_110182,122,Gaming,UPI,0.8257,0.1743,0,0.6
cust_110183,165,SaaS,card,0.7124,0.2876,0,34.59
cust_110184,339,SaaS,wallet,0.9351,0.0649,0,13.04
cust_110185,349,E-commerce,card,0.8513,0.1487,0,17.03
cust_110186,255,Financial Services,card,0.4668,0.5332,0,17.12
cust_110187,118,E-commerce,UPI,0.7446,0.2554,0,1.18
cust_110188,18,SaaS,UPI,0.8211,0.1789,0,9.66
cust_110189,55,Financial Services,card,0.9744,0.0256,1,25.24
cust_110190,186,E-commerce,card,0.9603,0.0397,1,5.48
cust_110191,11,Financial Services,UPI,0.7381,0.2619,0,9.57
cust_110192,8,Gaming,UPI,0.9178,0.0822,0,2.1
cust_110193,171,E-commerce,card,0.8482,0.1518,0,0.47
cust_110194,25,Financial Services,card,0.9023,0.0977,1,16.19
cust_110195,243,E-commerce,UPI,0.597,0.403,1,33.31
cust_110196,93,Financial Services,UPI,0.7634,0.2366,1,21.41
cust_110197,23,Edtech,card,0.7224,0.2776,0,35.76
cust_110198,25,SaaS,UPI,0.8864,0.1136,0,38.0
cust_110199,44,E-commerce,UPI,0.7745,0.2255,0,2.91
cust_110200,205,Edtech,UPI,0.9112,0.0888,1,2.77
cust_110201,82,Edtech,netbanking,0.7958,0.2042,0,1.3
cust_110202,5,Financial Services,card,0.9671,0.0329,0,26.77
cust_110203,116,E-commerce,UPI,0.9384,0.0616,0,6.11
cust_110204,284,Financial Services,UPI,0.8999,0.1001,0,9.09
cust_110205,118,SaaS,card,0.2653,0.7347,1,19.34
cust_110206,81,Edtech,netbanking,0.8976,0.1024,2,6.87
cust_110207,37,Financial Services,UPI,0.9636,0.0364,0,1.75
cust_110208,61,Financial Services,UPI,0.8781,0.1219,0,2.62
cust_110209,166,E-commerce,UPI,0.7964,0.2036,1,16.19
cust_110210,22,Financial Services,UPI,0.7063,0.2937,1,1.54
cust_110211,10,E-commerce,netbanking,0.7117,0.2883,0,2.88
cust_110212,319,E-commerce,netbanking,0.7946,0.2054,0,30.91
cust_110213,101,Financial Services,UPI,0.9034,0.0966,1,8.5
cust_110214,617,E-commerce,UPI,0.9228,0.0772,0,6.14
cust_110215,39,Financial Services,card,0.7821,0.2179,0,19.41
cust_110216,254,SaaS,card,0.9719,0.0281,0,7.54
cust_110217,54,Gaming,UPI,0.7194,0.2806,0,10.73
cust_110218,108,Gaming,wallet,0.9196,0.0804,0,4.66
cust_110219,133,Edtech,card,0.8806,0.1194,0,3.74
cust_110220,36,E-commerce,netbanking,0.9356,0.0644,1,1.08
cust_110221,28,Edtech,UPI,0.7028,0.2972,0,2.67
cust_110222,79,Edtech,UPI,0.9597,0.0403,0,4.22
cust_110223,203,Edtech,wallet,0.8207,0.1793,0,0.51
cust_110224,33,E-commerce,UPI,0.8993,0.1007,0,10.36
cust_110225,88,Gaming,UPI,0.9702,0.0298,1,2.59
cust_110226,136,E-commerce,UPI,0.8686,0.1314,1,17.8
cust_110227,21,Edtech,card,0.957,0.043,0,47.88
cust_110228,401,Financial Services,UPI,0.4296,0.5704,1,18.85
cust_110229,53,Financial Services,UPI,0.767,0.233,1,16.97
cust_110230,622,Gaming,netbanking,0.7876,0.2124,0,12.42
cust_110231,92,Gaming,card,0.7781,0.2219,0,10.16
cust_110232,179,E-commerce,card,0.7089,0.2911,1,4.24
cust_110233,78,Financial Services,UPI,0.3776,0.6224,0,16.94
cust_110234,202,Edtech,netbanking,0.7238,0.2762,0,1.68
cust_110235,32,SaaS,card,0.9675,0.0325,1,10.13
cust_110236,20,Gaming,wallet,0.8943,0.1057,2,6.7
cust_110237,22,E-commerce,card,0.8413,0.1587,0,14.72
cust_110238,124,SaaS,card,0.8053,0.1947,1,3.15
cust_110239,117,Gaming,wallet,0.7996,0.2004,0,9.93
cust_110240,328,Gaming,card,0.7897,0.2103,1,7.7
cust_110241,29,Gaming,UPI,0.7212,0.2788,0,2.52
cust_110242,29,Gaming,UPI,0.9651,0.0349,0,16.57
cust_110243,30,Edtech,UPI,0.7579,0.2421,0,1.11
cust_110244,272,Edtech,netbanking,0.7554,0.2446,1,1.53
cust_110245,14,Financial Services,card,0.7362,0.2638,2,3.87
cust_110246,13,Financial Services,card,0.8432,0.1568,0,6.56
cust_110247,318,Financial Services,card,0.2594,0.7406,0,15.08
cust_110248,186,Financial Services,card,0.8208,0.1792,1,20.56
cust_110249,179,Gaming,netbanking,0.8951,0.1049,0,3.23
cust_110250,20,Gaming,netbanking,0.7828,0.2172,0,1.27
cust_110251,26,Financial Services,card,0.7961,0.2039,2,50.97
cust_110252,9,Gaming,netbanking,0.803,0.197,0,6.07
cust_110253,17,Edtech,UPI,0.8816,0.1184,0,1.92
cust_110254,80,Financial Services,UPI,0.455,0.545,0,35.95
cust_110255,306,SaaS,wallet,0.7841,0.2159,1,18.07
cust_110256,130,Edtech,UPI,0.968,0.032,0,2.71
cust_110257,221,Edtech,card,0.8566,0.1434,0,0.3
cust_110258,38,Gaming,card,0.7449,0.2551,0,5.72
cust_110259,46,Edtech,card,0.5266,0.4734,2,6.56
cust_110260,48,Edtech,card,0.5665,0.4335,0,2.23
cust_110261,183,Financial Services,UPI,0.9166,0.0834,1,2.1
cust_110262,141,Gaming,card,0.9126,0.0874,0,35.74
cust_110263,65,Financial Services,UPI,0.727,0.273,1,4.37
cust_110264,153,SaaS,card,0.8987,0.1013,0,3.54
cust_110265,61,SaaS,UPI,0.9541,0.0459,1,2.15
cust_110266,125,Financial Services,card,0.7828,0.2172,1,20.66
cust_110267,95,E-commerce,UPI,0.2023,0.7977,1,34.67
cust_110268,93,E-commerce,netbanking,0.808,0.192,0,27.5
cust_110269,140,Gaming,card,0.8297,0.1703,0,31.31
cust_110270,71,SaaS,UPI,0.9169,0.0831,1,3.45
cust_110271,180,E-commerce,UPI,0.7159,0.2841,1,7.75
cust_110272,32,Edtech,card,0.7678,0.2322,1,4.93
cust_110273,34,SaaS,card,0.9066,0.0934,0,2.31
cust_110274,190,Edtech,netbanking,0.78,0.22,0,14.8
cust_110275,230,E-commerce,wallet,0.9796,0.0204,0,4.64
cust_110276,407,Financial Services,UPI,0.8803,0.1197,0,7.07
cust_110277,112,SaaS,UPI,0.7253,0.2747,1,10.49
cust_110278,83,SaaS,UPI,0.9523,0.0477,0,31.36
cust_110279,99,Edtech,card,0.8848,0.1152,1,12.51
cust_110280,22,Edtech,card,0.7888,0.2112,0,17.87
cust_110281,138,Gaming,UPI,0.1135,0.8865,0,16.61
cust_110282,282,Financial Services,UPI,0.7708,0.2292,0,2.7
cust_110283,673,E-commerce,card,0.8835,0.1165,0,11.01
cust_110284,574,E-commerce,card,0.8139,0.1861,0,3.47
cust_110285,12,SaaS,UPI,0.8664,0.1336,0,14.02
cust_110286,253,SaaS,card,0.7847,0.2153,0,14.85
cust_110287,105,E-commerce,UPI,0.8407,0.1593,0,0.08
cust_110288,9,Edtech,card,0.7566,0.2434,0,7.89
cust_110289,53,Gaming,netbanking,0.8746,0.1254,4,32.33
cust_110290,124,E-commerce,netbanking,0.8197,0.1803,0,11.48
cust_110291,322,Financial Services,card,0.3468,0.6532,0,22.48
cust_110292,148,Edtech,card,0.7325,0.2675,0,2.45
cust_110293,314,SaaS,card,0.9165,0.0835,0,16.7
cust_110294,52,Gaming,UPI,0.4479,0.5521,2,15.09
cust_110295,25,E-commerce,netbanking,0.9783,0.0217,1,3.63
cust_110296,44,SaaS,netbanking,0.396,0.604,0,22.17
cust_110297,158,Edtech,UPI,0.7456,0.2544,0,4.43
cust_110298,128,Gaming,netbanking,0.7142,0.2858,0,1.43
cust_110299,71,Gaming,UPI,0.8992,0.1008,0,8.91
cust_110300,376,Gaming,netbanking,0.8154,0.1846,1,22.74
cust_110301,168,Edtech,card,0.7328,0.2672,0,1.06
cust_110302,75,Gaming,netbanking,0.3879,0.6121,0,17.04
cust_110303,126,Gaming,UPI,0.177,0.823,1,27.45
cust_110304,138,E-commerce,wallet,0.8099,0.1901,0,20.52
cust_110305,4,Gaming,UPI,0.8949,0.1051,0,9.66
cust_110306,72,SaaS,UPI,0.7424,0.2576,0,8.36
cust_110307,90,Financial Services,UPI,0.8753,0.1247,1,3.07
cust_110308,140,Financial Services,UPI,0.2502,0.7498,0,19.17
cust_110309,255,SaaS,wallet,0.7238,0.2762,0,0.24
cust_110310,30,E-commerce,card,0.9525,0.0475,0,16.69
cust_110311,64,SaaS,card,0.9486,0.0514,0,23.36
cust_110312,5,Financial Services,card,0.7899,0.2101,0,10.48
cust_110313,65,SaaS,UPI,0.4611,0.5389,1,15.89
cust_110314,70,E-commerce,UPI,0.5437,0.4563,0,15.4
cust_110315,132,E-commerce,UPI,0.9237,0.0763,0,15.81
cust_110316,47,Gaming,UPI,0.7078,0.2922,0,2.83
cust_110317,221,Financial Services,UPI,0.5472,0.4528,0,2.92
cust_110318,141,Financial Services,card,0.7966,0.2034,1,0.05
cust_110319,30,Financial Services,wallet,0.9103,0.0897,0,9.68
cust_110320,283,E-commerce,UPI,0.9407,0.0593,0,3.4
cust_110321,40,Financial Services,UPI,0.7211,0.2789,1,0.69
cust_110322,13,Financial Services,UPI,0.7585,0.2415,1,24.78
cust_110323,205,Financial Services,netbanking,0.1979,0.8021,0,18.17
cust_110324,99,Financial Services,UPI,0.8411,0.1589,0,0.55
cust_110325,428,SaaS,UPI,0.5862,0.4138,0,11.34
cust_110326,21,SaaS,UPI,0.9489,0.0511,0,0.64
cust_110327,35,Financial Services,UPI,0.9719,0.0281,0,5.78
cust_110328,78,E-commerce,card,0.8605,0.1395,0,1.45
cust_110329,254,Financial Services,card,0.7576,0.2424,0,32.46
cust_110330,142,Financial Services,UPI,0.8293,0.1707,1,41.68
cust_110331,14,SaaS,UPI,0.8701,0.1299,0,0.22
cust_110332,3,Financial Services,card,0.9415,0.0585,0,25.11
cust_110333,67,Financial Services,netbanking,0.8693,0.1307,0,7.56
cust_110334,46,E-commerce,card,0.7694,0.2306,0,2.53
cust_110335,11,Financial Services,UPI,0.3466,0.6534,0,28.34
cust_110336,28,Edtech,UPI,0.7025,0.2975,1,25.22
cust_110337,291,SaaS,UPI,0.9427,0.0573,1,25.99
cust_110338,95,SaaS,card,0.7136,0.2864,1,9.6
cust_110339,67,Financial Services,UPI,0.7511,0.2489,1,12.96
cust_110340,91,Edtech,UPI,0.7086,0.2914,0,14.8
cust_110341,340,Financial Services,UPI,0.8497,0.1503,3,11.79
cust_110342,5,Financial Services,card,0.9469,0.0531,2,15.81
cust_110343,147,Gaming,UPI,0.8546,0.1454,0,13.9
cust_110344,32,Gaming,UPI,0.7479,0.2521,0,15.56
cust_110345,105,Financial Services,netbanking,0.905,0.095,0,2.91
cust_110346,122,Gaming,netbanking,0.7398,0.2602,0,0.1
cust_110347,136,Edtech,netbanking,0.9348,0.0652,0,0.56
cust_110348,88,E-commerce,UPI,0.8541,0.1459,0,0.18
cust_110349,31,Edtech,UPI,0.7997,0.2003,0,1.21
cust_110350,211,SaaS,UPI,0.9154,0.0846,1,1.4
cust_110351,27,Gaming,card,0.9189,0.0811,0,6.47
cust_110352,217,E-commerce,UPI,0.8454,0.1546,0,28.54
cust_110353,8,E-commerce,UPI,0.7659,0.2341,0,32.21
cust_110354,30,Financial Services,UPI,0.9545,0.0455,0,4.5
cust_110355,6,Gaming,UPI,0.7547,0.2453,0,36.89
cust_110356,205,Gaming,netbanking,0.7539,0.2461,0,0.91
cust_110357,111,E-commerce,card,0.7091,0.2909,0,1.15
cust_110358,82,E-commerce,UPI,0.8229,0.1771,0,0.64
cust_110359,234,Gaming,UPI,0.8179,0.1821,2,40.48
cust_110360,7,Edtech,card,0.9067,0.0933,1,8.79
cust_110361,61,Edtech,UPI,0.2154,0.7846,1,15.98
cust_110362,333,SaaS,UPI,0.3002,0.6998,3,28.61
cust_110363,145,SaaS,UPI,0.7967,0.2033,0,3.35
cust_110364,158,E-commerce,card,0.8346,0.1654,0,10.57
cust_110365,179,SaaS,card,0.2792,0.7208,0,19.51
cust_110366,37,Edtech,card,0.1517,0.8483,0,29.37
cust_110367,14,Edtech,UPI,0.7223,0.2777,1,10.79
cust_110368,311,Financial Services,card,0.7316,0.2684,1,2.51
cust_110369,105,Edtech,UPI,0.8969,0.1031,0,2.14
cust_110370,106,SaaS,card,0.3695,0.6305,1,19.67
cust_110371,140,SaaS,card,0.2934,0.7066,0,18.53
cust_110372,92,SaaS,UPI,0.9457,0.0543,1,1.18
cust_110373,22,SaaS,netbanking,0.4038,0.5962,0,15.51
cust_110374,158,Financial Services,card,0.7062,0.2938,0,6.98
cust_110375,420,Edtech,UPI,0.8986,0.1014,0,8.3
cust_110376,3,Edtech,UPI,0.7982,0.2018,1,20.82
cust_110377,125,Edtech,card,0.8115,0.1885,1,13.84
cust_110378,143,E-commerce,card,0.9109,0.0891,0,2.11
cust_110379,211,E-commerce,UPI,0.7251,0.2749,0,2.87
cust_110380,143,Edtech,wallet,0.7556,0.2444,1,8.38
cust_110381,81,Edtech,UPI,0.7881,0.2119,0,5.22
cust_110382,348,Edtech,UPI,0.7992,0.2008,0,25.57
cust_110383,88,Financial Services,UPI,0.708,0.292,0,4.71
cust_110384,151,E-commerce,UPI,0.9383,0.0617,1,4.1
cust_110385,18,SaaS,card,0.8158,0.1842,0,7.64
cust_110386,121,E-commerce,UPI,0.9171,0.0829,1,3.67
cust_110387,261,E-commerce,UPI,0.8054,0.1946,0,27.44
cust_110388,29,Gaming,UPI,0.7748,0.2252,0,0.48
cust_110389,117,E-commerce,UPI,0.8825,0.1175,0,3.34
cust_110390,284,Financial Services,UPI,0.9248,0.0752,0,29.02
cust_110391,62,Financial Services,UPI,0.7649,0.2351,0,32.97
cust_110392,174,Edtech,netbanking,0.9449,0.0551,1,1.31
cust_110393,318,Gaming,UPI,0.8902,0.1098,0,8.62
cust_110394,14,Financial Services,UPI,0.495,0.505,0,16.05
cust_110395,18,E-commerce,card,0.9186,0.0814,0,2.07
cust_110396,5,Gaming,wallet,0.8138,0.1862,0,0.02
cust_110397,47,Edtech,UPI,0.1568,0.8432,0,37.46
cust_110398,79,E-commerce,card,0.8941,0.1059,1,6.7
cust_110399,124,Edtech,UPI,0.911,0.089,1,5.47
cust_110400,12,SaaS,UPI,0.9285,0.0715,0,0.86
cust_110401,183,Edtech,UPI,0.7529,0.2471,0,4.25
cust_110402,191,Financial Services,netbanking,0.7095,0.2905,1,0.88
cust_110403,56,Financial Services,UPI,0.8364,0.1636,1,10.24
cust_110404,183,Gaming,card,0.885,0.115,0,2.81
cust_110405,8,Edtech,card,0.7348,0.2652,1,7.96
cust_110406,45,E-commerce,UPI,0.7995,0.2005,0,14.27
cust_110407,82,Edtech,card,0.8084,0.1916,0,9.74
cust_110408,28,Gaming,UPI,0.7387,0.2613,0,5.96
cust_110409,31,SaaS,netbanking,0.9104,0.0896,0,9.47
cust_110410,115,Financial Services,card,0.8955,0.1045,0,17.29
cust_110411,201,Edtech,UPI,0.7365,0.2635,0,1.09
cust_110412,12,Edtech,UPI,0.7022,0.2978,1,11.06
cust_110413,21,SaaS,UPI,0.5834,0.4166,0,15.28
cust_110414,18,SaaS,card,0.8251,0.1749,3,28.32
cust_110415,197,Edtech,netbanking,0.8624,0.1376,2,1.37
cust_110416,141,Edtech,card,0.7893,0.2107,0,11.53
cust_110417,8,E-commerce,UPI,0.8888,0.1112,0,2.15
cust_110418,153,Financial Services,netbanking,0.8542,0.1458,0,10.64
cust_110419,1,E-commerce,card,0.9546,0.0454,1,2.58
cust_110420,227,Gaming,wallet,0.9012,0.0988,0,2.32
cust_110421,50,SaaS,UPI,0.3225,0.6775,2,29.45
cust_110422,133,Financial Services,UPI,0.9649,0.0351,0,18.1
cust_110423,200,E-commerce,UPI,0.8744,0.1256,0,5.06
cust_110424,168,Edtech,card,0.9666,0.0334,0,12.25
cust_110425,77,E-commerce,UPI,0.2353,0.7647,1,15.18
cust_110426,19,Gaming,UPI,0.7789,0.2211,0,9.8
cust_110427,72,Edtech,UPI,0.8976,0.1024,0,6.78
cust_110428,101,E-commerce,UPI,0.7982,0.2018,0,0.84
cust_110429,4,E-commerce,UPI,0.9484,0.0516,1,0.28
cust_110430,86,Gaming,card,0.7597,0.2403,0,1.17
cust_110431,169,E-commerce,card,0.9267,0.0733,0,4.79
cust_110432,21,Edtech,card,0.8844,0.1156,0,0.9
cust_110433,57,Gaming,netbanking,0.7349,0.2651,0,3.93
cust_110434,124,E-commerce,UPI,0.1693,0.8307,0,26.07
cust_110435,232,Edtech,card,0.8784,0.1216,0,14.6
cust_110436,275,Financial Services,UPI,0.1414,0.8586,0,36.28
cust_110437,22,Gaming,UPI,0.9474,0.0526,0,4.78
cust_110438,193,SaaS,UPI,0.9423,0.0577,0,10.1
cust_110439,134,Financial Services,netbanking,0.889,0.111,0,0.9
cust_110440,97,Gaming,UPI,0.7777,0.2223,0,15.08
cust_110441,62,SaaS,card,0.8615,0.1385,0,5.13
cust_110442,7,SaaS,UPI,0.7334,0.2666,0,37.9
cust_110443,162,Edtech,UPI,0.7722,0.2278,0,1.23
cust_110444,202,Financial Services,netbanking,0.7229,0.2771,0,24.12
cust_110445,58,SaaS,UPI,0.9398,0.0602,0,14.77
cust_110446,76,E-commerce,netbanking,0.3883,0.6117,0,26.35
cust_110447,16,Edtech,UPI,0.7483,0.2517,0,16.55
cust_110448,128,Edtech,UPI,0.8371,0.1629,0,14.43
cust_110449,41,Gaming,netbanking,0.9402,0.0598,1,10.0
cust_110450,128,Edtech,UPI,0.7517,0.2483,0,1.46
cust_110451,311,Financial Services,card,0.8873,0.1127,0,7.97
cust_110452,51,Edtech,netbanking,0.9349,0.0651,0,10.33
cust_110453,22,Financial Services,card,0.7158,0.2842,0,1.8
cust_110454,116,Gaming,card,0.7339,0.2661,1,7.25
cust_110455,293,E-commerce,netbanking,0.7483,0.2517,0,7.16
cust_110456,342,SaaS,card,0.9103,0.0897,1,12.67
cust_110457,37,Gaming,UPI,0.8542,0.1458,1,5.24
cust_110458,68,E-commerce,UPI,0.8137,0.1863,0,4.3
cust_110459,20,Gaming,UPI,0.7169,0.2831,1,0.96
cust_110460,279,Financial Services,card,0.8153,0.1847,0,0.83
cust_110461,139,SaaS,UPI,0.3152,0.6848,1,49.35
cust_110462,143,E-commerce,UPI,0.7602,0.2398,0,8.29
cust_110463,19,Gaming,UPI,0.8011,0.1989,0,7.43
cust_110464,121,SaaS,UPI,0.8127,0.1873,0,9.6
cust_110465,338,Gaming,netbanking,0.1542,0.8458,2,21.69
cust_110466,40,SaaS,card,0.7529,0.2471,0,11.13
cust_110467,4,Financial Services,UPI,0.4785,0.5215,0,42.79
cust_110468,19,Gaming,netbanking,0.7059,0.2941,0,10.52
cust_110469,47,SaaS,UPI,0.8365,0.1635,1,2.26
cust_110470,107,SaaS,card,0.8434,0.1566,2,5.26
cust_110471,109,Financial Services,card,0.8974,0.1026,0,11.12
cust_110472,28,Financial Services,UPI,0.963,0.037,0,3.75
cust_110473,115,E-commerce,UPI,0.8396,0.1604,0,1.4
cust_110474,23,SaaS,UPI,0.949,0.051,1,6.35
cust_110475,125,Gaming,card,0.8413,0.1587,0,19.43
cust_110476,536,Gaming,UPI,0.8947,0.1053,0,0.02
cust_110477,7,Financial Services,UPI,0.7853,0.2147,1,5.9
cust_110478,70,Financial Services,UPI,0.9615,0.0385,0,21.01
cust_110479,101,E-commerce,UPI,0.7973,0.2027,0,27.46
cust_110480,155,Financial Services,UPI,0.8885,0.1115,0,3.4
cust_110481,520,Edtech,UPI,0.8106,0.1894,0,5.3
cust_110482,47,Financial Services,card,0.3354,0.6646,0,15.37
cust_110483,13,Edtech,UPI,0.7251,0.2749,0,17.98
cust_110484,38,Gaming,UPI,0.8406,0.1594,2,3.35
cust_110485,178,Financial Services,UPI,0.776,0.224,2,3.25
cust_110486,5,Financial Services,wallet,0.701,0.299,1,0.19
cust_110487,123,SaaS,wallet,0.7935,0.2065,1,5.15
cust_110488,14,E-commerce,netbanking,0.7171,0.2829,0,13.22
cust_110489,11,Financial Services,UPI,0.8112,0.1888,1,2.25
cust_110490,66,E-commerce,card,0.1625,0.8375,1,16.0
cust_110491,94,Financial Services,netbanking,0.9531,0.0469,1,54.48
cust_110492,14,Edtech,UPI,0.9594,0.0406,1,36.03
cust_110493,53,Financial Services,UPI,0.7028,0.2972,0,3.4
cust_110494,104,SaaS,UPI,0.8292,0.1708,0,16.56
cust_110495,8,Edtech,netbanking,0.711,0.289,0,6.85
cust_110496,58,Financial Services,card,0.7242,0.2758,2,8.07
cust_110497,76,Gaming,wallet,0.8812,0.1188,1,6.48
cust_110498,34,Edtech,card,0.9085,0.0915,2,11.11
cust_110499,71,Edtech,card,0.2713,0.7287,0,28.38
cust_110500,3,Gaming,UPI,0.9128,0.0872,1,10.0
cust_110501,156,Gaming,netbanking,0.7069,0.2931,0,1.14
cust_110502,325,Edtech,netbanking,0.9463,0.0537,0,2.45
cust_110503,268,Financial Services,card,0.9148,0.0852,0,1.14
cust_110504,491,Gaming,UPI,0.7544,0.2456,0,7.95
cust_110505,25,Financial Services,UPI,0.7608,0.2392,0,3.14
cust_110506,196,Edtech,card,0.3664,0.6336,0,18.76
cust_110507,5,Edtech,UPI,0.7446,0.2554,1,6.46
cust_110508,222,Gaming,UPI,0.7391,0.2609,0,20.64
cust_110509,241,E-commerce,netbanking,0.7495,0.2505,0,30.43
cust_110510,206,Edtech,UPI,0.7582,0.2418,0,1.3
cust_110511,97,SaaS,UPI,0.7642,0.2358,0,1.34
cust_110512,54,Financial Services,UPI,0.9053,0.0947,0,3.64
cust_110513,189,SaaS,card,0.4465,0.5535,0,18.26
cust_110514,202,Edtech,card,0.2038,0.7962,1,19.79
cust_110515,15,SaaS,UPI,0.8248,0.1752,0,22.5
cust_110516,98,Edtech,UPI,0.7653,0.2347,1,4.62
cust_110517,111,E-commerce,card,0.877,0.123,0,2.38
cust_110518,50,Gaming,netbanking,0.8441,0.1559,1,10.34
cust_110519,34,Gaming,UPI,0.8116,0.1884,1,18.94
cust_110520,119,SaaS,card,0.4228,0.5772,0,28.85
cust_110521,458,Gaming,UPI,0.7035,0.2965,0,37.71
cust_110522,42,Financial Services,UPI,0.7283,0.2717,0,1.17
cust_110523,30,Gaming,card,0.8797,0.1203,0,9.32
cust_110524,106,Edtech,UPI,0.8924,0.1076,2,1.39
cust_110525,67,SaaS,UPI,0.8179,0.1821,1,7.97
cust_110526,15,Financial Services,card,0.9502,0.0498,0,14.65
cust_110527,374,Financial Services,UPI,0.9364,0.0636,0,5.94
cust_110528,117,Edtech,UPI,0.9038,0.0962,1,0.05
cust_110529,90,E-commerce,UPI,0.3447,0.6553,1,32.0
cust_110530,77,Gaming,card,0.8298,0.1702,0,1.59
cust_110531,120,E-commerce,UPI,0.7084,0.2916,0,6.53
cust_110532,32,E-commerce,card,0.8762,0.1238,1,24.96
cust_110533,258,Financial Services,UPI,0.9715,0.0285,0,6.49
cust_110534,90,Gaming,UPI,0.8482,0.1518,0,5.65
cust_110535,141,Gaming,UPI,0.9032,0.0968,1,14.42
cust_110536,26,E-commerce,UPI,0.8557,0.1443,0,31.33
cust_110537,206,Gaming,card,0.4016,0.5984,0,27.51
cust_110538,202,Gaming,netbanking,0.8312,0.1688,0,7.23
cust_110539,116,Gaming,netbanking,0.8898,0.1102,0,2.98
cust_110540,122,SaaS,netbanking,0.7064,0.2936,0,6.99
cust_110541,159,E-commerce,card,0.3549,0.6451,0,27.92
cust_110542,63,Gaming,netbanking,0.8178,0.1822,1,34.67
cust_110543,45,Edtech,card,0.9182,0.0818,0,1.57
cust_110544,240,SaaS,netbanking,0.1058,0.8942,0,19.15
cust_110545,72,Financial Services,netbanking,0.9552,0.0448,0,3.49
cust_110546,185,Gaming,netbanking,0.8879,0.1121,0,16.28
cust_110547,125,SaaS,UPI,0.8282,0.1718,1,1.53
cust_110548,84,Edtech,card,0.8319,0.1681,0,6.21
cust_110549,16,Edtech,UPI,0.8616,0.1384,0,7.03
cust_110550,19,Gaming,UPI,0.7399,0.2601,0,13.71
cust_110551,145,Gaming,UPI,0.8724,0.1276,2,6.5
cust_110552,24,SaaS,wallet,0.7938,0.2062,0,11.79
cust_110553,85,Edtech,netbanking,0.3349,0.6651,0,22.31
cust_110554,163,E-commerce,UPI,0.7911,0.2089,0,2.38
cust_110555,19,Gaming,UPI,0.7678,0.2322,0,15.89
cust_110556,378,Financial Services,UPI,0.8604,0.1396,0,19.94
cust_110557,224,Financial Services,card,0.869,0.131,0,23.92
cust_110558,24,Gaming,UPI,0.867,0.133,1,2.83
cust_110559,134,SaaS,card,0.8576,0.1424,1,0.26
cust_110560,86,Edtech,netbanking,0.7801,0.2199,0,5.47
cust_110561,36,Edtech,UPI,0.8855,0.1145,1,14.56
cust_110562,52,Edtech,UPI,0.8316,0.1684,1,11.61
cust_110563,172,Gaming,UPI,0.7088,0.2912,0,3.15
cust_110564,216,E-commerce,card,0.7255,0.2745,0,23.0
cust_110565,105,E-commerce,UPI,0.9646,0.0354,0,24.06
cust_110566,366,E-commerce,card,0.8053,0.1947,0,4.46
cust_110567,38,E-commerce,card,0.8093,0.1907,0,25.15
cust_110568,24,Financial Services,card,0.8973,0.1027,0,2.56
cust_110569,98,E-commerce,card,0.9043,0.0957,1,4.01
cust_110570,244,Edtech,card,0.8266,0.1734,1,15.7
cust_110571,54,Gaming,UPI,0.9743,0.0257,0,1.29
cust_110572,66,Financial Services,UPI,0.7014,0.2986,0,12.91
cust_110573,389,SaaS,UPI,0.7093,0.2907,0,6.81
cust_110574,23,SaaS,UPI,0.8454,0.1546,0,8.69
cust_110575,206,Financial Services,wallet,0.9036,0.0964,1,13.78
cust_110576,93,Financial Services,UPI,0.9405,0.0595,1,11.45
cust_110577,2,E-commerce,netbanking,0.7852,0.2148,1,3.45
cust_110578,7,Financial Services,UPI,0.8561,0.1439,0,2.06
cust_110579,309,Gaming,netbanking,0.7554,0.2446,0,4.78
cust_110580,48,Financial Services,UPI,0.8719,0.1281,0,6.02
cust_110581,344,Edtech,netbanking,0.5959,0.4041,1,19.39
cust_110582,87,SaaS,UPI,0.8726,0.1274,1,0.2
cust_110583,35,SaaS,UPI,0.8388,0.1612,0,2.56
cust_110584,59,Financial Services,netbanking,0.9626,0.0374,2,0.28
cust_110585,14,Edtech,netbanking,0.8566,0.1434,0,8.5
cust_110586,31,SaaS,UPI,0.9103,0.0897,0,12.37
cust_110587,25,E-commerce,UPI,0.8172,0.1828,0,10.71
cust_110588,77,Gaming,netbanking,0.7714,0.2286,0,2.22
cust_110589,93,Financial Services,UPI,0.8928,0.1072,2,4.93
cust_110590,30,E-commerce,netbanking,0.9151,0.0849,0,14.71
cust_110591,548,SaaS,card,0.9202,0.0798,0,12.04
cust_110592,26,Edtech,UPI,0.5717,0.4283,0,1.79
cust_110593,114,SaaS,card,0.8089,0.1911,1,2.49
cust_110594,182,Edtech,UPI,0.7246,0.2754,0,18.99
cust_110595,36,E-commerce,card,0.9237,0.0763,0,15.63
cust_110596,144,Edtech,card,0.8239,0.1761,0,12.19
cust_110597,112,Gaming,UPI,0.911,0.089,0,4.03
cust_110598,2,Gaming,UPI,0.8246,0.1754,0,18.86
cust_110599,237,E-commerce,netbanking,0.7993,0.2007,1,6.77
cust_110600,287,Gaming,card,0.8423,0.1577,0,6.15
cust_110601,2,Gaming,UPI,0.7114,0.2886,0,22.34
cust_110602,128,E-commerce,UPI,0.7162,0.2838,0,17.0
cust_110603,43,E-commerce,card,0.5303,0.4697,0,6.54
cust_110604,3,Gaming,netbanking,0.8092,0.1908,0,2.54
cust_110605,49,Financial Services,card,0.9666,0.0334,1,0.44
cust_110606,193,E-commerce,card,0.7622,0.2378,1,13.9
cust_110607,58,E-commerce,card,0.8479,0.1521,1,5.5
cust_110608,162,Gaming,card,0.9791,0.0209,1,0.33
cust_110609,4,E-commerce,netbanking,0.8921,0.1079,1,1.6
cust_110610,3,Financial Services,UPI,0.2176,0.7824,0,17.76
cust_110611,192,Financial Services,card,0.3606,0.6394,0,26.95
cust_110612,89,SaaS,UPI,0.943,0.057,1,1.95
cust_110613,20,Financial Services,netbanking,0.8069,0.1931,1,17.27
cust_110614,30,SaaS,netbanking,0.8645,0.1355,1,15.83
cust_110615,125,SaaS,netbanking,0.8127,0.1873,1,2.74
cust_110616,9,Financial Services,UPI,0.8205,0.1795,0,0.29
cust_110617,46,Gaming,card,0.4708,0.5292,1,15.07
cust_110618,19,SaaS,netbanking,0.7522,0.2478,0,40.69
cust_110619,262,SaaS,netbanking,0.7124,0.2876,0,6.45
cust_110620,606,E-commerce,UPI,0.9285,0.0715,0,4.22
cust_110621,59,Financial Services,netbanking,0.9741,0.0259,0,14.22
cust_110622,135,Gaming,card,0.8988,0.1012,3,6.68
cust_110623,22,SaaS,UPI,0.9528,0.0472,0,4.16
cust_110624,17,SaaS,UPI,0.5143,0.4857,0,7.42
cust_110625,17,SaaS,card,0.8686,0.1314,0,11.15
cust_110626,257,E-commerce,UPI,0.7367,0.2633,1,0.55
cust_110627,46,Gaming,netbanking,0.9002,0.0998,0,3.39
cust_110628,339,Financial Services,card,0.5075,0.4925,1,14.69
cust_110629,41,Gaming,card,0.9098,0.0902,1,1.78
cust_110630,21,SaaS,UPI,0.7948,0.2052,0,18.18
cust_110631,205,Financial Services,UPI,0.8452,0.1548,1,3.23
cust_110632,31,SaaS,UPI,0.9476,0.0524,1,3.26
cust_110633,3,SaaS,netbanking,0.7824,0.2176,1,28.63
cust_110634,42,Edtech,card,0.7265,0.2735,0,3.78
cust_110635,224,Gaming,card,0.2874,0.7126,0,15.85
cust_110636,54,SaaS,card,0.956,0.044,0,11.15
cust_110637,265,SaaS,UPI,0.8701,0.1299,1,10.99
cust_110638,188,Gaming,UPI,0.5567,0.4433,0,25.87
cust_110639,3,Edtech,card,0.2781,0.7219,0,21.18
cust_110640,93,SaaS,card,0.8881,0.1119,0,11.39
cust_110641,3,Gaming,UPI,0.96,0.04,0,7.81
cust_110642,39,Financial Services,card,0.7228,0.2772,0,4.3
cust_110643,127,Financial Services,wallet,0.8379,0.1621,0,15.42
cust_110644,35,Financial Services,card,0.1057,0.8943,0,25.21
cust_110645,269,Edtech,UPI,0.7413,0.2587,0,0.87
cust_110646,156,E-commerce,netbanking,0.9103,0.0897,0,4.41
cust_110647,129,Gaming,UPI,0.9672,0.0328,0,4.56
cust_110648,88,Edtech,UPI,0.5592,0.4408,0,7.78
cust_110649,313,SaaS,UPI,0.7234,0.2766,1,25.83
cust_110650,125,Gaming,card,0.9276,0.0724,1,9.06
cust_110651,88,SaaS,UPI,0.7782,0.2218,0,3.46
cust_110652,40,Edtech,card,0.7377,0.2623,1,0.78
cust_110653,1207,Gaming,card,0.9407,0.0593,1,16.13
cust_110654,202,Edtech,UPI,0.1261,0.8739,0,18.5
cust_110655,30,E-commerce,wallet,0.8893,0.1107,0,14.33
cust_110656,197,Financial Services,UPI,0.8462,0.1538,1,5.06
cust_110657,411,Edtech,UPI,0.9006,0.0994,0,15.63
cust_110658,132,Edtech,card,0.8088,0.1912,1,14.75
cust_110659,258,SaaS,UPI,0.5591,0.4409,0,4.29
cust_110660,7,E-commerce,UPI,0.9209,0.0791,0,25.13
cust_110661,117,E-commerce,netbanking,0.8819,0.1181,0,2.36
cust_110662,422,SaaS,netbanking,0.8657,0.1343,0,9.7
cust_110663,55,Edtech,UPI,0.8202,0.1798,1,2.72
cust_110664,46,Financial Services,UPI,0.747,0.253,1,30.1
cust_110665,204,SaaS,UPI,0.7135,0.2865,1,2.93
cust_110666,55,SaaS,wallet,0.9518,0.0482,0,12.72
cust_110667,78,E-commerce,UPI,0.8989,0.1011,2,3.27
cust_110668,86,E-commerce,UPI,0.8721,0.1279,1,15.98
cust_110669,116,Gaming,UPI,0.7548,0.2452,0,2.02
cust_110670,35,E-commerce,card,0.8634,0.1366,0,11.63
cust_110671,87,Gaming,UPI,0.8626,0.1374,0,14.13
cust_110672,43,E-commerce,card,0.494,0.506,0,16.46
cust_110673,54,E-commerce,UPI,0.2422,0.7578,1,15.85
cust_110674,121,Edtech,UPI,0.8554,0.1446,0,16.21
cust_110675,21,Gaming,netbanking,0.979,0.021,0,6.18
cust_110676,318,SaaS,card,0.9468,0.0532,0,8.63
cust_110677,45,Financial Services,card,0.8598,0.1402,1,0.74
cust_110678,91,Financial Services,UPI,0.7136,0.2864,0,6.5
cust_110679,125,Edtech,card,0.7963,0.2037,0,26.91
cust_110680,127,SaaS,UPI,0.4773,0.5227,2,25.65
cust_110681,99,E-commerce,UPI,0.7016,0.2984,0,8.3
cust_110682,47,SaaS,netbanking,0.7767,0.2233,0,24.54
cust_110683,221,SaaS,card,0.9492,0.0508,0,12.55
cust_110684,70,SaaS,card,0.9092,0.0908,0,18.07
cust_110685,5,Financial Services,card,0.9454,0.0546,1,2.13
cust_110686,41,SaaS,card,0.8399,0.1601,0,0.05
cust_110687,5,SaaS,card,0.9252,0.0748,0,26.31
cust_110688,71,Gaming,card,0.7765,0.2235,0,26.11
cust_110689,5,Gaming,UPI,0.7785,0.2215,0,1.09
cust_110690,81,Edtech,card,0.302,0.698,0,28.7
cust_110691,179,Gaming,netbanking,0.9379,0.0621,0,1.46
cust_110692,16,Edtech,UPI,0.9553,0.0447,0,6.19
cust_110693,36,SaaS,card,0.7369,0.2631,0,4.56
cust_110694,14,Financial Services,card,0.8115,0.1885,0,14.19
cust_110695,282,Gaming,card,0.8916,0.1084,0,2.69
cust_110696,296,Gaming,card,0.7975,0.2025,1,3.11
cust_110697,226,SaaS,UPI,0.7397,0.2603,0,4.25
cust_110698,99,Edtech,UPI,0.1715,0.8285,0,23.06
cust_110699,65,Gaming,UPI,0.7813,0.2187,0,15.64
cust_110700,79,Edtech,card,0.9406,0.0594,0,0.61
cust_110701,67,Financial Services,UPI,0.7502,0.2498,0,7.1
cust_110702,17,E-commerce,card,0.8756,0.1244,1,40.38
cust_110703,385,Edtech,card,0.9108,0.0892,1,5.15
cust_110704,371,Gaming,UPI,0.4003,0.5997,0,16.66
cust_110705,149,Edtech,UPI,0.7268,0.2732,0,16.81
cust_110706,81,Edtech,card,0.8468,0.1532,0,2.14
cust_110707,17,Financial Services,card,0.5946,0.4054,1,3.03
cust_110708,229,Financial Services,UPI,0.7896,0.2104,0,18.92
cust_110709,34,SaaS,card,0.4912,0.5088,0,15.98
cust_110710,113,Financial Services,UPI,0.5033,0.4967,0,6.29
cust_110711,49,Financial Services,netbanking,0.4793,0.5207,1,18.47
cust_110712,75,Financial Services,card,0.4596,0.5404,0,19.04
cust_110713,208,Financial Services,UPI,0.915,0.085,0,1.01
cust_110714,181,Edtech,UPI,0.7357,0.2643,1,22.15
cust_110715,55,Financial Services,card,0.8665,0.1335,1,3.09
cust_110716,287,Financial Services,UPI,0.7129,0.2871,1,11.34
cust_110717,10,Financial Services,card,0.7441,0.2559,0,6.27
cust_110718,22,Financial Services,card,0.93,0.07,0,4.83
cust_110719,127,Edtech,UPI,0.1315,0.8685,1,23.62
cust_110720,17,Edtech,card,0.8392,0.1608,0,16.32
cust_110721,44,E-commerce,UPI,0.9007,0.0993,0,33.0
cust_110722,179,E-commerce,UPI,0.7766,0.2234,1,13.22
cust_110723,129,E-commerce,netbanking,0.7956,0.2044,0,5.14
cust_110724,118,Financial Services,UPI,0.7002,0.2998,0,13.08
cust_110725,123,Edtech,UPI,0.8463,0.1537,0,3.87
cust_110726,163,Gaming,card,0.8093,0.1907,1,14.19
cust_110727,35,SaaS,UPI,0.7302,0.2698,1,40.24
cust_110728,250,SaaS,card,0.7421,0.2579,0,7.48
cust_110729,160,Edtech,card,0.9512,0.0488,0,16.34
cust_110730,124,Edtech,UPI,0.7245,0.2755,0,7.15
cust_110731,26,SaaS,UPI,0.804,0.196,0,24.25
cust_110732,7,Financial Services,UPI,0.4063,0.5937,0,28.51
cust_110733,148,Gaming,netbanking,0.8859,0.1141,0,8.96
cust_110734,63,E-commerce,card,0.4628,0.5372,0,26.54
cust_110735,14,SaaS,netbanking,0.1426,0.8574,0,22.56
cust_110736,106,E-commerce,card,0.862,0.138,0,5.58
cust_110737,41,Edtech,UPI,0.7633,0.2367,0,0.01
cust_110738,245,SaaS,card,0.7776,0.2224,0,0.02
cust_110739,82,SaaS,UPI,0.7087,0.2913,1,19.96
cust_110740,13,Gaming,UPI,0.8359,0.1641,1,4.96
cust_110741,37,E-commerce,card,0.9539,0.0461,0,20.4
cust_110742,333,E-commerce,netbanking,0.8778,0.1222,0,45.99
cust_110743,160,Financial Services,UPI,0.8523,0.1477,0,11.0
cust_110744,157,Edtech,UPI,0.1743,0.8257,0,58.5
cust_110745,48,SaaS,UPI,0.8487,0.1513,1,27.11
cust_110746,182,E-commerce,UPI,0.346,0.654,0,15.19
cust_110747,57,Gaming,card,0.9523,0.0477,0,13.42
cust_110748,134,Gaming,card,0.1545,0.8455,2,17.77
cust_110749,151,SaaS,card,0.9251,0.0749,1,3.28
cust_110750,59,Gaming,UPI,0.9412,0.0588,0,6.36
cust_110751,268,E-commerce,UPI,0.7963,0.2037,0,19.17
cust_110752,50,Financial Services,wallet,0.8726,0.1274,0,5.84
cust_110753,13,Financial Services,wallet,0.8902,0.1098,2,34.85
cust_110754,318,Edtech,UPI,0.8265,0.1735,2,1.2
cust_110755,243,Edtech,UPI,0.9439,0.0561,1,0.3
cust_110756,82,E-commerce,card,0.9148,0.0852,0,5.33
cust_110757,21,Edtech,card,0.9661,0.0339,1,11.87
cust_110758,61,E-commerce,card,0.912,0.088,0,14.25
cust_110759,234,Financial Services,card,0.7417,0.2583,2,7.08
cust_110760,281,Edtech,netbanking,0.752,0.248,0,12.94
cust_110761,64,Edtech,UPI,0.7327,0.2673,2,0.18
cust_110762,204,Financial Services,UPI,0.8903,0.1097,0,2.1
cust_110763,20,E-commerce,card,0.7927,0.2073,0,1.37
cust_110764,300,E-commerce,wallet,0.8023,0.1977,0,2.62
cust_110765,108,Gaming,UPI,0.7523,0.2477,0,4.1
cust_110766,358,Financial Services,wallet,0.9764,0.0236,1,12.75
cust_110767,77,Financial Services,card,0.8218,0.1782,0,13.14
cust_110768,13,Financial Services,UPI,0.849,0.151,1,3.13
cust_110769,66,Gaming,UPI,0.8386,0.1614,0,2.33
cust_110770,123,Edtech,UPI,0.9318,0.0682,0,1.05
cust_110771,6,Financial Services,netbanking,0.4326,0.5674,1,15.31
cust_110772,33,SaaS,netbanking,0.7878,0.2122,0,16.76
cust_110773,106,SaaS,card,0.93,0.07,0,5.4
cust_110774,42,Financial Services,card,0.8692,0.1308,1,4.78
cust_110775,52,SaaS,card,0.91,0.09,0,27.09
cust_110776,96,E-commerce,netbanking,0.7267,0.2733,1,1.42
cust_110777,238,SaaS,card,0.7827,0.2173,0,27.22
cust_110778,77,SaaS,UPI,0.9673,0.0327,0,17.31
cust_110779,15,E-commerce,UPI,0.5095,0.4905,0,18.3
cust_110780,181,SaaS,UPI,0.7229,0.2771,0,5.02
cust_110781,102,Edtech,wallet,0.8654,0.1346,0,44.72
cust_110782,166,Gaming,UPI,0.7856,0.2144,1,7.6
cust_110783,114,Financial Services,netbanking,0.9608,0.0392,0,20.87
cust_110784,328,E-commerce,UPI,0.4978,0.5022,1,15.84
cust_110785,383,Financial Services,UPI,0.1612,0.8388,0,23.05
cust_110786,29,Edtech,card,0.9292,0.0708,0,2.27
cust_110787,348,Edtech,wallet,0.9612,0.0388,0,1.85
cust_110788,66,E-commerce,netbanking,0.9358,0.0642,0,1.37
cust_110789,272,Financial Services,UPI,0.1126,0.8874,0,16.5
cust_110790,257,SaaS,UPI,0.9217,0.0783,0,22.45
cust_110791,224,Edtech,UPI,0.7844,0.2156,0,2.8
cust_110792,92,Gaming,UPI,0.9069,0.0931,0,9.21
cust_110793,93,Gaming,UPI,0.9278,0.0722,0,34.88
cust_110794,24,Financial Services,card,0.9054,0.0946,0,11.66
cust_110795,12,Gaming,UPI,0.9346,0.0654,0,3.33
cust_110796,92,Financial Services,UPI,0.715,0.285,0,13.23
cust_110797,5,E-commerce,UPI,0.3863,0.6137,0,15.2
cust_110798,13,E-commerce,UPI,0.7714,0.2286,0,20.11
cust_110799,9,Financial Services,netbanking,0.9571,0.0429,1,0.26
cust_110800,7,Gaming,card,0.5515,0.4485,1,7.8
cust_110801,24,Gaming,netbanking,0.9667,0.0333,0,42.82
cust_110802,59,E-commerce,UPI,0.7448,0.2552,1,12.8
cust_110803,63,E-commerce,netbanking,0.8686,0.1314,1,2.75
cust_110804,126,Edtech,wallet,0.9602,0.0398,0,30.84
cust_110805,51,Financial Services,netbanking,0.3252,0.6748,0,19.44
cust_110806,82,SaaS,card,0.9049,0.0951,0,25.8
cust_110807,281,Gaming,card,0.811,0.189,0,0.82
cust_110808,83,Financial Services,card,0.832,0.168,0,10.26
cust_110809,91,Financial Services,card,0.8285,0.1715,0,11.82
cust_110810,21,E-commerce,UPI,0.8151,0.1849,1,42.34
cust_110811,6,Edtech,UPI,0.701,0.299,0,55.13
cust_110812,554,Financial Services,UPI,0.9008,0.0992,0,13.85
cust_110813,265,E-commerce,card,0.8539,0.1461,1,10.23
cust_110814,145,E-commerce,UPI,0.5835,0.4165,2,2.81
cust_110815,47,Gaming,UPI,0.3905,0.6095,0,45.78
cust_110816,22,E-commerce,card,0.841,0.159,0,8.53
cust_110817,6,Gaming,UPI,0.8556,0.1444,0,11.31
cust_110818,181,Edtech,UPI,0.7374,0.2626,0,13.09
cust_110819,202,Edtech,UPI,0.7603,0.2397,0,0.92
cust_110820,20,E-commerce,UPI,0.7031,0.2969,0,23.42
cust_110821,20,Edtech,card,0.8008,0.1992,0,28.12
cust_110822,193,Gaming,netbanking,0.8206,0.1794,0,16.68
cust_110823,52,E-commerce,UPI,0.7103,0.2897,1,0.95
cust_110824,243,Financial Services,UPI,0.9707,0.0293,0,9.76
cust_110825,101,SaaS,card,0.8521,0.1479,0,32.13
cust_110826,360,E-commerce,UPI,0.2012,0.7988,0,15.47
cust_110827,228,Edtech,netbanking,0.7952,0.2048,0,18.31
cust_110828,146,Edtech,UPI,0.9799,0.0201,0,3.1
cust_110829,37,SaaS,card,0.3604,0.6396,0,16.92
cust_110830,2,Edtech,card,0.9235,0.0765,2,15.4
cust_110831,65,Edtech,UPI,0.5834,0.4166,0,0.85
cust_110832,121,E-commerce,UPI,0.5365,0.4635,1,2.59
cust_110833,379,E-commerce,UPI,0.891,0.109,0,0.65
cust_110834,12,Financial Services,card,0.7053,0.2947,0,2.15
cust_110835,248,Gaming,card,0.9626,0.0374,0,2.86
cust_110836,169,Financial Services,card,0.9659,0.0341,0,4.3
cust_110837,30,SaaS,UPI,0.3054,0.6946,0,52.31
cust_110838,167,Edtech,card,0.9592,0.0408,0,0.01
cust_110839,8,Gaming,card,0.8987,0.1013,0,2.14
cust_110840,7,Gaming,netbanking,0.7467,0.2533,0,1.14
cust_110841,175,Gaming,card,0.8607,0.1393,0,2.09
cust_110842,202,E-commerce,UPI,0.7584,0.2416,1,6.92
cust_110843,24,Financial Services,card,0.893,0.107,1,1.06
cust_110844,46,Edtech,netbanking,0.7496,0.2504,1,30.7
cust_110845,117,Financial Services,UPI,0.8455,0.1545,0,6.0
cust_110846,206,Financial Services,UPI,0.859,0.141,2,2.99
cust_110847,423,Edtech,card,0.819,0.181,1,40.97
cust_110848,204,E-commerce,netbanking,0.7864,0.2136,0,5.63
cust_110849,13,Financial Services,UPI,0.8668,0.1332,0,30.29
cust_110850,133,Gaming,UPI,0.9168,0.0832,2,26.2
cust_110851,167,Gaming,UPI,0.3739,0.6261,1,26.14
cust_110852,224,Gaming,UPI,0.7502,0.2498,0,4.7
cust_110853,34,Financial Services,UPI,0.7538,0.2462,1,21.05
cust_110854,111,Gaming,card,0.8903,0.1097,1,4.42
cust_110855,18,Financial Services,card,0.7322,0.2678,0,3.48
cust_110856,110,SaaS,UPI,0.1375,0.8625,1,42.13
cust_110857,88,E-commerce,netbanking,0.7936,0.2064,0,8.17
cust_110858,55,Gaming,UPI,0.7862,0.2138,1,1.29
cust_110859,213,E-commerce,card,0.8156,0.1844,0,5.66
cust_110860,90,Edtech,card,0.7438,0.2562,1,11.29
cust_110861,217,SaaS,netbanking,0.8638,0.1362,0,4.31
cust_110862,109,SaaS,netbanking,0.532,0.468,1,41.19
cust_110863,70,Gaming,netbanking,0.7272,0.2728,3,2.18
cust_110864,75,Financial Services,netbanking,0.9541,0.0459,1,0.48
cust_110865,86,Edtech,UPI,0.8971,0.1029,0,15.84
cust_110866,41,SaaS,card,0.8761,0.1239,0,19.71
cust_110867,162,Gaming,UPI,0.7251,0.2749,0,2.08
cust_110868,508,Financial Services,card,0.8852,0.1148,1,0.18
cust_110869,106,SaaS,UPI,0.8717,0.1283,1,4.13
cust_110870,10,Gaming,wallet,0.8866,0.1134,1,4.05
cust_110871,60,Financial Services,UPI,0.9738,0.0262,2,20.75
cust_110872,169,Gaming,card,0.7331,0.2669,1,2.09
cust_110873,126,E-commerce,card,0.8283,0.1717,1,0.39
cust_110874,37,Financial Services,netbanking,0.8889,0.1111,2,0.24
cust_110875,79,SaaS,wallet,0.9236,0.0764,2,19.6
cust_110876,47,Gaming,UPI,0.9747,0.0253,1,13.04
cust_110877,130,Edtech,UPI,0.8737,0.1263,0,3.99
cust_110878,170,Financial Services,UPI,0.5221,0.4779,0,10.94
cust_110879,23,Edtech,UPI,0.891,0.109,0,3.38
cust_110880,126,Gaming,wallet,0.9151,0.0849,0,23.27
cust_110881,69,Financial Services,card,0.7332,0.2668,1,1.02
cust_110882,19,Edtech,card,0.8732,0.1268,0,8.42
cust_110883,68,Financial Services,UPI,0.7576,0.2424,1,10.39
cust_110884,56,E-commerce,UPI,0.938,0.062,0,16.99
cust_110885,103,SaaS,wallet,0.8641,0.1359,0,64.05
cust_110886,142,Gaming,netbanking,0.8423,0.1577,0,7.1
cust_110887,192,Gaming,card,0.8923,0.1077,0,3.92
cust_110888,131,Financial Services,netbanking,0.7098,0.2902,0,4.35
cust_110889,271,Gaming,card,0.8694,0.1306,0,0.59
cust_110890,154,E-commerce,UPI,0.8403,0.1597,0,9.47
cust_110891,47,Financial Services,UPI,0.929,0.071,0,12.64
cust_110892,39,Gaming,UPI,0.7595,0.2405,0,0.56
cust_110893,144,E-commerce,wallet,0.815,0.185,0,3.22
cust_110894,25,Edtech,UPI,0.7143,0.2857,0,3.77
cust_110895,13,Financial Services,netbanking,0.8372,0.1628,1,0.64
cust_110896,196,Financial Services,UPI,0.9478,0.0522,0,3.93
cust_110897,68,Edtech,UPI,0.9264,0.0736,0,1.19
cust_110898,236,Edtech,UPI,0.8451,0.1549,0,6.67
cust_110899,5,Financial Services,card,0.7726,0.2274,0,9.12
cust_110900,115,Gaming,netbanking,0.9723,0.0277,0,6.23
cust_110901,393,SaaS,card,0.9357,0.0643,2,3.06
cust_110902,170,E-commerce,card,0.8241,0.1759,0,11.97
cust_110903,115,Edtech,card,0.8814,0.1186,0,0.46
cust_110904,241,E-commerce,netbanking,0.9169,0.0831,0,3.12
cust_110905,4,E-commerce,UPI,0.7475,0.2525,0,4.46
cust_110906,26,SaaS,UPI,0.7764,0.2236,2,6.27
cust_110907,572,Gaming,netbanking,0.7881,0.2119,0,3.85
cust_110908,34,E-commerce,UPI,0.7724,0.2276,0,4.17
cust_110909,164,SaaS,UPI,0.9253,0.0747,1,8.98
cust_110910,123,Edtech,card,0.9427,0.0573,0,3.32
cust_110911,34,SaaS,card,0.835,0.165,0,7.3
cust_110912,11,SaaS,UPI,0.849,0.151,1,3.29
cust_110913,115,E-commerce,card,0.8041,0.1959,0,3.56
cust_110914,123,Financial Services,wallet,0.7522,0.2478,0,10.62
cust_110915,285,Gaming,UPI,0.3035,0.6965,0,25.99
cust_110916,4,Financial Services,UPI,0.9073,0.0927,0,2.54
cust_110917,24,SaaS,card,0.7775,0.2225,1,0.5
cust_110918,153,SaaS,card,0.8284,0.1716,1,23.58
cust_110919,19,SaaS,UPI,0.9451,0.0549,0,6.76
cust_110920,312,SaaS,netbanking,0.9021,0.0979,1,13.08
cust_110921,59,Financial Services,netbanking,0.927,0.073,0,1.52
cust_110922,222,Edtech,card,0.788,0.212,1,21.61
cust_110923,136,SaaS,card,0.9463,0.0537,0,14.48
cust_110924,65,Financial Services,UPI,0.7645,0.2355,0,13.79
cust_110925,21,Gaming,UPI,0.8628,0.1372,1,1.86
cust_110926,265,E-commerce,UPI,0.7816,0.2184,0,5.59
cust_110927,78,Financial Services,UPI,0.8814,0.1186,1,4.45
cust_110928,54,Edtech,card,0.9794,0.0206,0,26.12
cust_110929,31,Financial Services,card,0.9088,0.0912,1,1.81
cust_110930,93,E-commerce,UPI,0.94,0.06,1,1.73
cust_110931,153,E-commerce,UPI,0.755,0.245,0,6.18
cust_110932,33,Gaming,wallet,0.774,0.226,0,8.5
cust_110933,356,Edtech,UPI,0.9191,0.0809,0,1.77
cust_110934,335,Gaming,netbanking,0.9284,0.0716,0,4.04
cust_110935,296,SaaS,card,0.7059,0.2941,0,10.45
cust_110936,173,Financial Services,netbanking,0.8352,0.1648,2,0.48
cust_110937,16,Gaming,netbanking,0.5369,0.4631,0,15.81
cust_110938,228,Edtech,UPI,0.2495,0.7505,0,17.16
cust_110939,7,Gaming,card,0.9467,0.0533,0,28.94
cust_110940,43,Financial Services,card,0.8314,0.1686,0,7.68
cust_110941,52,Gaming,UPI,0.7661,0.2339,0,28.68
cust_110942,2,SaaS,UPI,0.7738,0.2262,1,2.12
cust_110943,9,E-commerce,UPI,0.8252,0.1748,0,0.74
cust_110944,54,Edtech,UPI,0.965,0.035,0,1.54
cust_110945,75,Gaming,UPI,0.9394,0.0606,0,4.61
cust_110946,16,SaaS,netbanking,0.9552,0.0448,0,14.06
cust_110947,78,E-commerce,UPI,0.752,0.248,0,0.45
cust_110948,10,Financial Services,UPI,0.3017,0.6983,0,20.62
cust_110949,136,Gaming,UPI,0.8212,0.1788,1,2.86
cust_110950,284,Financial Services,UPI,0.1426,0.8574,1,16.28
cust_110951,33,Gaming,UPI,0.7335,0.2665,0,1.11
cust_110952,10,E-commerce,UPI,0.767,0.233,0,25.45
cust_110953,60,Financial Services,card,0.9416,0.0584,0,0.67
cust_110954,97,Gaming,netbanking,0.1938,0.8062,1,18.48
cust_110955,14,Financial Services,card,0.8675,0.1325,0,18.58
cust_110956,112,Gaming,netbanking,0.7833,0.2167,0,14.77
cust_110957,42,SaaS,card,0.9705,0.0295,0,9.36
cust_110958,92,E-commerce,card,0.9618,0.0382,1,0.58
cust_110959,280,Financial Services,UPI,0.5583,0.4417,1,17.04
cust_110960,76,Gaming,card,0.7033,0.2967,0,13.61
cust_110961,36,Gaming,card,0.1224,0.8776,0,27.81
cust_110962,42,Financial Services,UPI,0.8017,0.1983,1,11.76
cust_110963,310,SaaS,UPI,0.7749,0.2251,0,3.48
cust_110964,44,Financial Services,UPI,0.3275,0.6725,1,18.37
cust_110965,102,E-commerce,UPI,0.8906,0.1094,0,0.6
cust_110966,366,Edtech,UPI,0.9046,0.0954,1,2.59
cust_110967,26,Gaming,card,0.9255,0.0745,1,1.23
cust_110968,59,E-commerce,UPI,0.9356,0.0644,1,0.64
cust_110969,305,Edtech,UPI,0.8212,0.1788,0,11.01
cust_110970,7,Edtech,UPI,0.8932,0.1068,0,31.36
cust_110971,190,SaaS,UPI,0.9457,0.0543,0,9.47
cust_110972,1,Gaming,UPI,0.1924,0.8076,1,34.03
cust_110973,130,SaaS,UPI,0.753,0.247,1,21.89
cust_110974,49,Financial Services,card,0.9294,0.0706,1,4.41
cust_110975,86,E-commerce,card,0.92,0.08,0,48.79
cust_110976,161,Edtech,UPI,0.9655,0.0345,0,5.72
cust_110977,237,Financial Services,UPI,0.8454,0.1546,0,0.47
cust_110978,499,Gaming,UPI,0.7748,0.2252,0,6.77
cust_110979,42,Edtech,UPI,0.9489,0.0511,0,0.78
cust_110980,86,Gaming,UPI,0.8603,0.1397,0,3.86
cust_110981,102,Edtech,UPI,0.8645,0.1355,0,2.71
cust_110982,70,SaaS,UPI,0.7521,0.2479,0,9.91
cust_110983,65,SaaS,UPI,0.9485,0.0515,0,33.97
cust_110984,25,Financial Services,UPI,0.4566,0.5434,0,20.33
cust_110985,44,Edtech,netbanking,0.8734,0.1266,0,2.83
cust_110986,360,SaaS,UPI,0.2808,0.7192,0,17.81
cust_110987,10,E-commerce,card,0.8817,0.1183,0,13.09
cust_110988,173,E-commerce,UPI,0.8675,0.1325,0,7.33
cust_110989,247,Gaming,UPI,0.7548,0.2452,0,21.41
cust_110990,33,SaaS,UPI,0.9303,0.0697,0,3.65
cust_110991,76,E-commerce,netbanking,0.8003,0.1997,0,7.25
cust_110992,40,Financial Services,card,0.9713,0.0287,1,3.86
cust_110993,187,E-commerce,UPI,0.3986,0.6014,0,19.53
cust_110994,22,Gaming,UPI,0.2766,0.7234,1,21.13
cust_110995,21,SaaS,UPI,0.8911,0.1089,0,0.14
cust_110996,81,E-commerce,UPI,0.7072,0.2928,0,46.1
cust_110997,61,E-commerce,card,0.8758,0.1242,0,2.84
cust_110998,101,Edtech,UPI,0.8564,0.1436,0,1.53
cust_110999,31,Edtech,card,0.2461,0.7539,1,17.73
cust_111000,208,E-commerce,UPI,0.5737,0.4263,1,2.64
cust_111001,11,E-commerce,wallet,0.9123,0.0877,0,3.22
cust_111002,80,Financial Services,UPI,0.7354,0.2646,1,6.01
cust_111003,96,SaaS,UPI,0.9449,0.0551,0,43.88
cust_111004,252,SaaS,UPI,0.9548,0.0452,0,0.0
cust_111005,64,SaaS,UPI,0.797,0.203,1,13.82
cust_111006,46,Gaming,netbanking,0.8255,0.1745,0,18.3
cust_111007,119,Gaming,wallet,0.9118,0.0882,1,3.08
cust_111008,85,Financial Services,UPI,0.9478,0.0522,0,12.4
cust_111009,33,Gaming,UPI,0.9635,0.0365,0,2.23
cust_111010,9,E-commerce,UPI,0.9007,0.0993,0,7.77
cust_111011,3,Edtech,netbanking,0.9324,0.0676,1,3.01
cust_111012,14,Edtech,netbanking,0.85,0.15,0,9.42
cust_111013,272,Financial Services,netbanking,0.4392,0.5608,1,35.98
cust_111014,251,Gaming,UPI,0.8222,0.1778,2,5.83
cust_111015,140,Edtech,UPI,0.8643,0.1357,1,23.82
cust_111016,44,SaaS,UPI,0.7517,0.2483,1,18.54
cust_111017,43,Edtech,netbanking,0.8308,0.1692,0,0.72
cust_111018,331,Financial Services,UPI,0.9194,0.0806,2,5.89
cust_111019,10,SaaS,UPI,0.7948,0.2052,0,9.15
cust_111020,448,SaaS,UPI,0.9623,0.0377,0,8.85
cust_111021,23,SaaS,card,0.9038,0.0962,0,29.87
cust_111022,120,Gaming,UPI,0.7849,0.2151,1,16.12
cust_111023,37,Gaming,UPI,0.7289,0.2711,0,4.92
cust_111024,45,Edtech,card,0.4543,0.5457,0,18.47
cust_111025,19,Edtech,UPI,0.7789,0.2211,0,14.36
cust_111026,419,SaaS,card,0.9367,0.0633,0,17.67
cust_111027,9,SaaS,UPI,0.7381,0.2619,0,5.95
cust_111028,192,Edtech,netbanking,0.8993,0.1007,0,6.84
cust_111029,29,SaaS,UPI,0.7931,0.2069,1,2.37
cust_111030,50,Financial Services,card,0.8156,0.1844,0,5.66
cust_111031,171,Edtech,card,0.7986,0.2014,0,19.87
cust_111032,241,E-commerce,UPI,0.7931,0.2069,0,12.61
cust_111033,19,Gaming,netbanking,0.131,0.869,0,31.06
cust_111034,22,E-commerce,card,0.8251,0.1749,0,4.76
cust_111035,19,Edtech,UPI,0.9149,0.0851,1,5.22
cust_111036,136,Financial Services,UPI,0.9615,0.0385,0,1.55
cust_111037,125,Edtech,netbanking,0.9447,0.0553,2,32.57
cust_111038,44,Edtech,UPI,0.8983,0.1017,0,0.49
cust_111039,213,E-commerce,UPI,0.8253,0.1747,1,0.06
cust_111040,42,Edtech,UPI,0.9274,0.0726,1,7.84
cust_111041,17,E-commerce,UPI,0.8316,0.1684,0,14.34
cust_111042,22,SaaS,card,0.1311,0.8689,1,25.01
cust_111043,174,Edtech,UPI,0.95,0.05,0,13.24
cust_111044,54,Gaming,UPI,0.8533,0.1467,0,27.04
cust_111045,54,Edtech,UPI,0.9064,0.0936,0,1.99
cust_111046,17,Financial Services,UPI,0.9582,0.0418,0,18.41
cust_111047,256,SaaS,UPI,0.7371,0.2629,1,10.27
cust_111048,22,Gaming,UPI,0.8181,0.1819,0,2.9
cust_111049,167,Financial Services,UPI,0.2649,0.7351,0,41.26
cust_111050,141,Gaming,UPI,0.9525,0.0475,0,19.09
cust_111051,14,E-commerce,card,0.8207,0.1793,0,5.11
cust_111052,291,Edtech,UPI,0.9215,0.0785,1,9.45
cust_111053,520,Financial Services,card,0.919,0.081,1,16.57
cust_111054,172,E-commerce,wallet,0.8903,0.1097,1,6.25
cust_111055,291,Financial Services,card,0.9255,0.0745,0,1.15
cust_111056,53,Edtech,card,0.9656,0.0344,1,0.57
cust_111057,121,E-commerce,netbanking,0.839,0.161,0,26.37
cust_111058,53,SaaS,netbanking,0.2415,0.7585,2,18.88
cust_111059,277,Edtech,card,0.7674,0.2326,0,0.47
cust_111060,55,Edtech,card,0.8743,0.1257,0,7.49
cust_111061,1,Edtech,UPI,0.8018,0.1982,0,6.06
cust_111062,577,Financial Services,netbanking,0.9683,0.0317,0,9.0
cust_111063,84,Financial Services,UPI,0.9678,0.0322,1,7.05
cust_111064,126,E-commerce,UPI,0.9224,0.0776,0,2.14
cust_111065,59,Financial Services,UPI,0.941,0.059,1,22.81
cust_111066,227,Financial Services,card,0.7151,0.2849,0,9.55
cust_111067,25,Gaming,UPI,0.7022,0.2978,0,9.8
cust_111068,21,Gaming,UPI,0.3514,0.6486,0,27.58
cust_111069,526,SaaS,card,0.7222,0.2778,1,1.0
cust_111070,156,SaaS,UPI,0.7923,0.2077,0,12.14
cust_111071,283,Financial Services,UPI,0.9145,0.0855,1,1.31
cust_111072,88,SaaS,netbanking,0.8621,0.1379,0,13.77
cust_111073,96,Gaming,card,0.8095,0.1905,0,2.25
cust_111074,40,Financial Services,UPI,0.918,0.082,2,8.05
cust_111075,65,Gaming,card,0.7679,0.2321,0,3.28
cust_111076,302,SaaS,netbanking,0.8177,0.1823,0,12.14
cust_111077,5,Gaming,UPI,0.9698,0.0302,1,3.92
cust_111078,133,Gaming,netbanking,0.853,0.147,1,17.05
cust_111079,231,SaaS,card,0.7094,0.2906,0,1.18
cust_111080,33,Edtech,UPI,0.8545,0.1455,2,15.4
cust_111081,175,Gaming,card,0.154,0.846,0,19.28
cust_111082,22,E-commerce,UPI,0.7453,0.2547,0,14.26
cust_111083,5,Edtech,UPI,0.4055,0.5945,2,18.21
cust_111084,124,E-commerce,UPI,0.9054,0.0946,0,5.72
cust_111085,91,E-commerce,wallet,0.8214,0.1786,0,2.44
cust_111086,72,Financial Services,card,0.7518,0.2482,0,16.4
cust_111087,66,SaaS,UPI,0.9491,0.0509,0,14.84
cust_111088,512,Gaming,UPI,0.8253,0.1747,0,1.84
cust_111089,256,E-commerce,card,0.9784,0.0216,2,1.26
cust_111090,54,SaaS,UPI,0.8722,0.1278,1,8.97
cust_111091,14,Gaming,UPI,0.9667,0.0333,0,8.03
cust_111092,10,Financial Services,card,0.9108,0.0892,1,22.98
cust_111093,101,Financial Services,card,0.821,0.179,0,8.81
cust_111094,62,E-commerce,UPI,0.7764,0.2236,1,4.79
cust_111095,55,E-commerce,netbanking,0.8522,0.1478,0,4.8
cust_111096,263,Edtech,UPI,0.726,0.274,2,10.59
cust_111097,567,Edtech,card,0.9145,0.0855,0,19.22
cust_111098,18,Financial Services,UPI,0.7779,0.2221,1,13.67
cust_111099,72,Financial Services,card,0.9375,0.0625,0,5.44
cust_111100,46,Edtech,UPI,0.8565,0.1435,0,3.9
cust_111101,374,E-commerce,card,0.8678,0.1322,0,7.0
cust_111102,667,Financial Services,card,0.8239,0.1761,1,6.38
cust_111103,25,Edtech,card,0.8913,0.1087,0,13.79
cust_111104,29,Gaming,UPI,0.9309,0.0691,0,1.82
cust_111105,9,Edtech,UPI,0.8586,0.1414,0,10.58
cust_111106,67,Edtech,card,0.8248,0.1752,0,7.17
cust_111107,12,SaaS,UPI,0.966,0.034,0,7.63
cust_111108,171,Financial Services,card,0.7608,0.2392,0,2.33
cust_111109,5,Gaming,UPI,0.7938,0.2062,0,2.7
cust_111110,174,SaaS,UPI,0.7925,0.2075,0,10.22
cust_111111,112,Financial Services,netbanking,0.883,0.117,0,0.7
cust_111112,154,E-commerce,UPI,0.7029,0.2971,1,2.03
cust_111113,107,E-commerce,UPI,0.9218,0.0782,0,25.39
cust_111114,4,Gaming,card,0.9371,0.0629,0,4.25
cust_111115,35,Gaming,UPI,0.7751,0.2249,0,43.98
cust_111116,130,Gaming,card,0.8171,0.1829,0,0.15
cust_111117,111,Gaming,card,0.5487,0.4513,0,4.91
cust_111118,59,Gaming,UPI,0.7389,0.2611,1,3.92
cust_111119,134,E-commerce,UPI,0.9162,0.0838,2,8.96
cust_111120,64,E-commerce,UPI,0.8569,0.1431,1,10.29
cust_111121,202,E-commerce,UPI,0.7147,0.2853,1,1.85
cust_111122,378,Financial Services,UPI,0.8361,0.1639,1,7.01
cust_111123,17,Gaming,UPI,0.7149,0.2851,0,7.31
cust_111124,37,Financial Services,card,0.718,0.282,0,0.01
cust_111125,55,Gaming,card,0.9576,0.0424,1,2.99
cust_111126,508,Gaming,UPI,0.8388,0.1612,1,1.3
cust_111127,124,E-commerce,wallet,0.2327,0.7673,1,22.18
cust_111128,47,Edtech,UPI,0.8078,0.1922,0,25.52
cust_111129,29,Edtech,UPI,0.8258,0.1742,0,5.26
cust_111130,1,Financial Services,UPI,0.8865,0.1135,0,14.29
cust_111131,102,Edtech,UPI,0.8289,0.1711,0,10.96
cust_111132,35,Financial Services,UPI,0.7006,0.2994,1,1.94
cust_111133,37,Edtech,card,0.9379,0.0621,0,29.03
cust_111134,76,E-commerce,UPI,0.8784,0.1216,1,3.91
cust_111135,27,Financial Services,UPI,0.7731,0.2269,1,1.16
cust_111136,107,Edtech,card,0.7739,0.2261,2,20.15
cust_111137,7,Financial Services,UPI,0.7464,0.2536,0,2.01
cust_111138,196,SaaS,card,0.7301,0.2699,1,4.97
cust_111139,1,Financial Services,card,0.9472,0.0528,2,17.27
cust_111140,228,Edtech,UPI,0.7172,0.2828,0,1.9
cust_111141,72,E-commerce,netbanking,0.4425,0.5575,1,31.54
cust_111142,20,Financial Services,UPI,0.8277,0.1723,0,14.96
cust_111143,266,SaaS,card,0.7384,0.2616,2,9.46
cust_111144,228,E-commerce,UPI,0.8768,0.1232,0,3.1
cust_111145,271,SaaS,netbanking,0.8478,0.1522,0,25.75
cust_111146,95,SaaS,UPI,0.8145,0.1855,1,6.06
cust_111147,2,SaaS,UPI,0.7886,0.2114,0,0.76
cust_111148,161,Gaming,card,0.8522,0.1478,0,12.37
cust_111149,597,Edtech,UPI,0.9555,0.0445,0,18.51
cust_111150,3,E-commerce,UPI,0.8402,0.1598,0,8.04
cust_111151,11,Financial Services,UPI,0.815,0.185,0,5.5
cust_111152,145,E-commerce,card,0.8372,0.1628,0,5.55
cust_111153,147,Gaming,card,0.7133,0.2867,1,8.54
cust_111154,17,Edtech,netbanking,0.2022,0.7978,0,27.7
cust_111155,68,SaaS,UPI,0.1203,0.8797,0,16.6
cust_111156,62,Gaming,UPI,0.7217,0.2783,0,1.32
cust_111157,157,Financial Services,card,0.2818,0.7182,0,21.84
cust_111158,75,E-commerce,UPI,0.848,0.152,0,2.06
cust_111159,248,Edtech,netbanking,0.9348,0.0652,0,12.77
cust_111160,83,Edtech,UPI,0.9147,0.0853,1,12.27
cust_111161,90,Edtech,card,0.7059,0.2941,0,12.13
cust_111162,5,E-commerce,UPI,0.8969,0.1031,2,6.1
cust_111163,74,Edtech,card,0.8202,0.1798,0,13.22
cust_111164,213,SaaS,netbanking,0.7604,0.2396,0,5.35
cust_111165,214,Gaming,card,0.7125,0.2875,1,21.48
cust_111166,12,SaaS,card,0.8342,0.1658,0,13.82
cust_111167,119,Edtech,UPI,0.1201,0.8799,0,16.58
cust_111168,19,SaaS,UPI,0.4756,0.5244,0,16.23
cust_111169,17,E-commerce,UPI,0.3749,0.6251,0,18.23
cust_111170,116,Financial Services,card,0.925,0.075,1,20.07
cust_111171,60,E-commerce,UPI,0.7309,0.2691,0,1.33
cust_111172,79,Financial Services,card,0.9336,0.0664,2,9.76
cust_111173,83,SaaS,netbanking,0.7232,0.2768,1,11.47
cust_111174,68,E-commerce,card,0.7697,0.2303,1,27.92
cust_111175,242,SaaS,UPI,0.819,0.181,0,4.85
cust_111176,241,Edtech,UPI,0.7121,0.2879,1,13.71
cust_111177,22,E-commerce,UPI,0.7242,0.2758,0,7.95
cust_111178,42,Financial Services,netbanking,0.7951,0.2049,0,10.81
cust_111179,356,SaaS,card,0.7408,0.2592,0,17.75
cust_111180,2,Financial Services,UPI,0.7947,0.2053,0,2.18
cust_111181,112,Financial Services,card,0.7389,0.2611,0,3.49
cust_111182,69,SaaS,UPI,0.8135,0.1865,0,4.33
cust_111183,111,Financial Services,card,0.7403,0.2597,0,29.45
cust_111184,37,Edtech,card,0.1039,0.8961,0,25.93
cust_111185,74,Edtech,card,0.9367,0.0633,0,5.68
cust_111186,175,Financial Services,card,0.7117,0.2883,0,4.35
cust_111187,1,Gaming,UPI,0.3312,0.6688,0,18.48
cust_111188,171,SaaS,card,0.972,0.028,1,8.85
cust_111189,84,SaaS,netbanking,0.7256,0.2744,0,6.59
cust_111190,245,Financial Services,UPI,0.8927,0.1073,0,1.2
cust_111191,206,E-commerce,card,0.9721,0.0279,0,10.82
cust_111192,178,Edtech,UPI,0.7525,0.2475,1,22.26
cust_111193,105,E-commerce,UPI,0.9573,0.0427,0,3.5
cust_111194,243,SaaS,UPI,0.8038,0.1962,0,6.72
cust_111195,41,Gaming,UPI,0.8632,0.1368,0,24.02
cust_111196,100,Edtech,netbanking,0.9438,0.0562,1,20.22
cust_111197,11,Financial Services,UPI,0.929,0.071,0,7.71
cust_111198,43,Financial Services,card,0.7527,0.2473,1,4.39
cust_111199,110,SaaS,netbanking,0.7636,0.2364,0,1.26
cust_111200,17,E-commerce,UPI,0.8109,0.1891,1,6.05
cust_111201,157,Edtech,card,0.8479,0.1521,0,2.26
cust_111202,45,Edtech,UPI,0.8916,0.1084,1,2.91
cust_111203,7,SaaS,card,0.74,0.26,0,2.48
cust_111204,15,SaaS,UPI,0.9397,0.0603,0,4.15
cust_111205,144,SaaS,wallet,0.7853,0.2147,0,2.78
cust_111206,50,Gaming,UPI,0.258,0.742,1,16.1
cust_111207,158,SaaS,card,0.7533,0.2467,0,1.47
cust_111208,91,Financial Services,UPI,0.9026,0.0974,0,15.02
cust_111209,30,E-commerce,netbanking,0.7569,0.2431,1,7.47
cust_111210,115,E-commerce,UPI,0.341,0.659,0,22.58
cust_111211,143,Edtech,UPI,0.7542,0.2458,0,25.93
cust_111212,143,SaaS,card,0.5098,0.4902,0,5.09
cust_111213,500,Edtech,UPI,0.4855,0.5145,1,36.29
cust_111214,152,Edtech,card,0.9601,0.0399,2,2.14
cust_111215,136,SaaS,netbanking,0.7411,0.2589,0,0.39
cust_111216,124,Financial Services,UPI,0.5833,0.4167,0,4.86
cust_111217,98,Edtech,netbanking,0.7312,0.2688,0,0.35
cust_111218,105,E-commerce,UPI,0.896,0.104,1,13.52
cust_111219,288,Gaming,UPI,0.9516,0.0484,1,10.33
cust_111220,5,E-commerce,UPI,0.9577,0.0423,0,0.47
cust_111221,13,Gaming,UPI,0.7259,0.2741,0,0.16
cust_111222,80,Gaming,card,0.8482,0.1518,0,0.7
cust_111223,114,Financial Services,card,0.8244,0.1756,0,11.81
cust_111224,28,SaaS,card,0.7264,0.2736,0,4.99
cust_111225,9,E-commerce,netbanking,0.9168,0.0832,0,35.42
cust_111226,343,E-commerce,wallet,0.4507,0.5493,0,24.33
cust_111227,63,SaaS,card,0.9019,0.0981,0,0.49
cust_111228,148,Gaming,wallet,0.2892,0.7108,0,19.0
cust_111229,335,Gaming,UPI,0.9009,0.0991,2,11.3
cust_111230,145,SaaS,card,0.7593,0.2407,0,11.8
cust_111231,1,Financial Services,card,0.8399,0.1601,0,3.01
cust_111232,196,Gaming,UPI,0.9287,0.0713,0,0.28
cust_111233,62,Edtech,UPI,0.2752,0.7248,0,17.91
cust_111234,6,Edtech,UPI,0.9436,0.0564,0,8.46
cust_111235,75,E-commerce,netbanking,0.7935,0.2065,0,9.51
cust_111236,242,E-commerce,UPI,0.8032,0.1968,0,8.89
cust_111237,26,SaaS,UPI,0.9387,0.0613,1,3.79
cust_111238,174,Financial Services,card,0.7019,0.2981,0,6.71
cust_111239,132,Edtech,UPI,0.9434,0.0566,0,2.89
cust_111240,42,Financial Services,UPI,0.8814,0.1186,2,8.3
cust_111241,7,Financial Services,card,0.5709,0.4291,0,9.48
cust_111242,221,E-commerce,UPI,0.8627,0.1373,0,8.31
cust_111243,28,E-commerce,card,0.9128,0.0872,0,14.58
cust_111244,15,Financial Services,UPI,0.9293,0.0707,2,3.83
cust_111245,12,SaaS,netbanking,0.3181,0.6819,0,64.21
cust_111246,17,SaaS,UPI,0.7074,0.2926,0,7.18
cust_111247,188,Gaming,wallet,0.9206,0.0794,0,0.21
cust_111248,116,Financial Services,card,0.8645,0.1355,0,2.03
cust_111249,44,SaaS,card,0.9364,0.0636,0,13.6
cust_111250,30,SaaS,netbanking,0.7188,0.2812,0,4.0
cust_111251,108,Financial Services,card,0.5362,0.4638,0,29.59
cust_111252,147,E-commerce,UPI,0.8137,0.1863,1,13.97
cust_111253,298,E-commerce,card,0.7965,0.2035,0,15.63
cust_111254,143,Gaming,card,0.9305,0.0695,0,25.39
cust_111255,87,Financial Services,card,0.7237,0.2763,0,15.18
cust_111256,51,Gaming,netbanking,0.8953,0.1047,0,12.34
cust_111257,78,Gaming,card,0.5794,0.4206,0,1.44
cust_111258,78,SaaS,wallet,0.8195,0.1805,1,28.84
cust_111259,182,Gaming,UPI,0.7857,0.2143,0,5.56
cust_111260,13,SaaS,netbanking,0.8259,0.1741,0,6.13
cust_111261,146,Edtech,netbanking,0.8014,0.1986,0,5.0
cust_111262,115,Gaming,card,0.9773,0.0227,1,9.88
cust_111263,1,E-commerce,card,0.2771,0.7229,0,37.5
cust_111264,21,SaaS,card,0.8032,0.1968,0,8.15
cust_111265,113,E-commerce,UPI,0.9042,0.0958,0,1.14
cust_111266,1,Gaming,UPI,0.8856,0.1144,0,12.5
cust_111267,190,Edtech,UPI,0.9191,0.0809,0,14.71
cust_111268,79,Gaming,UPI,0.7126,0.2874,0,3.15
cust_111269,7,Financial Services,card,0.8188,0.1812,0,29.03
cust_111270,263,Edtech,card,0.9023,0.0977,0,3.28
cust_111271,78,Financial Services,UPI,0.753,0.247,1,12.89
cust_111272,114,Gaming,netbanking,0.1654,0.8346,0,24.93
cust_111273,395,SaaS,UPI,0.8391,0.1609,0,5.0
cust_111274,77,Gaming,UPI,0.9745,0.0255,0,0.22
cust_111275,174,Financial Services,UPI,0.7669,0.2331,1,12.16
cust_111276,81,Gaming,card,0.8867,0.1133,0,0.85
cust_111277,354,Edtech,netbanking,0.7859,0.2141,0,31.87
cust_111278,43,Gaming,UPI,0.8083,0.1917,1,3.92
cust_111279,64,Gaming,UPI,0.9105,0.0895,0,0.18
cust_111280,302,E-commerce,UPI,0.9164,0.0836,0,14.24
cust_111281,42,SaaS,UPI,0.7172,0.2828,2,22.95
cust_111282,266,Financial Services,card,0.8192,0.1808,0,2.45
cust_111283,16,Gaming,card,0.2908,0.7092,1,16.99
cust_111284,42,Financial Services,card,0.1445,0.8555,0,15.75
cust_111285,115,Financial Services,card,0.8611,0.1389,0,2.83
cust_111286,36,E-commerce,netbanking,0.8899,0.1101,0,7.56
cust_111287,155,E-commerce,UPI,0.7687,0.2313,0,10.62
cust_111288,133,Gaming,UPI,0.7607,0.2393,0,10.95
cust_111289,146,Edtech,UPI,0.8485,0.1515,1,1.97
cust_111290,89,Gaming,card,0.9026,0.0974,0,13.93
cust_111291,244,Financial Services,netbanking,0.7659,0.2341,0,16.31
cust_111292,64,Edtech,UPI,0.8931,0.1069,0,23.97
cust_111293,67,SaaS,netbanking,0.4378,0.5622,0,29.57
cust_111294,14,Gaming,UPI,0.771,0.229,1,6.19
cust_111295,253,Gaming,netbanking,0.1931,0.8069,0,24.44
cust_111296,120,E-commerce,UPI,0.9393,0.0607,0,3.58
cust_111297,58,Gaming,UPI,0.9089,0.0911,0,4.38
cust_111298,58,SaaS,UPI,0.8598,0.1402,0,15.53
cust_111299,237,E-commerce,UPI,0.7385,0.2615,0,12.81
cust_111300,310,E-commerce,UPI,0.4224,0.5776,0,17.03
cust_111301,139,Gaming,wallet,0.9536,0.0464,1,12.06
cust_111302,32,SaaS,card,0.8589,0.1411,0,2.52
cust_111303,33,Edtech,card,0.9271,0.0729,1,0.66
cust_111304,5,Financial Services,UPI,0.9122,0.0878,0,5.19
cust_111305,10,SaaS,card,0.9703,0.0297,1,8.28
cust_111306,13,Financial Services,UPI,0.9187,0.0813,1,1.1
cust_111307,226,Gaming,card,0.2503,0.7497,0,26.78
cust_111308,23,SaaS,card,0.8874,0.1126,0,26.28
cust_111309,9,E-commerce,UPI,0.7894,0.2106,1,16.78
cust_111310,1,Edtech,UPI,0.959,0.041,0,14.63
cust_111311,14,SaaS,UPI,0.2652,0.7348,0,17.53
cust_111312,84,Edtech,UPI,0.3938,0.6062,0,20.0
cust_111313,145,Financial Services,UPI,0.8733,0.1267,0,3.21
cust_111314,58,Gaming,netbanking,0.4936,0.5064,1,24.94
cust_111315,136,Financial Services,netbanking,0.9393,0.0607,1,40.5
cust_111316,425,Financial Services,card,0.9777,0.0223,0,11.02
cust_111317,57,E-commerce,card,0.7718,0.2282,0,0.36
cust_111318,230,E-commerce,netbanking,0.8139,0.1861,0,15.57
cust_111319,59,Financial Services,card,0.9215,0.0785,0,8.01
cust_111320,83,SaaS,netbanking,0.8504,0.1496,1,11.67
cust_111321,403,Edtech,UPI,0.3863,0.6137,0,35.44
cust_111322,162,Edtech,netbanking,0.9584,0.0416,0,19.86
cust_111323,189,Edtech,netbanking,0.7297,0.2703,0,0.53
cust_111324,93,SaaS,UPI,0.173,0.827,0,28.48
cust_111325,109,Financial Services,UPI,0.866,0.134,0,0.87
cust_111326,1,Edtech,UPI,0.7977,0.2023,1,7.98
cust_111327,244,Gaming,UPI,0.9578,0.0422,2,0.61
cust_111328,73,SaaS,UPI,0.3623,0.6377,0,17.11
cust_111329,79,SaaS,UPI,0.9456,0.0544,0,2.85
cust_111330,4,Gaming,card,0.9502,0.0498,0,11.98
cust_111331,128,Gaming,UPI,0.76,0.24,0,8.37
cust_111332,301,E-commerce,UPI,0.9415,0.0585,0,13.87
cust_111333,196,Gaming,netbanking,0.8255,0.1745,0,2.15
cust_111334,174,Edtech,UPI,0.7859,0.2141,0,9.89
cust_111335,142,Gaming,card,0.7217,0.2783,0,39.98
cust_111336,24,SaaS,UPI,0.8399,0.1601,0,24.08
cust_111337,99,E-commerce,card,0.8034,0.1966,0,0.44
cust_111338,138,SaaS,UPI,0.9438,0.0562,1,3.6
cust_111339,85,Financial Services,UPI,0.9612,0.0388,0,3.77
cust_111340,20,E-commerce,netbanking,0.7845,0.2155,0,8.51
cust_111341,95,Edtech,card,0.7795,0.2205,1,3.2
cust_111342,97,E-commerce,UPI,0.1889,0.8111,0,20.66
cust_111343,5,SaaS,card,0.7957,0.2043,0,25.28
cust_111344,40,Edtech,wallet,0.8744,0.1256,0,0.27
cust_111345,10,E-commerce,UPI,0.225,0.775,0,18.12
cust_111346,48,Edtech,UPI,0.5183,0.4817,0,4.55
cust_111347,122,SaaS,UPI,0.7689,0.2311,1,9.77
cust_111348,5,Edtech,card,0.8078,0.1922,0,25.79
cust_111349,261,SaaS,card,0.9244,0.0756,1,0.17
cust_111350,146,Edtech,UPI,0.7726,0.2274,1,3.72
cust_111351,88,SaaS,UPI,0.7142,0.2858,1,32.11
cust_111352,54,SaaS,card,0.77,0.23,1,14.03
cust_111353,60,Gaming,UPI,0.9759,0.0241,0,13.62
cust_111354,25,SaaS,UPI,0.9787,0.0213,0,4.26
cust_111355,142,Edtech,UPI,0.1949,0.8051,0,20.18
cust_111356,89,E-commerce,netbanking,0.4162,0.5838,0,38.29
cust_111357,30,SaaS,card,0.7001,0.2999,0,12.94
cust_111358,538,E-commerce,UPI,0.8773,0.1227,0,19.12
cust_111359,24,Financial Services,UPI,0.7189,0.2811,0,2.84
cust_111360,61,Gaming,wallet,0.4037,0.5963,0,27.31
cust_111361,35,Financial Services,UPI,0.9324,0.0676,0,8.49
cust_111362,31,Gaming,card,0.9541,0.0459,1,0.26
cust_111363,3,Edtech,card,0.2092,0.7908,1,20.72
cust_111364,257,E-commerce,UPI,0.8007,0.1993,0,8.33
cust_111365,42,SaaS,wallet,0.2703,0.7297,0,15.53
cust_111366,24,Gaming,card,0.7189,0.2811,0,41.44
cust_111367,110,Financial Services,card,0.9462,0.0538,0,1.13
cust_111368,111,Gaming,netbanking,0.4234,0.5766,0,20.85
cust_111369,104,SaaS,UPI,0.9036,0.0964,0,13.52
cust_111370,92,Gaming,UPI,0.7167,0.2833,0,2.76
cust_111371,68,Edtech,card,0.9248,0.0752,0,13.82
cust_111372,89,Gaming,netbanking,0.724,0.276,1,2.17
cust_111373,161,Gaming,UPI,0.8801,0.1199,0,1.13
cust_111374,120,SaaS,UPI,0.7448,0.2552,0,39.08
cust_111375,68,Gaming,card,0.7757,0.2243,0,1.1
cust_111376,166,SaaS,UPI,0.7796,0.2204,1,3.81
cust_111377,53,SaaS,card,0.8437,0.1563,0,11.04
cust_111378,21,Edtech,card,0.8111,0.1889,0,9.67
cust_111379,15,Gaming,UPI,0.8625,0.1375,0,3.2
cust_111380,255,Edtech,card,0.8154,0.1846,1,0.35
cust_111381,104,E-commerce,UPI,0.1604,0.8396,0,26.43
cust_111382,145,E-commerce,UPI,0.7085,0.2915,1,8.14
cust_111383,43,Financial Services,UPI,0.712,0.288,1,4.9
cust_111384,141,SaaS,UPI,0.8417,0.1583,1,14.92
cust_111385,78,Edtech,UPI,0.822,0.178,0,4.8
cust_111386,49,Gaming,UPI,0.8458,0.1542,1,21.85
cust_111387,24,Financial Services,wallet,0.7832,0.2168,1,44.08
cust_111388,244,SaaS,UPI,0.7411,0.2589,1,2.01
cust_111389,106,E-commerce,UPI,0.868,0.132,0,30.68
cust_111390,629,E-commerce,card,0.828,0.172,0,23.06
cust_111391,15,Edtech,netbanking,0.9665,0.0335,0,19.77
cust_111392,133,Financial Services,wallet,0.7765,0.2235,2,17.91
cust_111393,170,Gaming,UPI,0.5544,0.4456,0,1.6
cust_111394,245,Edtech,UPI,0.7419,0.2581,1,1.87
cust_111395,330,SaaS,UPI,0.7071,0.2929,0,14.71
cust_111396,46,SaaS,card,0.1308,0.8692,1,16.08
cust_111397,21,Edtech,card,0.761,0.239,0,5.29
cust_111398,43,Edtech,card,0.9458,0.0542,1,2.42
cust_111399,134,E-commerce,UPI,0.766,0.234,1,4.43
cust_111400,63,E-commerce,UPI,0.9615,0.0385,2,8.72
cust_111401,9,SaaS,card,0.7413,0.2587,0,0.52
cust_111402,27,Edtech,UPI,0.9639,0.0361,0,10.75
cust_111403,317,Financial Services,card,0.8763,0.1237,0,5.18
cust_111404,59,E-commerce,card,0.1697,0.8303,0,17.56
cust_111405,111,E-commerce,UPI,0.9709,0.0291,0,0.22
cust_111406,39,Edtech,card,0.8503,0.1497,0,0.24
cust_111407,31,Financial Services,UPI,0.9278,0.0722,1,0.15
cust_111408,130,Financial Services,UPI,0.7871,0.2129,0,1.63
cust_111409,497,E-commerce,wallet,0.9049,0.0951,0,12.28
cust_111410,67,Gaming,wallet,0.8382,0.1618,0,2.74
cust_111411,15,Financial Services,UPI,0.9548,0.0452,0,2.81
cust_111412,128,Edtech,UPI,0.3695,0.6305,1,24.74
cust_111413,98,Financial Services,netbanking,0.7375,0.2625,0,0.7
cust_111414,146,SaaS,card,0.7947,0.2053,0,4.34
cust_111415,40,Edtech,UPI,0.7145,0.2855,1,10.44
cust_111416,186,E-commerce,UPI,0.8957,0.1043,0,4.05
cust_111417,143,Edtech,UPI,0.7052,0.2948,0,3.4
cust_111418,12,Gaming,UPI,0.8381,0.1619,0,1.37
cust_111419,148,E-commerce,UPI,0.8293,0.1707,0,9.14
cust_111420,274,E-commerce,UPI,0.7512,0.2488,0,20.04
cust_111421,208,Edtech,UPI,0.7181,0.2819,0,19.4
cust_111422,24,Gaming,netbanking,0.7581,0.2419,1,18.35
cust_111423,67,E-commerce,card,0.9363,0.0637,0,0.73
cust_111424,150,E-commerce,UPI,0.7893,0.2107,1,0.86
cust_111425,32,E-commerce,netbanking,0.8841,0.1159,0,19.4
cust_111426,23,Gaming,UPI,0.9598,0.0402,1,3.63
cust_111427,289,Gaming,card,0.8068,0.1932,1,7.41
cust_111428,225,E-commerce,card,0.8754,0.1246,1,27.97
cust_111429,191,Financial Services,UPI,0.8194,0.1806,0,4.72
cust_111430,130,SaaS,wallet,0.9755,0.0245,0,30.48
cust_111431,10,SaaS,UPI,0.8822,0.1178,0,3.13
cust_111432,101,E-commerce,netbanking,0.9559,0.0441,0,0.73
cust_111433,121,E-commerce,card,0.4071,0.5929,1,38.16
cust_111434,79,Edtech,UPI,0.7198,0.2802,1,13.22
cust_111435,185,SaaS,UPI,0.8909,0.1091,1,2.13
cust_111436,172,Gaming,netbanking,0.7226,0.2774,0,51.69
cust_111437,68,E-commerce,UPI,0.7875,0.2125,1,23.22
cust_111438,194,Financial Services,netbanking,0.7969,0.2031,0,21.52
cust_111439,137,Financial Services,card,0.9791,0.0209,1,6.94
cust_111440,23,SaaS,netbanking,0.805,0.195,0,2.25
cust_111441,13,Gaming,UPI,0.9168,0.0832,0,13.5
cust_111442,45,Edtech,card,0.8844,0.1156,0,2.61
cust_111443,197,Gaming,UPI,0.9556,0.0444,0,32.55
cust_111444,24,E-commerce,UPI,0.8277,0.1723,0,1.01
cust_111445,21,Gaming,netbanking,0.9683,0.0317,0,1.18
cust_111446,255,E-commerce,UPI,0.7666,0.2334,0,8.71
cust_111447,6,SaaS,UPI,0.9553,0.0447,0,31.49
cust_111448,48,Edtech,card,0.4906,0.5094,0,20.68
cust_111449,31,Edtech,UPI,0.9072,0.0928,0,39.01
cust_111450,300,Edtech,card,0.7456,0.2544,0,8.14
cust_111451,189,Edtech,UPI,0.7943,0.2057,0,0.44
cust_111452,34,E-commerce,UPI,0.9309,0.0691,1,1.63
cust_111453,430,SaaS,card,0.8715,0.1285,1,7.61
cust_111454,1,Edtech,UPI,0.8629,0.1371,0,7.22
cust_111455,63,E-commerce,card,0.7992,0.2008,0,10.11
cust_111456,25,SaaS,netbanking,0.3054,0.6946,0,21.58
cust_111457,53,Edtech,netbanking,0.8883,0.1117,1,13.97
cust_111458,14,Financial Services,UPI,0.9118,0.0882,1,1.68
cust_111459,112,Gaming,netbanking,0.5268,0.4732,0,1.21
cust_111460,10,SaaS,UPI,0.8375,0.1625,0,28.59
cust_111461,13,Financial Services,card,0.9536,0.0464,1,0.33
cust_111462,109,E-commerce,netbanking,0.7376,0.2624,0,3.76
cust_111463,35,Financial Services,card,0.9203,0.0797,0,12.87
cust_111464,125,Financial Services,UPI,0.9682,0.0318,1,13.84
cust_111465,111,E-commerce,card,0.9313,0.0687,0,9.63
cust_111466,82,E-commerce,UPI,0.9312,0.0688,0,0.08
cust_111467,66,SaaS,UPI,0.1401,0.8599,0,24.47
cust_111468,43,SaaS,UPI,0.9445,0.0555,0,8.97
cust_111469,101,Gaming,netbanking,0.8597,0.1403,1,8.29
cust_111470,65,E-commerce,UPI,0.941,0.059,1,12.71
cust_111471,410,Financial Services,UPI,0.9385,0.0615,0,3.76
cust_111472,6,Edtech,UPI,0.9672,0.0328,2,13.98
cust_111473,19,SaaS,card,0.1806,0.8194,0,19.75
cust_111474,51,Edtech,card,0.8185,0.1815,0,1.09
cust_111475,113,Financial Services,card,0.7609,0.2391,0,1.59
cust_111476,261,SaaS,UPI,0.9356,0.0644,1,10.14
cust_111477,131,E-commerce,netbanking,0.9766,0.0234,0,0.22
cust_111478,200,SaaS,UPI,0.8411,0.1589,1,6.9
cust_111479,891,E-commerce,UPI,0.7151,0.2849,1,7.3
cust_111480,106,Financial Services,card,0.7936,0.2064,0,5.98
cust_111481,131,Gaming,UPI,0.8885,0.1115,0,1.34
cust_111482,67,SaaS,netbanking,0.507,0.493,0,35.98
cust_111483,5,Gaming,card,0.5006,0.4994,0,0.24
cust_111484,210,E-commerce,UPI,0.7834,0.2166,0,4.16
cust_111485,187,Edtech,card,0.8897,0.1103,0,1.85
cust_111486,14,SaaS,UPI,0.3504,0.6496,3,36.84
cust_111487,204,Edtech,wallet,0.2264,0.7736,1,18.9
cust_111488,106,Gaming,card,0.1228,0.8772,0,27.27
cust_111489,145,Gaming,UPI,0.8183,0.1817,0,22.06
cust_111490,108,Financial Services,UPI,0.8318,0.1682,1,5.26
cust_111491,39,Financial Services,netbanking,0.8771,0.1229,1,26.93
cust_111492,315,E-commerce,card,0.7788,0.2212,1,9.89
cust_111493,66,Gaming,UPI,0.9413,0.0587,0,16.14
cust_111494,16,SaaS,UPI,0.7359,0.2641,0,6.06
cust_111495,46,SaaS,netbanking,0.8804,0.1196,2,38.76
cust_111496,62,Financial Services,card,0.9028,0.0972,0,22.83
cust_111497,24,Edtech,card,0.7293,0.2707,1,0.82
cust_111498,114,Financial Services,card,0.9438,0.0562,0,13.35
cust_111499,254,SaaS,wallet,0.8106,0.1894,0,0.25
cust_111500,66,SaaS,card,0.2461,0.7539,3,26.47
cust_111501,1,E-commerce,UPI,0.2681,0.7319,1,21.31
cust_111502,14,Edtech,UPI,0.8275,0.1725,0,22.78
cust_111503,13,Edtech,UPI,0.4604,0.5396,0,18.48
cust_111504,23,E-commerce,UPI,0.7358,0.2642,0,8.76
cust_111505,282,E-commerce,card,0.8001,0.1999,1,12.5
cust_111506,126,Financial Services,UPI,0.1425,0.8575,0,17.38
cust_111507,109,Financial Services,card,0.7215,0.2785,1,29.53
cust_111508,200,Gaming,netbanking,0.868,0.132,0,4.5
cust_111509,5,Gaming,UPI,0.8552,0.1448,0,20.22
cust_111510,87,Gaming,card,0.9305,0.0695,0,9.24
cust_111511,203,Financial Services,UPI,0.906,0.094,1,25.17
cust_111512,4,Edtech,card,0.761,0.239,1,8.09
cust_111513,138,Financial Services,UPI,0.7214,0.2786,0,2.89
cust_111514,24,E-commerce,netbanking,0.7235,0.2765,1,18.08
cust_111515,29,Gaming,UPI,0.8278,0.1722,1,0.67
cust_111516,153,E-commerce,wallet,0.3533,0.6467,0,18.06
cust_111517,56,E-commerce,card,0.2806,0.7194,1,38.95
cust_111518,238,Gaming,card,0.7956,0.2044,0,11.37
cust_111519,132,Gaming,UPI,0.8427,0.1573,0,2.33
cust_111520,276,SaaS,UPI,0.9213,0.0787,1,14.43
cust_111521,30,E-commerce,card,0.8508,0.1492,0,6.75
cust_111522,15,SaaS,card,0.9729,0.0271,1,0.52
cust_111523,82,Financial Services,netbanking,0.9038,0.0962,0,0.61
cust_111524,48,SaaS,card,0.8774,0.1226,0,11.45
cust_111525,121,SaaS,UPI,0.8356,0.1644,0,16.7
cust_111526,57,Edtech,UPI,0.8735,0.1265,1,17.88
cust_111527,345,Gaming,wallet,0.5922,0.4078,0,9.76
cust_111528,234,Edtech,UPI,0.8096,0.1904,0,4.85
cust_111529,259,E-commerce,card,0.5503,0.4497,0,11.76
cust_111530,103,Edtech,UPI,0.9148,0.0852,0,10.44
cust_111531,124,Gaming,card,0.7227,0.2773,0,23.03
cust_111532,75,Gaming,card,0.7087,0.2913,1,10.45
cust_111533,17,Financial Services,UPI,0.7879,0.2121,0,3.5
cust_111534,102,Financial Services,netbanking,0.7024,0.2976,0,0.41
cust_111535,36,SaaS,card,0.9698,0.0302,1,34.31
cust_111536,267,SaaS,UPI,0.7552,0.2448,1,0.66
cust_111537,7,Gaming,UPI,0.7521,0.2479,0,18.99
cust_111538,81,Edtech,netbanking,0.8817,0.1183,3,5.83
cust_111539,110,Edtech,netbanking,0.8887,0.1113,2,7.76
cust_111540,415,Edtech,wallet,0.9126,0.0874,0,10.46
cust_111541,199,SaaS,UPI,0.9629,0.0371,1,6.56
cust_111542,80,Gaming,card,0.8897,0.1103,0,1.09
cust_111543,278,Financial Services,UPI,0.971,0.029,0,15.0
cust_111544,65,Gaming,netbanking,0.9247,0.0753,0,14.3
cust_111545,90,E-commerce,netbanking,0.9513,0.0487,0,4.51
cust_111546,421,E-commerce,card,0.9237,0.0763,1,7.59
cust_111547,46,SaaS,UPI,0.8275,0.1725,0,44.03
cust_111548,29,E-commerce,UPI,0.7026,0.2974,0,15.69
cust_111549,86,Edtech,UPI,0.478,0.522,1,19.98
cust_111550,10,Edtech,UPI,0.9716,0.0284,0,4.26
cust_111551,90,SaaS,UPI,0.7826,0.2174,0,1.93
cust_111552,36,SaaS,UPI,0.8028,0.1972,0,41.28
cust_111553,109,Financial Services,card,0.7044,0.2956,1,12.18
cust_111554,121,Edtech,card,0.5439,0.4561,1,3.21
cust_111555,12,Edtech,netbanking,0.8145,0.1855,0,23.76
cust_111556,64,SaaS,UPI,0.772,0.228,0,9.48
cust_111557,175,Edtech,UPI,0.3167,0.6833,0,17.28
cust_111558,97,Edtech,card,0.9652,0.0348,2,0.25
cust_111559,224,Financial Services,UPI,0.2294,0.7706,0,15.2
cust_111560,53,Gaming,card,0.723,0.277,0,26.16
cust_111561,123,SaaS,card,0.8406,0.1594,0,0.39
cust_111562,161,Financial Services,card,0.7647,0.2353,0,5.38
cust_111563,93,E-commerce,card,0.9174,0.0826,1,23.41
cust_111564,113,Edtech,UPI,0.7628,0.2372,0,9.48
cust_111565,9,SaaS,UPI,0.7377,0.2623,0,12.19
cust_111566,269,Financial Services,netbanking,0.9163,0.0837,0,9.38
cust_111567,109,Gaming,UPI,0.945,0.055,0,2.23
cust_111568,24,Edtech,netbanking,0.927,0.073,0,3.07
cust_111569,30,SaaS,card,0.8789,0.1211,0,0.24
cust_111570,57,SaaS,UPI,0.9689,0.0311,0,14.02
cust_111571,2,Gaming,UPI,0.9248,0.0752,0,22.0
cust_111572,23,Financial Services,wallet,0.9459,0.0541,1,13.78
cust_111573,88,Gaming,card,0.8606,0.1394,0,10.46
cust_111574,8,Edtech,card,0.8606,0.1394,1,38.43
cust_111575,19,Edtech,netbanking,0.7791,0.2209,1,20.88
cust_111576,214,Gaming,UPI,0.5645,0.4355,1,6.24
cust_111577,334,E-commerce,UPI,0.3558,0.6442,0,23.75
cust_111578,53,Edtech,UPI,0.7693,0.2307,0,9.72
cust_111579,70,Edtech,card,0.893,0.107,3,4.46
cust_111580,258,Edtech,UPI,0.4936,0.5064,1,34.79
cust_111581,5,E-commerce,UPI,0.8665,0.1335,1,9.41
cust_111582,23,Financial Services,netbanking,0.2229,0.7771,0,16.14
cust_111583,75,E-commerce,card,0.8289,0.1711,0,20.46
cust_111584,67,E-commerce,card,0.7433,0.2567,0,7.19
cust_111585,31,Financial Services,UPI,0.8313,0.1687,0,0.45
cust_111586,22,SaaS,UPI,0.9223,0.0777,0,1.43
cust_111587,413,Edtech,UPI,0.7387,0.2613,0,3.12
cust_111588,87,SaaS,card,0.8881,0.1119,0,5.01
cust_111589,145,E-commerce,netbanking,0.5108,0.4892,1,10.56
cust_111590,1,Edtech,card,0.1332,0.8668,0,21.76
cust_111591,107,Gaming,card,0.9523,0.0477,1,13.34
cust_111592,213,E-commerce,UPI,0.1058,0.8942,0,30.71
cust_111593,82,SaaS,card,0.8126,0.1874,0,38.27
cust_111594,331,Gaming,UPI,0.9195,0.0805,0,5.64
cust_111595,14,Edtech,UPI,0.7494,0.2506,1,21.73
cust_111596,2,Edtech,card,0.8811,0.1189,0,2.31
cust_111597,83,Financial Services,netbanking,0.8226,0.1774,0,46.52
cust_111598,116,E-commerce,UPI,0.8024,0.1976,0,0.11
cust_111599,114,E-commerce,card,0.8875,0.1125,0,7.72
cust_111600,223,Edtech,UPI,0.7336,0.2664,0,11.39
cust_111601,29,Financial Services,netbanking,0.4427,0.5573,1,35.03
cust_111602,319,Gaming,card,0.8711,0.1289,0,51.81
cust_111603,16,Edtech,card,0.8157,0.1843,0,5.79
cust_111604,315,SaaS,card,0.9383,0.0617,1,27.22
cust_111605,56,Edtech,UPI,0.8228,0.1772,0,4.5
cust_111606,21,Edtech,netbanking,0.7432,0.2568,0,28.22
cust_111607,105,Gaming,UPI,0.4206,0.5794,0,38.08
cust_111608,5,Edtech,card,0.1532,0.8468,0,26.64
cust_111609,41,Gaming,UPI,0.9386,0.0614,1,8.0
cust_111610,179,Edtech,card,0.7512,0.2488,0,13.78
cust_111611,312,E-commerce,card,0.2737,0.7263,1,33.56
cust_111612,52,Edtech,wallet,0.9311,0.0689,0,43.21
cust_111613,34,Gaming,UPI,0.2031,0.7969,1,17.55
cust_111614,124,Edtech,card,0.748,0.252,0,5.99
cust_111615,81,Gaming,UPI,0.114,0.886,0,16.68
cust_111616,47,Financial Services,card,0.9444,0.0556,1,0.78
cust_111617,137,Gaming,netbanking,0.4431,0.5569,0,21.81
cust_111618,571,Financial Services,card,0.801,0.199,1,2.5
cust_111619,41,Edtech,card,0.8003,0.1997,0,5.18
cust_111620,3,Edtech,netbanking,0.8325,0.1675,1,12.06
cust_111621,24,Financial Services,card,0.7799,0.2201,0,10.69
cust_111622,77,Edtech,UPI,0.7741,0.2259,0,0.5
cust_111623,299,Gaming,UPI,0.7857,0.2143,0,5.94
cust_111624,47,Edtech,card,0.7137,0.2863,0,2.95
cust_111625,12,SaaS,UPI,0.849,0.151,0,18.7
cust_111626,13,Gaming,card,0.8092,0.1908,1,11.03
cust_111627,140,Gaming,card,0.9689,0.0311,1,2.79
cust_111628,95,Financial Services,UPI,0.8022,0.1978,0,21.48
cust_111629,92,E-commerce,UPI,0.8662,0.1338,0,2.88
cust_111630,33,Gaming,netbanking,0.8824,0.1176,1,0.83
cust_111631,167,Edtech,netbanking,0.8064,0.1936,1,7.07
cust_111632,117,Gaming,UPI,0.1606,0.8394,0,27.37
cust_111633,154,Edtech,card,0.1786,0.8214,1,16.23
cust_111634,275,Edtech,card,0.9738,0.0262,1,25.16
cust_111635,84,E-commerce,card,0.7122,0.2878,2,1.81
cust_111636,361,Financial Services,wallet,0.5169,0.4831,0,5.98
cust_111637,96,Gaming,UPI,0.928,0.072,0,7.72
cust_111638,396,E-commerce,UPI,0.9081,0.0919,3,6.75
cust_111639,63,Financial Services,netbanking,0.3818,0.6182,0,15.84
cust_111640,39,Financial Services,UPI,0.801,0.199,1,11.91
cust_111641,12,SaaS,netbanking,0.7831,0.2169,0,25.41
cust_111642,71,SaaS,card,0.9167,0.0833,0,1.54
cust_111643,39,E-commerce,UPI,0.1294,0.8706,0,25.48
cust_111644,34,E-commerce,UPI,0.974,0.026,0,7.62
cust_111645,25,Gaming,card,0.8887,0.1113,0,3.37
cust_111646,106,Gaming,UPI,0.8487,0.1513,2,3.61
cust_111647,119,Edtech,card,0.8288,0.1712,0,3.39
cust_111648,23,Gaming,UPI,0.892,0.108,0,21.71
cust_111649,59,E-commerce,UPI,0.9202,0.0798,0,5.21
cust_111650,32,Financial Services,UPI,0.7741,0.2259,0,10.91
cust_111651,123,Financial Services,netbanking,0.7941,0.2059,1,13.93
cust_111652,24,Edtech,card,0.9096,0.0904,0,0.48
cust_111653,75,Edtech,UPI,0.7991,0.2009,0,4.14
cust_111654,177,Financial Services,UPI,0.9452,0.0548,0,14.81
cust_111655,28,E-commerce,netbanking,0.7541,0.2459,2,4.63
cust_111656,146,SaaS,UPI,0.9447,0.0553,0,4.08
cust_111657,157,E-commerce,UPI,0.7298,0.2702,0,3.14
cust_111658,127,E-commerce,UPI,0.1725,0.8275,0,17.84
cust_111659,30,Edtech,UPI,0.7452,0.2548,0,30.94
cust_111660,129,Gaming,netbanking,0.8104,0.1896,1,2.72
cust_111661,316,E-commerce,card,0.7287,0.2713,1,14.92
cust_111662,266,Financial Services,card,0.7758,0.2242,0,6.39
cust_111663,209,SaaS,card,0.7775,0.2225,0,6.9
cust_111664,121,SaaS,UPI,0.9584,0.0416,0,2.88
cust_111665,258,Edtech,UPI,0.7278,0.2722,0,17.81
cust_111666,37,E-commerce,UPI,0.7648,0.2352,1,1.95
cust_111667,206,SaaS,card,0.9702,0.0298,1,5.95
cust_111668,142,Edtech,UPI,0.1679,0.8321,0,16.47
cust_111669,110,E-commerce,UPI,0.8689,0.1311,0,14.56
cust_111670,65,SaaS,UPI,0.882,0.118,1,11.87
cust_111671,2,Edtech,UPI,0.7475,0.2525,0,40.29
cust_111672,39,Gaming,card,0.9653,0.0347,0,3.73
cust_111673,10,Financial Services,netbanking,0.952,0.048,0,2.62
cust_111674,158,Financial Services,UPI,0.7764,0.2236,0,1.09
cust_111675,396,E-commerce,UPI,0.7891,0.2109,1,0.21
cust_111676,272,Edtech,card,0.9106,0.0894,0,7.2
cust_111677,37,Financial Services,card,0.9205,0.0795,0,0.84
cust_111678,290,Financial Services,UPI,0.7605,0.2395,0,3.67
cust_111679,242,Financial Services,UPI,0.862,0.138,0,29.51
cust_111680,127,SaaS,card,0.7965,0.2035,0,11.04
cust_111681,61,SaaS,netbanking,0.2897,0.7103,0,18.36
cust_111682,9,Financial Services,UPI,0.7462,0.2538,0,18.65
cust_111683,311,Edtech,card,0.8758,0.1242,0,4.18
cust_111684,401,Edtech,UPI,0.8951,0.1049,0,4.35
cust_111685,851,Financial Services,UPI,0.8594,0.1406,0,12.11
cust_111686,48,Financial Services,card,0.9594,0.0406,0,7.4
cust_111687,57,Edtech,card,0.8391,0.1609,2,14.56
cust_111688,91,Edtech,UPI,0.8334,0.1666,0,1.6
cust_111689,34,SaaS,card,0.7997,0.2003,0,3.77
cust_111690,178,SaaS,netbanking,0.8566,0.1434,0,11.32
cust_111691,39,SaaS,wallet,0.7622,0.2378,0,21.84
cust_111692,316,Gaming,card,0.7145,0.2855,1,25.2
cust_111693,163,Gaming,UPI,0.7652,0.2348,0,7.78
cust_111694,221,Financial Services,netbanking,0.9533,0.0467,1,5.55
cust_111695,115,SaaS,card,0.8714,0.1286,0,11.8
cust_111696,108,E-commerce,card,0.777,0.223,0,9.25
cust_111697,22,SaaS,netbanking,0.8448,0.1552,0,13.64
cust_111698,24,SaaS,card,0.9148,0.0852,1,38.96
cust_111699,4,Financial Services,UPI,0.9794,0.0206,1,1.12
cust_111700,333,Gaming,card,0.9506,0.0494,0,19.7
cust_111701,79,SaaS,UPI,0.8154,0.1846,1,9.76
cust_111702,275,SaaS,netbanking,0.1294,0.8706,0,36.09
cust_111703,57,E-commerce,UPI,0.857,0.143,2,10.44
cust_111704,94,Financial Services,UPI,0.1783,0.8217,2,23.19
cust_111705,30,SaaS,netbanking,0.9367,0.0633,0,0.2
cust_111706,481,Edtech,netbanking,0.7687,0.2313,0,0.12
cust_111707,32,Edtech,UPI,0.9163,0.0837,0,12.32
cust_111708,187,E-commerce,card,0.7211,0.2789,0,16.67
cust_111709,153,Edtech,wallet,0.9539,0.0461,1,29.45
cust_111710,28,Gaming,wallet,0.8301,0.1699,1,3.92
cust_111711,18,Edtech,UPI,0.2804,0.7196,1,23.21
cust_111712,323,Gaming,UPI,0.1837,0.8163,1,17.39
cust_111713,231,SaaS,card,0.8542,0.1458,0,7.8
cust_111714,230,Gaming,UPI,0.317,0.683,0,31.36
cust_111715,235,SaaS,card,0.7792,0.2208,0,7.07
cust_111716,163,SaaS,UPI,0.7033,0.2967,0,12.74
cust_111717,228,Edtech,UPI,0.2105,0.7895,0,22.8
cust_111718,145,SaaS,card,0.3566,0.6434,0,15.14
cust_111719,143,Gaming,netbanking,0.8819,0.1181,1,37.97
cust_111720,69,Gaming,card,0.8357,0.1643,0,29.18
cust_111721,106,Edtech,UPI,0.7947,0.2053,0,4.5
cust_111722,1,SaaS,UPI,0.861,0.139,1,7.88
cust_111723,25,SaaS,card,0.7121,0.2879,0,2.26
cust_111724,242,Gaming,card,0.8226,0.1774,1,6.11
cust_111725,1050,E-commerce,netbanking,0.8742,0.1258,1,12.48
cust_111726,197,Financial Services,UPI,0.189,0.811,1,15.42
cust_111727,43,Financial Services,UPI,0.7292,0.2708,1,10.68
cust_111728,197,SaaS,UPI,0.8931,0.1069,1,12.19
cust_111729,34,SaaS,UPI,0.9709,0.0291,0,6.79
cust_111730,223,E-commerce,card,0.7757,0.2243,0,49.29
cust_111731,38,Edtech,wallet,0.891,0.109,1,0.96
cust_111732,143,Edtech,netbanking,0.7409,0.2591,0,2.73
cust_111733,195,Financial Services,card,0.773,0.227,0,29.87
cust_111734,356,E-commerce,UPI,0.8693,0.1307,0,9.96
cust_111735,46,E-commerce,UPI,0.9532,0.0468,2,13.65
cust_111736,9,SaaS,UPI,0.9461,0.0539,0,0.57
cust_111737,107,Financial Services,netbanking,0.9712,0.0288,0,7.43
cust_111738,38,Financial Services,card,0.8901,0.1099,0,0.7
cust_111739,22,Financial Services,UPI,0.906,0.094,0,0.67
cust_111740,198,Edtech,netbanking,0.825,0.175,0,6.65
cust_111741,88,Gaming,wallet,0.4757,0.5243,0,26.02
cust_111742,51,SaaS,card,0.9271,0.0729,0,1.75
cust_111743,34,Financial Services,UPI,0.7423,0.2577,0,11.72
cust_111744,127,Financial Services,card,0.7257,0.2743,0,1.34
cust_111745,223,Financial Services,UPI,0.8829,0.1171,2,22.84
cust_111746,119,Financial Services,card,0.95,0.05,1,13.29
cust_111747,133,E-commerce,card,0.7147,0.2853,0,0.83
cust_111748,42,E-commerce,netbanking,0.7596,0.2404,0,6.39
cust_111749,53,SaaS,UPI,0.7745,0.2255,0,3.38
cust_111750,75,Gaming,netbanking,0.7412,0.2588,0,10.55
cust_111751,67,Edtech,netbanking,0.9762,0.0238,0,0.95
cust_111752,78,Financial Services,netbanking,0.7757,0.2243,1,2.58
cust_111753,454,SaaS,UPI,0.8351,0.1649,0,6.85
cust_111754,15,Gaming,card,0.7965,0.2035,2,7.66
cust_111755,614,Gaming,card,0.8045,0.1955,2,0.14
cust_111756,70,Gaming,netbanking,0.821,0.179,1,1.7
cust_111757,14,Gaming,wallet,0.1251,0.8749,0,25.45
cust_111758,284,E-commerce,netbanking,0.9656,0.0344,0,6.69
cust_111759,160,E-commerce,UPI,0.7583,0.2417,0,0.23
cust_111760,209,Edtech,wallet,0.733,0.267,1,7.57
cust_111761,33,Edtech,UPI,0.8355,0.1645,0,13.75
cust_111762,3,E-commerce,UPI,0.7432,0.2568,0,2.42
cust_111763,10,E-commerce,card,0.3763,0.6237,0,25.24
cust_111764,53,Edtech,UPI,0.8417,0.1583,0,0.41
cust_111765,25,Gaming,netbanking,0.8644,0.1356,0,0.45
cust_111766,17,Edtech,UPI,0.8976,0.1024,0,1.96
cust_111767,15,E-commerce,netbanking,0.8087,0.1913,2,3.91
cust_111768,132,SaaS,UPI,0.3698,0.6302,0,25.53
cust_111769,88,SaaS,UPI,0.7934,0.2066,0,15.04
cust_111770,162,Financial Services,card,0.7596,0.2404,0,14.95
cust_111771,380,Gaming,card,0.5769,0.4231,0,15.92
cust_111772,113,SaaS,netbanking,0.9548,0.0452,1,11.01
cust_111773,12,SaaS,UPI,0.9732,0.0268,0,5.93
cust_111774,152,Financial Services,UPI,0.7529,0.2471,0,4.61
cust_111775,9,Gaming,card,0.8214,0.1786,1,0.31
cust_111776,4,Gaming,netbanking,0.9492,0.0508,0,11.09
cust_111777,191,Gaming,UPI,0.8243,0.1757,0,2.58
cust_111778,309,Financial Services,UPI,0.7077,0.2923,0,7.45
cust_111779,26,Financial Services,card,0.8193,0.1807,0,1.6
cust_111780,9,SaaS,UPI,0.9628,0.0372,0,3.75
cust_111781,215,SaaS,UPI,0.9204,0.0796,0,3.61
cust_111782,97,E-commerce,card,0.7088,0.2912,1,1.12
cust_111783,29,SaaS,UPI,0.9053,0.0947,1,2.34
cust_111784,219,SaaS,netbanking,0.8849,0.1151,1,1.44
cust_111785,14,Edtech,UPI,0.7794,0.2206,0,20.27
cust_111786,38,Financial Services,card,0.7231,0.2769,1,3.11
cust_111787,133,Financial Services,card,0.9549,0.0451,3,1.26
cust_111788,199,Financial Services,netbanking,0.945,0.055,0,3.76
cust_111789,89,Edtech,wallet,0.8982,0.1018,0,12.34
cust_111790,203,Edtech,card,0.9069,0.0931,0,25.33
cust_111791,18,Edtech,UPI,0.9333,0.0667,0,0.09
cust_111792,56,Financial Services,UPI,0.8466,0.1534,1,12.19
cust_111793,42,Edtech,UPI,0.9028,0.0972,0,2.27
cust_111794,15,Edtech,UPI,0.1852,0.8148,0,17.96
cust_111795,51,Gaming,UPI,0.7655,0.2345,1,4.29
cust_111796,58,SaaS,card,0.9032,0.0968,0,4.83
cust_111797,143,Gaming,card,0.8316,0.1684,0,3.75
cust_111798,462,Financial Services,UPI,0.7723,0.2277,0,1.62
cust_111799,220,Gaming,UPI,0.8772,0.1228,0,5.78
cust_111800,69,E-commerce,wallet,0.7613,0.2387,0,6.61
cust_111801,27,Gaming,card,0.8468,0.1532,0,10.45
cust_111802,50,E-commerce,card,0.3816,0.6184,0,19.69
cust_111803,93,SaaS,UPI,0.4493,0.5507,1,38.34
cust_111804,31,SaaS,UPI,0.9716,0.0284,0,2.03
cust_111805,60,SaaS,UPI,0.7765,0.2235,1,6.88
cust_111806,186,Gaming,UPI,0.9186,0.0814,1,1.47
cust_111807,206,Financial Services,UPI,0.9226,0.0774,0,22.41
cust_111808,266,SaaS,netbanking,0.9317,0.0683,0,13.85
cust_111809,32,Edtech,netbanking,0.5753,0.4247,0,6.23
cust_111810,267,Financial Services,netbanking,0.7831,0.2169,1,1.64
cust_111811,290,Financial Services,UPI,0.9346,0.0654,1,20.78
cust_111812,128,Gaming,netbanking,0.1494,0.8506,0,49.51
cust_111813,24,Edtech,UPI,0.8828,0.1172,0,12.44
cust_111814,152,Financial Services,UPI,0.9294,0.0706,1,9.42
cust_111815,59,Financial Services,card,0.8119,0.1881,2,1.31
cust_111816,1,Edtech,UPI,0.9015,0.0985,0,7.89
cust_111817,139,Financial Services,UPI,0.7705,0.2295,0,5.02
cust_111818,2,Financial Services,netbanking,0.2764,0.7236,0,24.75
cust_111819,48,SaaS,card,0.9065,0.0935,0,2.34
cust_111820,118,Edtech,UPI,0.7391,0.2609,0,12.73
cust_111821,96,Financial Services,card,0.9465,0.0535,0,0.5
cust_111822,7,E-commerce,UPI,0.2819,0.7181,0,22.71
cust_111823,171,Edtech,netbanking,0.8504,0.1496,1,3.07
cust_111824,67,Financial Services,UPI,0.8661,0.1339,0,17.05
cust_111825,88,Gaming,UPI,0.7402,0.2598,1,24.59
cust_111826,202,Edtech,UPI,0.7772,0.2228,0,29.51
cust_111827,130,E-commerce,UPI,0.1385,0.8615,0,25.09
cust_111828,31,Gaming,UPI,0.7114,0.2886,0,0.49
cust_111829,9,Gaming,UPI,0.9315,0.0685,0,2.85
cust_111830,333,Financial Services,card,0.765,0.235,0,8.3
cust_111831,1,Gaming,netbanking,0.892,0.108,0,6.01
cust_111832,341,SaaS,card,0.5002,0.4998,0,27.51
cust_111833,230,E-commerce,wallet,0.941,0.059,0,31.07
cust_111834,94,Financial Services,card,0.7105,0.2895,0,1.51
cust_111835,10,E-commerce,UPI,0.7246,0.2754,0,0.85
cust_111836,373,E-commerce,card,0.1445,0.8555,0,28.6
cust_111837,114,E-commerce,UPI,0.9298,0.0702,0,11.43
cust_111838,33,E-commerce,UPI,0.7055,0.2945,0,9.23
cust_111839,17,SaaS,card,0.156,0.844,0,26.77
cust_111840,325,Gaming,netbanking,0.706,0.294,1,13.17
cust_111841,122,Edtech,card,0.8489,0.1511,1,10.34
cust_111842,39,Edtech,UPI,0.7895,0.2105,0,5.69
cust_111843,111,E-commerce,card,0.7995,0.2005,0,35.0
cust_111844,161,Gaming,wallet,0.7962,0.2038,1,5.29
cust_111845,160,Edtech,card,0.8704,0.1296,0,12.79
cust_111846,247,Edtech,UPI,0.8981,0.1019,0,9.25
cust_111847,42,Gaming,wallet,0.7204,0.2796,1,4.44
cust_111848,153,Financial Services,UPI,0.9463,0.0537,0,4.2
cust_111849,231,E-commerce,card,0.8278,0.1722,0,20.01
cust_111850,294,SaaS,card,0.7919,0.2081,0,14.71
cust_111851,47,Financial Services,card,0.9559,0.0441,0,6.93
cust_111852,58,Financial Services,card,0.7693,0.2307,0,9.81
cust_111853,178,E-commerce,UPI,0.8519,0.1481,1,11.98
cust_111854,73,Gaming,card,0.9479,0.0521,0,2.82
cust_111855,9,Gaming,netbanking,0.7701,0.2299,0,40.63
cust_111856,229,Financial Services,netbanking,0.9586,0.0414,0,0.84
cust_111857,294,Edtech,UPI,0.8084,0.1916,0,19.44
cust_111858,77,SaaS,UPI,0.868,0.132,0,44.56
cust_111859,1000,Gaming,card,0.917,0.083,1,3.23
cust_111860,56,Financial Services,UPI,0.5304,0.4696,0,0.98
cust_111861,88,Gaming,UPI,0.8317,0.1683,0,20.12
cust_111862,29,E-commerce,UPI,0.8101,0.1899,0,17.58
cust_111863,107,Gaming,card,0.8209,0.1791,0,6.39
cust_111864,38,Edtech,UPI,0.8359,0.1641,0,20.74
cust_111865,25,Gaming,card,0.8215,0.1785,0,3.96
cust_111866,30,Gaming,netbanking,0.8697,0.1303,0,8.64
cust_111867,22,SaaS,UPI,0.5389,0.4611,0,0.42
cust_111868,210,E-commerce,card,0.9606,0.0394,0,9.52
cust_111869,55,Financial Services,card,0.8699,0.1301,1,18.59
cust_111870,24,SaaS,UPI,0.9791,0.0209,1,1.31
cust_111871,50,Edtech,netbanking,0.9075,0.0925,0,4.14
cust_111872,41,E-commerce,UPI,0.7526,0.2474,1,14.25
cust_111873,123,Financial Services,UPI,0.9562,0.0438,0,12.16
cust_111874,92,SaaS,netbanking,0.9245,0.0755,1,45.29
cust_111875,109,SaaS,UPI,0.8775,0.1225,0,2.61
cust_111876,49,Edtech,UPI,0.8072,0.1928,0,3.71
cust_111877,62,Edtech,UPI,0.9025,0.0975,0,14.51
cust_111878,61,Financial Services,netbanking,0.7421,0.2579,1,5.05
cust_111879,154,SaaS,UPI,0.819,0.181,0,5.21
cust_111880,128,E-commerce,card,0.766,0.234,0,10.29
cust_111881,29,E-commerce,card,0.7988,0.2012,0,5.59
cust_111882,64,Gaming,UPI,0.7528,0.2472,0,12.03
cust_111883,98,E-commerce,UPI,0.7904,0.2096,0,8.44
cust_111884,225,Gaming,UPI,0.2383,0.7617,0,34.05
cust_111885,1,E-commerce,UPI,0.3473,0.6527,1,24.34
cust_111886,85,Edtech,UPI,0.8667,0.1333,0,6.98
cust_111887,160,Gaming,UPI,0.7184,0.2816,1,4.43
cust_111888,132,Edtech,UPI,0.7172,0.2828,0,7.97
cust_111889,74,Edtech,UPI,0.7531,0.2469,1,10.2
cust_111890,267,Edtech,wallet,0.24,0.76,0,19.28
cust_111891,182,SaaS,UPI,0.9088,0.0912,0,7.43
cust_111892,493,E-commerce,wallet,0.7691,0.2309,1,7.92
cust_111893,47,E-commerce,netbanking,0.9394,0.0606,1,1.49
cust_111894,62,Gaming,card,0.8304,0.1696,0,4.6
cust_111895,11,E-commerce,wallet,0.7011,0.2989,1,2.29
cust_111896,49,E-commerce,UPI,0.5536,0.4464,0,17.18
cust_111897,3,SaaS,UPI,0.7269,0.2731,0,12.52
cust_111898,270,Gaming,card,0.8897,0.1103,0,1.11
cust_111899,169,E-commerce,UPI,0.7362,0.2638,0,3.68
cust_111900,54,Financial Services,UPI,0.8801,0.1199,1,18.7
cust_111901,235,Financial Services,UPI,0.7961,0.2039,0,8.57
cust_111902,207,Financial Services,UPI,0.8225,0.1775,1,43.62
cust_111903,209,Financial Services,UPI,0.9652,0.0348,0,1.09
cust_111904,9,Edtech,card,0.8561,0.1439,2,2.25
cust_111905,99,SaaS,UPI,0.9625,0.0375,0,18.15
cust_111906,200,E-commerce,netbanking,0.8138,0.1862,0,8.3
cust_111907,177,SaaS,UPI,0.8913,0.1087,1,15.98
cust_111908,180,Gaming,UPI,0.9161,0.0839,1,8.59
cust_111909,145,E-commerce,card,0.7502,0.2498,1,6.55
cust_111910,255,SaaS,card,0.9693,0.0307,1,15.86
cust_111911,245,Edtech,netbanking,0.4208,0.5792,1,20.78
cust_111912,24,E-commerce,UPI,0.9325,0.0675,0,32.21
cust_111913,108,E-commerce,netbanking,0.8594,0.1406,1,1.77
cust_111914,42,Financial Services,card,0.8732,0.1268,0,15.45
cust_111915,8,Gaming,UPI,0.8803,0.1197,0,8.16
cust_111916,256,Edtech,wallet,0.9497,0.0503,1,9.98
cust_111917,70,Financial Services,UPI,0.7603,0.2397,0,4.41
cust_111918,51,Gaming,UPI,0.1658,0.8342,2,39.95
cust_111919,355,Gaming,netbanking,0.7619,0.2381,0,4.72
cust_111920,69,SaaS,UPI,0.7307,0.2693,2,9.8
cust_111921,109,Financial Services,netbanking,0.7679,0.2321,0,12.08
cust_111922,49,Edtech,UPI,0.887,0.113,1,13.1
cust_111923,22,SaaS,wallet,0.9246,0.0754,1,13.49
cust_111924,18,SaaS,card,0.7251,0.2749,0,4.06
cust_111925,461,E-commerce,UPI,0.7094,0.2906,0,0.73
cust_111926,133,Financial Services,UPI,0.9021,0.0979,0,4.12
cust_111927,28,Edtech,netbanking,0.7128,0.2872,2,2.66
cust_111928,114,Edtech,wallet,0.7531,0.2469,0,3.96
cust_111929,205,Edtech,UPI,0.8098,0.1902,3,7.98
cust_111930,106,Edtech,UPI,0.9306,0.0694,0,10.4
cust_111931,48,Gaming,UPI,0.8172,0.1828,0,31.43
cust_111932,196,SaaS,card,0.7438,0.2562,0,9.79
cust_111933,24,SaaS,card,0.8297,0.1703,0,19.1
cust_111934,36,E-commerce,UPI,0.949,0.051,2,0.81
cust_111935,83,Financial Services,card,0.8401,0.1599,1,0.73
cust_111936,147,Edtech,UPI,0.8424,0.1576,0,5.09
cust_111937,10,Gaming,netbanking,0.9576,0.0424,0,8.84
cust_111938,104,Gaming,wallet,0.8351,0.1649,2,1.57
cust_111939,108,SaaS,UPI,0.7611,0.2389,0,1.03
cust_111940,69,Gaming,card,0.7611,0.2389,0,14.87
cust_111941,76,SaaS,UPI,0.1217,0.8783,0,51.89
cust_111942,6,SaaS,card,0.7593,0.2407,0,1.11
cust_111943,69,E-commerce,card,0.9046,0.0954,0,0.3
cust_111944,104,Financial Services,UPI,0.8332,0.1668,0,3.74
cust_111945,235,Financial Services,UPI,0.7794,0.2206,0,5.02
cust_111946,116,Edtech,card,0.7338,0.2662,1,2.14
cust_111947,292,E-commerce,UPI,0.7865,0.2135,0,11.03
cust_111948,112,Financial Services,UPI,0.7676,0.2324,1,6.33
cust_111949,61,Edtech,UPI,0.8786,0.1214,1,8.38
cust_111950,120,E-commerce,netbanking,0.7804,0.2196,0,1.22
cust_111951,144,Financial Services,card,0.9209,0.0791,2,1.45
cust_111952,79,Financial Services,card,0.8479,0.1521,0,10.48
cust_111953,210,SaaS,UPI,0.9096,0.0904,1,0.08
cust_111954,4,E-commerce,card,0.8304,0.1696,2,0.74
cust_111955,116,Financial Services,UPI,0.9724,0.0276,1,3.56
cust_111956,51,SaaS,card,0.8441,0.1559,0,3.35
cust_111957,94,SaaS,UPI,0.9361,0.0639,1,0.96
cust_111958,94,Financial Services,UPI,0.8889,0.1111,0,2.07
cust_111959,256,Edtech,UPI,0.8586,0.1414,3,40.9
cust_111960,129,Gaming,UPI,0.9209,0.0791,1,1.66
cust_111961,189,SaaS,card,0.5643,0.4357,2,2.96
cust_111962,159,E-commerce,card,0.8254,0.1746,0,2.0
cust_111963,20,Edtech,card,0.8594,0.1406,0,2.33
cust_111964,95,Financial Services,UPI,0.8444,0.1556,0,23.73
cust_111965,144,E-commerce,UPI,0.382,0.618,1,23.89
cust_111966,56,E-commerce,card,0.7358,0.2642,0,2.86
cust_111967,113,SaaS,card,0.7948,0.2052,0,12.6
cust_111968,66,Financial Services,card,0.8775,0.1225,0,2.18
cust_111969,266,E-commerce,netbanking,0.7365,0.2635,1,11.26
cust_111970,240,Financial Services,UPI,0.7126,0.2874,1,0.59
cust_111971,33,SaaS,card,0.962,0.038,0,0.01
cust_111972,123,Edtech,UPI,0.7518,0.2482,1,3.29
cust_111973,10,Financial Services,card,0.1387,0.8613,0,19.15
cust_111974,74,Financial Services,netbanking,0.8653,0.1347,0,7.41
cust_111975,27,E-commerce,UPI,0.41,0.59,0,21.15
cust_111976,82,E-commerce,netbanking,0.912,0.088,1,3.3
cust_111977,205,Edtech,card,0.8879,0.1121,1,14.02
cust_111978,230,Gaming,card,0.8701,0.1299,1,7.06
cust_111979,202,Edtech,card,0.4581,0.5419,2,15.32
cust_111980,3,Edtech,netbanking,0.9514,0.0486,0,4.74
cust_111981,77,Gaming,UPI,0.829,0.171,0,15.35
cust_111982,36,Financial Services,card,0.8869,0.1131,1,3.94
cust_111983,248,Edtech,UPI,0.7152,0.2848,0,10.25
cust_111984,304,Gaming,card,0.9615,0.0385,1,2.47
cust_111985,16,Edtech,UPI,0.8128,0.1872,0,8.05
cust_111986,17,Gaming,netbanking,0.5754,0.4246,1,5.97
cust_111987,52,Financial Services,card,0.787,0.213,0,4.21
cust_111988,51,Financial Services,card,0.8098,0.1902,0,12.68
cust_111989,341,Gaming,card,0.8574,0.1426,0,14.23
cust_111990,72,Financial Services,card,0.9295,0.0705,1,2.73
cust_111991,69,Gaming,UPI,0.7589,0.2411,1,4.24
cust_111992,76,Financial Services,card,0.9461,0.0539,0,12.42
cust_111993,90,Edtech,card,0.7046,0.2954,1,1.0
cust_111994,184,Edtech,card,0.7506,0.2494,1,2.5
cust_111995,210,Financial Services,UPI,0.8335,0.1665,0,8.02
cust_111996,106,E-commerce,UPI,0.8584,0.1416,0,0.69
cust_111997,79,E-commerce,netbanking,0.9557,0.0443,0,15.25
cust_111998,41,E-commerce,netbanking,0.9056,0.0944,0,4.39
cust_111999,144,E-commerce,card,0.877,0.123,0,0.6
